severity,category,sheet,row,detail,evidence
High,End before Start,Security Years 1-5,6,End 2026-07-01 < Start 2026-10-01,ITHC - DS OCD
High,End before Start,Service Management Years 1-5,179,End 2027-01-01 < Start 2027-04-01,Process & Policy Review
Medium,Contract Year vs block,Local Site Years 1-2,4,Row Contract Year=2 but block is 'Local Site - CONTRACT YEAR 1' (Year 1),Switch Maintenance
Medium,Contract Year vs block,Local Site Years 1-2,5,Row Contract Year=2 but block is 'Local Site - CONTRACT YEAR 1' (Year 1),Firewall Maintenance
Medium,Contract Year vs block,Local Site Years 1-2,6,Row Contract Year=2 but block is 'Local Site - CONTRACT YEAR 1' (Year 1),Black EUD Maintenance
Medium,Contract Year vs block,Local Site Years 1-2,7,Row Contract Year=2 but block is 'Local Site - CONTRACT YEAR 1' (Year 1),Red EUD Maintenance
Medium,Contract Year vs block,Local Site Years 1-2,9,Row Contract Year=2 but block is 'Local Site - CONTRACT YEAR 1' (Year 1),Switch Maintenance
Medium,Contract Year vs block,Local Site Years 1-2,10,Row Contract Year=2 but block is 'Local Site - CONTRACT YEAR 1' (Year 1),Firewall Maintenance
Medium,Contract Year vs block,Local Site Years 1-2,11,Row Contract Year=2 but block is 'Local Site - CONTRACT YEAR 1' (Year 1),Crypto Management
Medium,Contract Year vs block,Local Site Years 1-2,14,Row Contract Year=3 but block is 'Local Site - CONTRACT YEAR 1' (Year 1),Switch Maintenance
Medium,Contract Year vs block,Local Site Years 1-2,15,Row Contract Year=3 but block is 'Local Site - CONTRACT YEAR 1' (Year 1),Firewall Maintenance
Medium,Contract Year vs block,Local Site Years 1-2,16,Row Contract Year=3 but block is 'Local Site - CONTRACT YEAR 1' (Year 1),Black EUD Maintenance
Medium,Contract Year vs block,Local Site Years 1-2,17,Row Contract Year=3 but block is 'Local Site - CONTRACT YEAR 1' (Year 1),Red EUD Maintenance
Medium,Contract Year vs block,Local Site Years 1-2,19,Row Contract Year=3 but block is 'Local Site - CONTRACT YEAR 1' (Year 1),Switch Maintenance
Medium,Contract Year vs block,Local Site Years 1-2,20,Row Contract Year=3 but block is 'Local Site - CONTRACT YEAR 1' (Year 1),Firewall Maintenance
Medium,Contract Year vs block,Local Site Years 1-2,21,Row Contract Year=3 but block is 'Local Site - CONTRACT YEAR 1' (Year 1),Crypto Management
Medium,Contract Year vs block,STRATA Years 1-5,5,Row Contract Year=2 but block is 'STRATA - CONTRACT YEAR 1' (Year 1),Pre-Prod QA & Testing
Medium,Contract Year vs block,STRATA Years 1-5,6,Row Contract Year=3 but block is 'STRATA - CONTRACT YEAR 1' (Year 1),Pipeline Sustainment
Medium,Contract Year vs block,Security Years 1-5,81,Row Contract Year=4 but block is 'SECURITY - CONTRACT YEAR 5' (Year 5),ITHC - AIP on Site 2
Medium,Contract Year vs block,Security Years 1-5,82,Row Contract Year=4 but block is 'SECURITY - CONTRACT YEAR 5' (Year 5),ITHC - AIP on Site 3
Medium,Contract Year vs block,Security Years 1-5,83,Row Contract Year=4 but block is 'SECURITY - CONTRACT YEAR 5' (Year 5),ITHC - AIP on Site 1
Medium,Date stored as text,AIP on ACHE Site 1 Years 4-5,4,End Date is text '15/03/2030',Change Control - Beyond Trust
Medium,Date stored as text,AIP on ACHE Site 1 Years 4-5,5,End Date is text '15/03/2030',Change Control - Tenable
Medium,Date stored as text,AIP on ACHE Site 1 Years 4-5,6,End Date is text '15/03/2030',Change Control - Elastic Stack
Medium,Date stored as text,AIP on ACHE Site 1 Years 4-5,7,End Date is text '15/03/2030',Change Control - Vault
Medium,Date stored as text,AIP on ACHE Site 1 Years 4-5,8,End Date is text '15/03/2030',Change Control - Keycloak
Medium,Date stored as text,AIP on ACHE Site 1 Years 4-5,9,End Date is text '15/03/2030',Change Control - WAF
Medium,Date stored as text,AIP on ACHE Site 1 Years 4-5,10,End Date is text '15/03/2030',Change Control - GitLab
Medium,Date stored as text,AIP on ACHE Site 1 Years 4-5,11,End Date is text '15/03/2030',Change Control - Ansible Deployment Container
Medium,Date stored as text,AIP on ACHE Site 1 Years 4-5,12,End Date is text '15/03/2030',Change Control - Kubernetes Deployment Boxes
Medium,Date stored as text,AIP on ACHE Site 1 Years 4-5,13,End Date is text '15/03/2030',Change Control - PostgreSQL 
Medium,Date stored as text,AIP on ACHE Site 1 Years 4-5,14,End Date is text '15/03/2030',Impex - Beyond Trust
Medium,Date stored as text,AIP on ACHE Site 1 Years 4-5,15,End Date is text '15/03/2030',Impex - Tenable
Medium,Date stored as text,AIP on ACHE Site 1 Years 4-5,16,End Date is text '15/03/2030',Impex - Elastic Stack
Medium,Date stored as text,AIP on ACHE Site 1 Years 4-5,17,End Date is text '15/03/2030',Impex - Vault
Medium,Date stored as text,AIP on ACHE Site 1 Years 4-5,18,End Date is text '15/03/2030',Impex - Keycloak
Medium,Date stored as text,AIP on ACHE Site 1 Years 4-5,19,End Date is text '15/03/2030',Impex - WAF
Medium,Date stored as text,AIP on ACHE Site 1 Years 4-5,20,End Date is text '15/03/2030',Impex - GitLab
Medium,Date stored as text,AIP on ACHE Site 1 Years 4-5,21,End Date is text '15/03/2030',Impex - Ansible Deployment Container
Medium,Date stored as text,AIP on ACHE Site 1 Years 4-5,22,End Date is text '15/03/2030',Impex - Kubernetes Deployment Boxes
Medium,Date stored as text,AIP on ACHE Site 1 Years 4-5,23,End Date is text '15/03/2030',Impex Security Review - Beyond Trust
Medium,Date stored as text,AIP on ACHE Site 1 Years 4-5,24,End Date is text '15/03/2030',Impex Security Review - Tenable
Medium,Date stored as text,AIP on ACHE Site 1 Years 4-5,25,End Date is text '15/03/2030',Impex Security Review - Elastic Stack
Medium,Date stored as text,AIP on ACHE Site 1 Years 4-5,26,End Date is text '15/03/2030',Impex Security Review - Vault
Medium,Date stored as text,AIP on ACHE Site 1 Years 4-5,27,End Date is text '15/03/2030',Impex Security Review - Keycloak
Medium,Date stored as text,AIP on ACHE Site 1 Years 4-5,28,End Date is text '15/03/2030',Impex Security Review - WAF
Medium,Date stored as text,AIP on ACHE Site 1 Years 4-5,29,End Date is text '15/03/2030',Impex Security Review - GitLab
Medium,Date stored as text,AIP on ACHE Site 1 Years 4-5,30,End Date is text '15/03/2030',Impex Security Review - Ansible Deployment Container
Medium,Date stored as text,AIP on ACHE Site 1 Years 4-5,31,End Date is text '15/03/2030',Impex Security Review - Kubernetes Deployment Boxes
Medium,Date stored as text,AIP on ACHE Site 1 Years 4-5,32,End Date is text '15/03/2030',Deployment - Beyond Trust
Medium,Date stored as text,AIP on ACHE Site 1 Years 4-5,33,End Date is text '15/03/2030',Deployment - Tenable
Medium,Date stored as text,AIP on ACHE Site 1 Years 4-5,34,End Date is text '15/03/2030',Deployment - Elastic Stack
Medium,Date stored as text,AIP on ACHE Site 1 Years 4-5,35,End Date is text '15/03/2030',Deployment - Vault
Medium,Date stored as text,AIP on ACHE Site 1 Years 4-5,36,End Date is text '15/03/2030',Deployment - Keycloak
Medium,Date stored as text,AIP on ACHE Site 1 Years 4-5,37,End Date is text '15/03/2030',Deployment - WAF
Medium,Date stored as text,AIP on ACHE Site 1 Years 4-5,38,End Date is text '15/03/2030',Deployment - GitLab
Medium,Date stored as text,AIP on ACHE Site 1 Years 4-5,39,End Date is text '15/03/2030',Deployment - Ansible Deployment Container
Medium,Date stored as text,AIP on ACHE Site 1 Years 4-5,40,End Date is text '15/03/2030',Deployment - Kubernetes Deployment Boxes
Medium,Date stored as text,AIP on ACHE Site 1 Years 4-5,41,End Date is text '15/03/2030',Deployment - PostgreSQL
Medium,Date stored as text,AIP on ACHE Site 1 Years 4-5,42,End Date is text '01/03/2030',Deployment - Root CA
Medium,Date stored as text,AIP on ACHE Site 1 Years 4-5,43,End Date is text '15/03/2030',Post-Deployment Testing - Beyond Trust
Medium,Date stored as text,AIP on ACHE Site 1 Years 4-5,44,End Date is text '15/03/2030',Post-Deployment Testing - Tenable
Medium,Date stored as text,AIP on ACHE Site 1 Years 4-5,45,End Date is text '15/03/2030',Post-Deployment Testing - Elastic Stack
Medium,Date stored as text,AIP on ACHE Site 1 Years 4-5,46,End Date is text '15/03/2030',Post-Deployment Testing - Keycloak
Medium,Date stored as text,AIP on ACHE Site 1 Years 4-5,48,End Date is text '15/03/2030',Change Control - Beyond Trust
Medium,Date stored as text,AIP on ACHE Site 1 Years 4-5,49,End Date is text '15/03/2030',Change Control - Tenable
Medium,Date stored as text,AIP on ACHE Site 1 Years 4-5,50,End Date is text '15/03/2030',Change Control - Elastic Stack
Medium,Date stored as text,AIP on ACHE Site 1 Years 4-5,51,End Date is text '15/03/2030',Change Control - Vault
Medium,Date stored as text,AIP on ACHE Site 1 Years 4-5,52,End Date is text '15/03/2030',Change Control - Keycloak
Medium,Date stored as text,AIP on ACHE Site 1 Years 4-5,53,End Date is text '15/03/2030',Change Control - WAF
Medium,Date stored as text,AIP on ACHE Site 1 Years 4-5,54,End Date is text '15/03/2030',Change Control - GitLab
Medium,Date stored as text,AIP on ACHE Site 1 Years 4-5,55,End Date is text '15/03/2030',Change Control - Ansible Deployment Container
Medium,Date stored as text,AIP on ACHE Site 1 Years 4-5,56,End Date is text '15/03/2030',Change Control - Kubernetes Deployment Boxes
Medium,Date stored as text,AIP on ACHE Site 1 Years 4-5,57,End Date is text '15/03/2030',Change Control - PostgreSQL 
Medium,Date stored as text,AIP on ACHE Site 1 Years 4-5,58,End Date is text '15/03/2030',Impex - Beyond Trust
Medium,Date stored as text,AIP on ACHE Site 1 Years 4-5,59,End Date is text '15/03/2030',Impex - Tenable
Medium,Date stored as text,AIP on ACHE Site 1 Years 4-5,60,End Date is text '15/03/2030',Impex - Elastic Stack
Medium,Date stored as text,AIP on ACHE Site 1 Years 4-5,61,End Date is text '15/03/2030',Impex - Vault
Medium,Date stored as text,AIP on ACHE Site 1 Years 4-5,62,End Date is text '15/03/2030',Impex - Keycloak
Medium,Date stored as text,AIP on ACHE Site 1 Years 4-5,63,End Date is text '15/03/2030',Impex - WAF
Medium,Date stored as text,AIP on ACHE Site 1 Years 4-5,64,End Date is text '15/03/2030',Impex - GitLab
Medium,Date stored as text,AIP on ACHE Site 1 Years 4-5,65,End Date is text '15/03/2030',Impex - Ansible Deployment Container
Medium,Date stored as text,AIP on ACHE Site 1 Years 4-5,66,End Date is text '15/03/2030',Impex - Kubernetes Deployment Boxes
Medium,Date stored as text,AIP on ACHE Site 1 Years 4-5,67,End Date is text '15/03/2030',Impex Security Review - Beyond Trust
Medium,Date stored as text,AIP on ACHE Site 1 Years 4-5,68,End Date is text '15/03/2030',Impex Security Review - Tenable
Medium,Date stored as text,AIP on ACHE Site 1 Years 4-5,69,End Date is text '15/03/2030',Impex Security Review - Elastic Stack
Medium,Date stored as text,AIP on ACHE Site 1 Years 4-5,70,End Date is text '15/03/2030',Impex Security Review - Vault
Medium,Date stored as text,AIP on ACHE Site 1 Years 4-5,71,End Date is text '15/03/2030',Impex Security Review - Keycloak
Medium,Date stored as text,AIP on ACHE Site 1 Years 4-5,72,End Date is text '15/03/2030',Impex Security Review - WAF
Medium,Date stored as text,AIP on ACHE Site 1 Years 4-5,73,End Date is text '15/03/2030',Impex Security Review - GitLab
Medium,Date stored as text,AIP on ACHE Site 1 Years 4-5,74,End Date is text '15/03/2030',Impex Security Review - Ansible Deployment Container
Medium,Date stored as text,AIP on ACHE Site 1 Years 4-5,75,End Date is text '15/03/2030',Impex Security Review - Kubernetes Deployment Boxes
Medium,Date stored as text,AIP on ACHE Site 1 Years 4-5,76,End Date is text '15/03/2030',Deployment - Beyond Trust
Medium,Date stored as text,AIP on ACHE Site 1 Years 4-5,77,End Date is text '15/03/2030',Deployment - Tenable
Medium,Date stored as text,AIP on ACHE Site 1 Years 4-5,78,End Date is text '15/03/2030',Deployment - Elastic Stack
Medium,Date stored as text,AIP on ACHE Site 1 Years 4-5,79,End Date is text '15/03/2030',Deployment - Vault
Medium,Date stored as text,AIP on ACHE Site 1 Years 4-5,80,End Date is text '15/03/2030',Deployment - Keycloak
Medium,Date stored as text,AIP on ACHE Site 1 Years 4-5,81,End Date is text '15/03/2030',Deployment - WAF
Medium,Date stored as text,AIP on ACHE Site 1 Years 4-5,82,End Date is text '15/03/2030',Deployment - GitLab
Medium,Date stored as text,AIP on ACHE Site 1 Years 4-5,83,End Date is text '15/03/2030',Deployment - Ansible Deployment Container
Medium,Date stored as text,AIP on ACHE Site 1 Years 4-5,84,End Date is text '15/03/2030',Deployment - Kubernetes Deployment Boxes
Medium,Date stored as text,AIP on ACHE Site 1 Years 4-5,85,End Date is text '15/03/2030',Deployment - PostgreSQL
Medium,Date stored as text,AIP on ACHE Site 1 Years 4-5,86,End Date is text '01/03/2030',Deployment - Root CA
Medium,Date stored as text,AIP on ACHE Site 1 Years 4-5,87,End Date is text '15/03/2030',Post-Deployment Testing - Beyond Trust
Medium,Date stored as text,AIP on ACHE Site 1 Years 4-5,88,End Date is text '15/03/2030',Post-Deployment Testing - Tenable
Medium,Date stored as text,AIP on ACHE Site 1 Years 4-5,89,End Date is text '15/03/2030',Post-Deployment Testing - Elastic Stack
Medium,Date stored as text,AIP on ACHE Site 1 Years 4-5,90,End Date is text '15/03/2030',Post-Deployment Testing - Keycloak
Medium,Date stored as text,AIP on ACHE Site 1 Years 4-5,92,End Date is text '01/10/2029',Windows
Medium,Date stored as text,AIP on ACHE Site 1 Years 4-5,93,End Date is text '01/10/2029',Beyond Trust
Medium,Date stored as text,AIP on ACHE Site 1 Years 4-5,94,End Date is text '01/10/2029',Tenable
Medium,Date stored as text,AIP on ACHE Site 1 Years 4-5,95,End Date is text '01/10/2029',Elastic Stack
Medium,Date stored as text,AIP on ACHE Site 1 Years 4-5,96,End Date is text '01/10/2029',Vault
Medium,Date stored as text,AIP on ACHE Site 1 Years 4-5,97,End Date is text '01/10/2029',WAF
Medium,Date stored as text,AIP on ACHE Site 1 Years 4-5,98,End Date is text '01/10/2029',GitLab
Medium,Date stored as text,AIP on ACHE Site 1 Years 4-5,100,End Date is text '01/10/2029',Windows
Medium,Date stored as text,AIP on ACHE Site 1 Years 4-5,101,End Date is text '01/10/2029',Beyond Trust
Medium,Date stored as text,AIP on ACHE Site 1 Years 4-5,102,End Date is text '01/10/2029',Tenable
Medium,Date stored as text,AIP on ACHE Site 1 Years 4-5,103,End Date is text '01/10/2029',Elastic Stack
Medium,Date stored as text,AIP on ACHE Site 1 Years 4-5,104,End Date is text '01/10/2029',Vault
Medium,Date stored as text,AIP on ACHE Site 1 Years 4-5,105,End Date is text '01/10/2029',WAF
Medium,Date stored as text,AIP on ACHE Site 1 Years 4-5,106,End Date is text '01/10/2029',GitLab
Medium,Date stored as text,AIP on ACHE Site 1 Years 4-5,108,End Date is text '01/10/2029',Windows VMs
Medium,Date stored as text,AIP on ACHE Site 1 Years 4-5,109,End Date is text '01/10/2029',Linux VMs
Medium,Date stored as text,AIP on ACHE Site 1 Years 4-5,110,End Date is text '01/10/2029',Active Directory
Medium,Date stored as text,AIP on ACHE Site 1 Years 4-5,111,End Date is text '01/10/2029',ADFS
Medium,Date stored as text,AIP on ACHE Site 1 Years 4-5,112,End Date is text '01/10/2029',Beyond Trust
Medium,Date stored as text,AIP on ACHE Site 1 Years 4-5,113,End Date is text '01/10/2029',Tenable
Medium,Date stored as text,AIP on ACHE Site 1 Years 4-5,114,End Date is text '01/10/2029',Elastic Stack
Medium,Date stored as text,AIP on ACHE Site 1 Years 4-5,115,End Date is text '01/10/2029',Impex EUD
Medium,Date stored as text,AIP on ACHE Site 1 Years 4-5,116,End Date is text '01/10/2029',Vault
Medium,Date stored as text,AIP on ACHE Site 1 Years 4-5,117,End Date is text '01/10/2029',Keycloak
Medium,Date stored as text,AIP on ACHE Site 1 Years 4-5,118,End Date is text '01/10/2029',WAF
Medium,Date stored as text,AIP on ACHE Site 1 Years 4-5,119,End Date is text '01/10/2029',GitLab
Medium,Date stored as text,AIP on ACHE Site 1 Years 4-5,120,End Date is text '01/10/2029',Ansible Deployment Container
Medium,Date stored as text,AIP on ACHE Site 1 Years 4-5,121,End Date is text '01/10/2029',Kubernetes Deployment Boxes
Medium,Date stored as text,AIP on ACHE Site 1 Years 4-5,122,End Date is text '01/10/2029',PostgreSQL
Medium,Date stored as text,AIP on ACHE Site 1 Years 4-5,123,End Date is text '01/06/2029',Root CA
Medium,Date stored as text,AIP on ACHE Site 1 Years 4-5,124,End Date is text '01/06/2029',Issuing CA
Medium,Date stored as text,AIP on ACHE Site 1 Years 4-5,125,End Date is text '01/06/2029',Vault Issuing CA
Medium,Date stored as text,AIP on ACHE Site 1 Years 4-5,126,End Date is text '01/10/2029',BPS Gateway
Medium,Date stored as text,AIP on ACHE Site 1 Years 4-5,128,End Date is text '01/10/2029',Windows VMs
Medium,Date stored as text,AIP on ACHE Site 1 Years 4-5,129,End Date is text '01/10/2029',Linux VMs
Medium,Date stored as text,AIP on ACHE Site 1 Years 4-5,130,End Date is text '01/10/2029',Active Directory
Medium,Date stored as text,AIP on ACHE Site 1 Years 4-5,131,End Date is text '01/10/2029',ADFS
Medium,Date stored as text,AIP on ACHE Site 1 Years 4-5,132,End Date is text '01/10/2029',Beyond Trust
Medium,Date stored as text,AIP on ACHE Site 1 Years 4-5,133,End Date is text '01/10/2029',Tenable
Medium,Date stored as text,AIP on ACHE Site 1 Years 4-5,134,End Date is text '01/10/2029',Elastic Stack
Medium,Date stored as text,AIP on ACHE Site 1 Years 4-5,135,End Date is text '01/10/2029',Impex EUD
Medium,Date stored as text,AIP on ACHE Site 1 Years 4-5,136,End Date is text '01/10/2029',Vault
Medium,Date stored as text,AIP on ACHE Site 1 Years 4-5,137,End Date is text '01/10/2029',Keycloak
Medium,Date stored as text,AIP on ACHE Site 1 Years 4-5,138,End Date is text '01/10/2029',WAF
Medium,Date stored as text,AIP on ACHE Site 1 Years 4-5,139,End Date is text '01/10/2029',GitLab
Medium,Date stored as text,AIP on ACHE Site 1 Years 4-5,140,End Date is text '01/10/2029',Ansible Deployment Container
Medium,Date stored as text,AIP on ACHE Site 1 Years 4-5,141,End Date is text '01/10/2029',Kubernetes Deployment Boxes
Medium,Date stored as text,AIP on ACHE Site 1 Years 4-5,142,End Date is text '01/10/2029',PostgreSQL
Medium,Date stored as text,AIP on ACHE Site 1 Years 4-5,143,End Date is text '01/06/2029',Root CA
Medium,Date stored as text,AIP on ACHE Site 1 Years 4-5,144,End Date is text '01/06/2029',Issuing CA
Medium,Date stored as text,AIP on ACHE Site 1 Years 4-5,145,End Date is text '01/06/2029',Vault Issuing CA
Medium,Date stored as text,AIP on ACHE Site 1 Years 4-5,146,End Date is text '01/06/2029',BPS Gateway
Medium,Date stored as text,AIP on ACHE Site 1 Years 4-5,148,End Date is text '15/03/2030',Windows VMs
Medium,Date stored as text,AIP on ACHE Site 1 Years 4-5,149,End Date is text '15/03/2030',Linux VMs
Medium,Date stored as text,AIP on ACHE Site 1 Years 4-5,150,End Date is text '15/03/2030',Active Directory
Medium,Date stored as text,AIP on ACHE Site 1 Years 4-5,151,End Date is text '15/03/2030',ADFS
Medium,Date stored as text,AIP on ACHE Site 1 Years 4-5,152,End Date is text '15/03/2030',Beyond Trust
Medium,Date stored as text,AIP on ACHE Site 1 Years 4-5,153,End Date is text '15/03/2030',Tenable
Medium,Date stored as text,AIP on ACHE Site 1 Years 4-5,154,End Date is text '15/03/2030',Elastic Stack
Medium,Date stored as text,AIP on ACHE Site 1 Years 4-5,155,End Date is text '15/03/2030',Impex EUD
Medium,Date stored as text,AIP on ACHE Site 1 Years 4-5,156,End Date is text '15/03/2030',Vault
Medium,Date stored as text,AIP on ACHE Site 1 Years 4-5,157,End Date is text '15/03/2030',Keycloak
Medium,Date stored as text,AIP on ACHE Site 1 Years 4-5,158,End Date is text '15/03/2030',WAF
Medium,Date stored as text,AIP on ACHE Site 1 Years 4-5,159,End Date is text '15/03/2030',GitLab
Medium,Date stored as text,AIP on ACHE Site 1 Years 4-5,160,End Date is text '15/03/2030',Ansible Deployment Container
Medium,Date stored as text,AIP on ACHE Site 1 Years 4-5,161,End Date is text '15/03/2030',Kubernetes Deployment Boxes
Medium,Date stored as text,AIP on ACHE Site 1 Years 4-5,162,End Date is text '15/03/2030',PostgreSQL
Medium,Date stored as text,AIP on ACHE Site 1 Years 4-5,163,End Date is text '15/03/2030',Root CA
Medium,Date stored as text,AIP on ACHE Site 1 Years 4-5,164,End Date is text '15/03/2030',Issuing CA
Medium,Date stored as text,AIP on ACHE Site 1 Years 4-5,165,End Date is text '15/03/2030',Vault Issuing CA
Medium,Date stored as text,AIP on ACHE Site 1 Years 4-5,166,End Date is text '01/06/2029',BPS Gateway
Medium,Date stored as text,AIP on ACHE Site 1 Years 4-5,168,End Date is text '15/03/2030',Windows VMs
Medium,Date stored as text,AIP on ACHE Site 1 Years 4-5,169,End Date is text '15/03/2030',Linux VMs
Medium,Date stored as text,AIP on ACHE Site 1 Years 4-5,170,End Date is text '15/03/2030',Active Directory
Medium,Date stored as text,AIP on ACHE Site 1 Years 4-5,171,End Date is text '15/03/2030',ADFS
Medium,Date stored as text,AIP on ACHE Site 1 Years 4-5,172,End Date is text '15/03/2030',Beyond Trust
Medium,Date stored as text,AIP on ACHE Site 1 Years 4-5,173,End Date is text '15/03/2030',Tenable
Medium,Date stored as text,AIP on ACHE Site 1 Years 4-5,174,End Date is text '15/03/2030',Elastic Stack
Medium,Date stored as text,AIP on ACHE Site 1 Years 4-5,175,End Date is text '15/03/2030',Impex EUD
Medium,Date stored as text,AIP on ACHE Site 1 Years 4-5,176,End Date is text '15/03/2030',Vault
Medium,Date stored as text,AIP on ACHE Site 1 Years 4-5,177,End Date is text '15/03/2030',Keycloak
Medium,Date stored as text,AIP on ACHE Site 1 Years 4-5,178,End Date is text '15/03/2030',WAF
Medium,Date stored as text,AIP on ACHE Site 1 Years 4-5,179,End Date is text '15/03/2030',GitLab
Medium,Date stored as text,AIP on ACHE Site 1 Years 4-5,180,End Date is text '15/03/2030',Ansible Deployment Container
Medium,Date stored as text,AIP on ACHE Site 1 Years 4-5,181,End Date is text '15/03/2030',Kubernetes Deployment Boxes
Medium,Date stored as text,AIP on ACHE Site 1 Years 4-5,182,End Date is text '15/03/2030',PostgreSQL
Medium,Date stored as text,AIP on ACHE Site 1 Years 4-5,183,End Date is text '15/03/2030',Root CA
Medium,Date stored as text,AIP on ACHE Site 1 Years 4-5,184,End Date is text '15/03/2030',Issuing CA
Medium,Date stored as text,AIP on ACHE Site 1 Years 4-5,185,End Date is text '15/03/2030',Vault Issuing CA
Medium,Date stored as text,AIP on ACHE Site 1 Years 4-5,186,End Date is text '01/06/2029',BPS Gateway
Medium,Date stored as text,AIP on ACHE Site 1 Years 4-5,188,End Date is text '15/03/2030',Windows VMs
Medium,Date stored as text,AIP on ACHE Site 1 Years 4-5,189,End Date is text '15/03/2030',Linux VMs
Medium,Date stored as text,AIP on ACHE Site 1 Years 4-5,190,End Date is text '15/03/2030',Active Directory
Medium,Date stored as text,AIP on ACHE Site 1 Years 4-5,191,End Date is text '15/03/2030',ADFS
Medium,Date stored as text,AIP on ACHE Site 1 Years 4-5,192,End Date is text '15/03/2030',Beyond Trust
Medium,Date stored as text,AIP on ACHE Site 1 Years 4-5,193,End Date is text '15/03/2030',Tenable
Medium,Date stored as text,AIP on ACHE Site 1 Years 4-5,194,End Date is text '15/03/2030',Elastic Stack
Medium,Date stored as text,AIP on ACHE Site 1 Years 4-5,195,End Date is text '15/03/2030',Impex EUD
Medium,Date stored as text,AIP on ACHE Site 1 Years 4-5,196,End Date is text '15/03/2030',Vault
Medium,Date stored as text,AIP on ACHE Site 1 Years 4-5,197,End Date is text '15/03/2030',Keycloak
Medium,Date stored as text,AIP on ACHE Site 1 Years 4-5,198,End Date is text '15/03/2030',WAF
Medium,Date stored as text,AIP on ACHE Site 1 Years 4-5,199,End Date is text '15/03/2030',GitLab
Medium,Date stored as text,AIP on ACHE Site 1 Years 4-5,200,End Date is text '15/03/2030',Ansible Deployment Container
Medium,Date stored as text,AIP on ACHE Site 1 Years 4-5,201,End Date is text '15/03/2030',Kubernetes Deployment Boxes
Medium,Date stored as text,AIP on ACHE Site 1 Years 4-5,202,End Date is text '15/03/2030',PostgreSQL
Medium,Date stored as text,AIP on ACHE Site 1 Years 4-5,203,End Date is text '15/03/2030',Root CA
Medium,Date stored as text,AIP on ACHE Site 1 Years 4-5,204,End Date is text '15/03/2030',Issuing CA
Medium,Date stored as text,AIP on ACHE Site 1 Years 4-5,205,End Date is text '15/03/2030',Vault Issuing CA
Medium,Date stored as text,AIP on ACHE Site 1 Years 4-5,207,End Date is text '15/03/2030',Windows VMs
Medium,Date stored as text,AIP on ACHE Site 1 Years 4-5,208,End Date is text '15/03/2030',Linux VMs
Medium,Date stored as text,AIP on ACHE Site 1 Years 4-5,209,End Date is text '15/03/2030',Active Directory
Medium,Date stored as text,AIP on ACHE Site 1 Years 4-5,210,End Date is text '15/03/2030',ADFS
Medium,Date stored as text,AIP on ACHE Site 1 Years 4-5,211,End Date is text '15/03/2030',Beyond Trust
Medium,Date stored as text,AIP on ACHE Site 1 Years 4-5,212,End Date is text '15/03/2030',Tenable
Medium,Date stored as text,AIP on ACHE Site 1 Years 4-5,213,End Date is text '15/03/2030',Elastic Stack
Medium,Date stored as text,AIP on ACHE Site 1 Years 4-5,214,End Date is text '15/03/2030',Impex EUD
Medium,Date stored as text,AIP on ACHE Site 1 Years 4-5,215,End Date is text '15/03/2030',Vault
Medium,Date stored as text,AIP on ACHE Site 1 Years 4-5,216,End Date is text '15/03/2030',Keycloak
Medium,Date stored as text,AIP on ACHE Site 1 Years 4-5,217,End Date is text '15/03/2030',WAF
Medium,Date stored as text,AIP on ACHE Site 1 Years 4-5,218,End Date is text '15/03/2030',GitLab
Medium,Date stored as text,AIP on ACHE Site 1 Years 4-5,219,End Date is text '15/03/2030',Ansible Deployment Container
Medium,Date stored as text,AIP on ACHE Site 1 Years 4-5,220,End Date is text '15/03/2030',Kubernetes Deployment Boxes
Medium,Date stored as text,AIP on ACHE Site 1 Years 4-5,221,End Date is text '15/03/2030',PostgreSQL
Medium,Date stored as text,AIP on ACHE Site 1 Years 4-5,222,End Date is text '15/03/2030',Root CA
Medium,Date stored as text,AIP on ACHE Site 1 Years 4-5,223,End Date is text '15/03/2030',Issuing CA
Medium,Date stored as text,AIP on ACHE Site 1 Years 4-5,224,End Date is text '15/03/2030',Vault Issuing CA
Medium,Date stored as text,AIP on ACHE Site 1 Years 4-5,226,End Date is text '15/03/2030',Windows VMs
Medium,Date stored as text,AIP on ACHE Site 1 Years 4-5,227,End Date is text '15/03/2030',Linux VMs
Medium,Date stored as text,AIP on ACHE Site 1 Years 4-5,228,End Date is text '15/03/2030',Active Directory
Medium,Date stored as text,AIP on ACHE Site 1 Years 4-5,229,End Date is text '15/03/2030',ADFS
Medium,Date stored as text,AIP on ACHE Site 1 Years 4-5,230,End Date is text '15/03/2030',Beyond Trust
Medium,Date stored as text,AIP on ACHE Site 1 Years 4-5,231,End Date is text '15/03/2030',Tenable
Medium,Date stored as text,AIP on ACHE Site 1 Years 4-5,232,End Date is text '15/03/2030',Elastic Stack
Medium,Date stored as text,AIP on ACHE Site 1 Years 4-5,233,End Date is text '15/03/2030',Impex EUD
Medium,Date stored as text,AIP on ACHE Site 1 Years 4-5,234,End Date is text '15/03/2030',Vault
Medium,Date stored as text,AIP on ACHE Site 1 Years 4-5,235,End Date is text '15/03/2030',Keycloak
Medium,Date stored as text,AIP on ACHE Site 1 Years 4-5,236,End Date is text '15/03/2030',WAF
Medium,Date stored as text,AIP on ACHE Site 1 Years 4-5,237,End Date is text '15/03/2030',GitLab
Medium,Date stored as text,AIP on ACHE Site 1 Years 4-5,238,End Date is text '15/03/2030',Ansible Deployment Container
Medium,Date stored as text,AIP on ACHE Site 1 Years 4-5,239,End Date is text '15/03/2030',Kubernetes Deployment Boxes
Medium,Date stored as text,AIP on ACHE Site 1 Years 4-5,240,End Date is text '15/03/2030',PostgreSQL
Medium,Date stored as text,AIP on ACHE Site 1 Years 4-5,241,End Date is text '15/03/2030',Root CA
Medium,Date stored as text,AIP on ACHE Site 1 Years 4-5,242,End Date is text '15/03/2030',Issuing CA
Medium,Date stored as text,AIP on ACHE Site 1 Years 4-5,243,End Date is text '15/03/2030',Vault Issuing CA
Medium,Date stored as text,AIP on ACHE Site 1 Years 4-5,245,End Date is text '15/03/2030',Windows VMs
Medium,Date stored as text,AIP on ACHE Site 1 Years 4-5,246,End Date is text '15/03/2030',Linux VMs
Medium,Date stored as text,AIP on ACHE Site 1 Years 4-5,247,End Date is text '15/03/2030',Active Directory
Medium,Date stored as text,AIP on ACHE Site 1 Years 4-5,248,End Date is text '15/03/2030',ADFS
Medium,Date stored as text,AIP on ACHE Site 1 Years 4-5,249,End Date is text '15/03/2030',Beyond Trust
Medium,Date stored as text,AIP on ACHE Site 1 Years 4-5,250,End Date is text '15/03/2030',Tenable
Medium,Date stored as text,AIP on ACHE Site 1 Years 4-5,251,End Date is text '15/03/2030',Elastic Stack
Medium,Date stored as text,AIP on ACHE Site 1 Years 4-5,252,End Date is text '15/03/2030',Impex EUD
Medium,Date stored as text,AIP on ACHE Site 1 Years 4-5,253,End Date is text '15/03/2030',Vault
Medium,Date stored as text,AIP on ACHE Site 1 Years 4-5,254,End Date is text '15/03/2030',Keycloak
Medium,Date stored as text,AIP on ACHE Site 1 Years 4-5,255,End Date is text '15/03/2030',WAF
Medium,Date stored as text,AIP on ACHE Site 1 Years 4-5,256,End Date is text '15/03/2030',GitLab
Medium,Date stored as text,AIP on ACHE Site 1 Years 4-5,257,End Date is text '15/03/2030',Ansible Deployment Container
Medium,Date stored as text,AIP on ACHE Site 1 Years 4-5,258,End Date is text '15/03/2030',Kubernetes Deployment Boxes
Medium,Date stored as text,AIP on ACHE Site 1 Years 4-5,259,End Date is text '15/03/2030',PostgreSQL
Medium,Date stored as text,AIP on ACHE Site 1 Years 4-5,260,End Date is text '15/03/2030',Root CA
Medium,Date stored as text,AIP on ACHE Site 1 Years 4-5,261,End Date is text '15/03/2030',Issuing CA
Medium,Date stored as text,AIP on ACHE Site 1 Years 4-5,262,End Date is text '15/03/2030',Vault Issuing CA
Medium,Date stored as text,AIP on ACHE Site 1 Years 4-5,265,End Date is text '15/03/2031',Change Control - Beyond Trust
Medium,Date stored as text,AIP on ACHE Site 1 Years 4-5,266,End Date is text '15/03/2031',Change Control - Tenable
Medium,Date stored as text,AIP on ACHE Site 1 Years 4-5,267,End Date is text '15/03/2031',Change Control - Elastic Stack
Medium,Date stored as text,AIP on ACHE Site 1 Years 4-5,268,End Date is text '15/03/2031',Change Control - Vault
Medium,Date stored as text,AIP on ACHE Site 1 Years 4-5,269,End Date is text '15/03/2031',Change Control - Keycloak
Medium,Date stored as text,AIP on ACHE Site 1 Years 4-5,270,End Date is text '15/03/2031',Change Control - WAF
Medium,Date stored as text,AIP on ACHE Site 1 Years 4-5,271,End Date is text '15/03/2031',Change Control - GitLab
Medium,Date stored as text,AIP on ACHE Site 1 Years 4-5,272,End Date is text '15/03/2031',Change Control - Ansible Deployment Container
Medium,Date stored as text,AIP on ACHE Site 1 Years 4-5,273,End Date is text '15/03/2031',Change Control - Kubernetes Deployment Boxes
Medium,Date stored as text,AIP on ACHE Site 1 Years 4-5,274,End Date is text '15/03/2031',Change Control - PostgreSQL 
Medium,Date stored as text,AIP on ACHE Site 1 Years 4-5,275,End Date is text '15/03/2031',Impex - Beyond Trust
Medium,Date stored as text,AIP on ACHE Site 1 Years 4-5,276,End Date is text '15/03/2031',Impex - Tenable
Medium,Date stored as text,AIP on ACHE Site 1 Years 4-5,277,End Date is text '15/03/2031',Impex - Elastic Stack
Medium,Date stored as text,AIP on ACHE Site 1 Years 4-5,278,End Date is text '15/03/2031',Impex - Vault
Medium,Date stored as text,AIP on ACHE Site 1 Years 4-5,279,End Date is text '15/03/2031',Impex - Keycloak
Medium,Date stored as text,AIP on ACHE Site 1 Years 4-5,280,End Date is text '15/03/2031',Impex - WAF
Medium,Date stored as text,AIP on ACHE Site 1 Years 4-5,281,End Date is text '15/03/2031',Impex - GitLab
Medium,Date stored as text,AIP on ACHE Site 1 Years 4-5,282,End Date is text '15/03/2031',Impex - Ansible Deployment Container
Medium,Date stored as text,AIP on ACHE Site 1 Years 4-5,283,End Date is text '15/03/2031',Impex - Kubernetes Deployment Boxes
Medium,Date stored as text,AIP on ACHE Site 1 Years 4-5,284,End Date is text '15/03/2031',Impex Security Review - Beyond Trust
Medium,Date stored as text,AIP on ACHE Site 1 Years 4-5,285,End Date is text '15/03/2031',Impex Security Review - Tenable
Medium,Date stored as text,AIP on ACHE Site 1 Years 4-5,286,End Date is text '15/03/2031',Impex Security Review - Elastic Stack
Medium,Date stored as text,AIP on ACHE Site 1 Years 4-5,287,End Date is text '15/03/2031',Impex Security Review - Vault
Medium,Date stored as text,AIP on ACHE Site 1 Years 4-5,288,End Date is text '15/03/2031',Impex Security Review - Keycloak
Medium,Date stored as text,AIP on ACHE Site 1 Years 4-5,289,End Date is text '15/03/2031',Impex Security Review - WAF
Medium,Date stored as text,AIP on ACHE Site 1 Years 4-5,290,End Date is text '15/03/2031',Impex Security Review - GitLab
Medium,Date stored as text,AIP on ACHE Site 1 Years 4-5,291,End Date is text '15/03/2031',Impex Security Review - Ansible Deployment Container
Medium,Date stored as text,AIP on ACHE Site 1 Years 4-5,292,End Date is text '15/03/2031',Impex Security Review - Kubernetes Deployment Boxes
Medium,Date stored as text,AIP on ACHE Site 1 Years 4-5,293,End Date is text '15/03/2031',Deployment - Beyond Trust
Medium,Date stored as text,AIP on ACHE Site 1 Years 4-5,294,End Date is text '15/03/2031',Deployment - Tenable
Medium,Date stored as text,AIP on ACHE Site 1 Years 4-5,295,End Date is text '15/03/2031',Deployment - Elastic Stack
Medium,Date stored as text,AIP on ACHE Site 1 Years 4-5,296,End Date is text '15/03/2031',Deployment - Vault
Medium,Date stored as text,AIP on ACHE Site 1 Years 4-5,297,End Date is text '15/03/2031',Deployment - Keycloak
Medium,Date stored as text,AIP on ACHE Site 1 Years 4-5,298,End Date is text '15/03/2031',Deployment - WAF
Medium,Date stored as text,AIP on ACHE Site 1 Years 4-5,299,End Date is text '15/03/2031',Deployment - GitLab
Medium,Date stored as text,AIP on ACHE Site 1 Years 4-5,300,End Date is text '15/03/2031',Deployment - Ansible Deployment Container
Medium,Date stored as text,AIP on ACHE Site 1 Years 4-5,301,End Date is text '15/03/2031',Deployment - Kubernetes Deployment Boxes
Medium,Date stored as text,AIP on ACHE Site 1 Years 4-5,302,End Date is text '15/03/2031',Deployment - PostgreSQL
Medium,Date stored as text,AIP on ACHE Site 1 Years 4-5,303,End Date is text '01/03/2031',Deployment - Root CA
Medium,Date stored as text,AIP on ACHE Site 1 Years 4-5,304,End Date is text '15/03/2031',Post-Deployment Testing - Beyond Trust
Medium,Date stored as text,AIP on ACHE Site 1 Years 4-5,305,End Date is text '15/03/2031',Post-Deployment Testing - Tenable
Medium,Date stored as text,AIP on ACHE Site 1 Years 4-5,306,End Date is text '15/03/2031',Post-Deployment Testing - Elastic Stack
Medium,Date stored as text,AIP on ACHE Site 1 Years 4-5,307,End Date is text '15/03/2031',Post-Deployment Testing - Keycloak
Medium,Date stored as text,AIP on ACHE Site 1 Years 4-5,309,End Date is text '15/03/2031',Change Control - Beyond Trust
Medium,Date stored as text,AIP on ACHE Site 1 Years 4-5,310,End Date is text '15/03/2031',Change Control - Tenable
Medium,Date stored as text,AIP on ACHE Site 1 Years 4-5,311,End Date is text '15/03/2031',Change Control - Elastic Stack
Medium,Date stored as text,AIP on ACHE Site 1 Years 4-5,312,End Date is text '15/03/2031',Change Control - Vault
Medium,Date stored as text,AIP on ACHE Site 1 Years 4-5,313,End Date is text '15/03/2031',Change Control - Keycloak
Medium,Date stored as text,AIP on ACHE Site 1 Years 4-5,314,End Date is text '15/03/2031',Change Control - WAF
Medium,Date stored as text,AIP on ACHE Site 1 Years 4-5,315,End Date is text '15/03/2031',Change Control - GitLab
Medium,Date stored as text,AIP on ACHE Site 1 Years 4-5,316,End Date is text '15/03/2031',Change Control - Ansible Deployment Container
Medium,Date stored as text,AIP on ACHE Site 1 Years 4-5,317,End Date is text '15/03/2031',Change Control - Kubernetes Deployment Boxes
Medium,Date stored as text,AIP on ACHE Site 1 Years 4-5,318,End Date is text '15/03/2031',Change Control - PostgreSQL 
Medium,Date stored as text,AIP on ACHE Site 1 Years 4-5,319,End Date is text '15/03/2031',Impex - Beyond Trust
Medium,Date stored as text,AIP on ACHE Site 1 Years 4-5,320,End Date is text '15/03/2031',Impex - Tenable
Medium,Date stored as text,AIP on ACHE Site 1 Years 4-5,321,End Date is text '15/03/2031',Impex - Elastic Stack
Medium,Date stored as text,AIP on ACHE Site 1 Years 4-5,322,End Date is text '15/03/2031',Impex - Vault
Medium,Date stored as text,AIP on ACHE Site 1 Years 4-5,323,End Date is text '15/03/2031',Impex - Keycloak
Medium,Date stored as text,AIP on ACHE Site 1 Years 4-5,324,End Date is text '15/03/2031',Impex - WAF
Medium,Date stored as text,AIP on ACHE Site 1 Years 4-5,325,End Date is text '15/03/2031',Impex - GitLab
Medium,Date stored as text,AIP on ACHE Site 1 Years 4-5,326,End Date is text '15/03/2031',Impex - Ansible Deployment Container
Medium,Date stored as text,AIP on ACHE Site 1 Years 4-5,327,End Date is text '15/03/2031',Impex - Kubernetes Deployment Boxes
Medium,Date stored as text,AIP on ACHE Site 1 Years 4-5,328,End Date is text '15/03/2031',Impex Security Review - Beyond Trust
Medium,Date stored as text,AIP on ACHE Site 1 Years 4-5,329,End Date is text '15/03/2031',Impex Security Review - Tenable
Medium,Date stored as text,AIP on ACHE Site 1 Years 4-5,330,End Date is text '15/03/2031',Impex Security Review - Elastic Stack
Medium,Date stored as text,AIP on ACHE Site 1 Years 4-5,331,End Date is text '15/03/2031',Impex Security Review - Vault
Medium,Date stored as text,AIP on ACHE Site 1 Years 4-5,332,End Date is text '15/03/2031',Impex Security Review - Keycloak
Medium,Date stored as text,AIP on ACHE Site 1 Years 4-5,333,End Date is text '15/03/2031',Impex Security Review - WAF
Medium,Date stored as text,AIP on ACHE Site 1 Years 4-5,334,End Date is text '15/03/2031',Impex Security Review - GitLab
Medium,Date stored as text,AIP on ACHE Site 1 Years 4-5,335,End Date is text '15/03/2031',Impex Security Review - Ansible Deployment Container
Medium,Date stored as text,AIP on ACHE Site 1 Years 4-5,336,End Date is text '15/03/2031',Impex Security Review - Kubernetes Deployment Boxes
Medium,Date stored as text,AIP on ACHE Site 1 Years 4-5,337,End Date is text '15/03/2031',Deployment - Beyond Trust
Medium,Date stored as text,AIP on ACHE Site 1 Years 4-5,338,End Date is text '15/03/2031',Deployment - Tenable
Medium,Date stored as text,AIP on ACHE Site 1 Years 4-5,339,End Date is text '15/03/2031',Deployment - Elastic Stack
Medium,Date stored as text,AIP on ACHE Site 1 Years 4-5,340,End Date is text '15/03/2031',Deployment - Vault
Medium,Date stored as text,AIP on ACHE Site 1 Years 4-5,341,End Date is text '15/03/2031',Deployment - Keycloak
Medium,Date stored as text,AIP on ACHE Site 1 Years 4-5,342,End Date is text '15/03/2031',Deployment - WAF
Medium,Date stored as text,AIP on ACHE Site 1 Years 4-5,343,End Date is text '15/03/2031',Deployment - GitLab
Medium,Date stored as text,AIP on ACHE Site 1 Years 4-5,344,End Date is text '15/03/2031',Deployment - Ansible Deployment Container
Medium,Date stored as text,AIP on ACHE Site 1 Years 4-5,345,End Date is text '15/03/2031',Deployment - Kubernetes Deployment Boxes
Medium,Date stored as text,AIP on ACHE Site 1 Years 4-5,346,End Date is text '15/03/2031',Deployment - PostgreSQL
Medium,Date stored as text,AIP on ACHE Site 1 Years 4-5,347,End Date is text '01/03/2031',Deployment - Root CA
Medium,Date stored as text,AIP on ACHE Site 1 Years 4-5,348,End Date is text '15/03/2031',Post-Deployment Testing - Beyond Trust
Medium,Date stored as text,AIP on ACHE Site 1 Years 4-5,349,End Date is text '15/03/2031',Post-Deployment Testing - Tenable
Medium,Date stored as text,AIP on ACHE Site 1 Years 4-5,350,End Date is text '15/03/2031',Post-Deployment Testing - Elastic Stack
Medium,Date stored as text,AIP on ACHE Site 1 Years 4-5,351,End Date is text '15/03/2031',Post-Deployment Testing - Keycloak
Medium,Date stored as text,AIP on ACHE Site 1 Years 4-5,353,End Date is text '01/10/2030',Windows
Medium,Date stored as text,AIP on ACHE Site 1 Years 4-5,354,End Date is text '01/10/2030',Beyond Trust
Medium,Date stored as text,AIP on ACHE Site 1 Years 4-5,355,End Date is text '01/10/2030',Tenable
Medium,Date stored as text,AIP on ACHE Site 1 Years 4-5,356,End Date is text '01/10/2030',Elastic Stack
Medium,Date stored as text,AIP on ACHE Site 1 Years 4-5,357,End Date is text '01/10/2030',Vault
Medium,Date stored as text,AIP on ACHE Site 1 Years 4-5,358,End Date is text '01/10/2030',WAF
Medium,Date stored as text,AIP on ACHE Site 1 Years 4-5,359,End Date is text '01/10/2030',GitLab
Medium,Date stored as text,AIP on ACHE Site 1 Years 4-5,361,End Date is text '01/10/2030',Windows
Medium,Date stored as text,AIP on ACHE Site 1 Years 4-5,362,End Date is text '01/10/2030',Beyond Trust
Medium,Date stored as text,AIP on ACHE Site 1 Years 4-5,363,End Date is text '01/10/2030',Tenable
Medium,Date stored as text,AIP on ACHE Site 1 Years 4-5,364,End Date is text '01/10/2030',Elastic Stack
Medium,Date stored as text,AIP on ACHE Site 1 Years 4-5,365,End Date is text '01/10/2030',Vault
Medium,Date stored as text,AIP on ACHE Site 1 Years 4-5,366,End Date is text '01/10/2030',WAF
Medium,Date stored as text,AIP on ACHE Site 1 Years 4-5,367,End Date is text '01/10/2030',GitLab
Medium,Date stored as text,AIP on ACHE Site 1 Years 4-5,369,End Date is text '01/10/2030',Windows VMs
Medium,Date stored as text,AIP on ACHE Site 1 Years 4-5,370,End Date is text '01/10/2030',Linux VMs
Medium,Date stored as text,AIP on ACHE Site 1 Years 4-5,371,End Date is text '01/10/2030',Active Directory
Medium,Date stored as text,AIP on ACHE Site 1 Years 4-5,372,End Date is text '01/10/2030',ADFS
Medium,Date stored as text,AIP on ACHE Site 1 Years 4-5,373,End Date is text '01/10/2030',Beyond Trust
Medium,Date stored as text,AIP on ACHE Site 1 Years 4-5,374,End Date is text '01/10/2030',Tenable
Medium,Date stored as text,AIP on ACHE Site 1 Years 4-5,375,End Date is text '01/10/2030',Elastic Stack
Medium,Date stored as text,AIP on ACHE Site 1 Years 4-5,376,End Date is text '01/10/2030',Impex EUD
Medium,Date stored as text,AIP on ACHE Site 1 Years 4-5,377,End Date is text '01/10/2030',Vault
Medium,Date stored as text,AIP on ACHE Site 1 Years 4-5,378,End Date is text '01/10/2030',Keycloak
Medium,Date stored as text,AIP on ACHE Site 1 Years 4-5,379,End Date is text '01/10/2030',WAF
Medium,Date stored as text,AIP on ACHE Site 1 Years 4-5,380,End Date is text '01/10/2030',GitLab
Medium,Date stored as text,AIP on ACHE Site 1 Years 4-5,381,End Date is text '01/10/2030',Ansible Deployment Container
Medium,Date stored as text,AIP on ACHE Site 1 Years 4-5,382,End Date is text '01/10/2030',Kubernetes Deployment Boxes
Medium,Date stored as text,AIP on ACHE Site 1 Years 4-5,383,End Date is text '01/10/2030',PostgreSQL
Medium,Date stored as text,AIP on ACHE Site 1 Years 4-5,384,End Date is text '01/04/2030',Root CA
Medium,Date stored as text,AIP on ACHE Site 1 Years 4-5,385,End Date is text '01/04/2030',Issuing CA
Medium,Date stored as text,AIP on ACHE Site 1 Years 4-5,386,End Date is text '01/04/2030',Vault Issuing CA
Medium,Date stored as text,AIP on ACHE Site 1 Years 4-5,387,End Date is text '01/10/2030',BPS Gateway
Medium,Date stored as text,AIP on ACHE Site 1 Years 4-5,389,End Date is text '01/10/2030',Windows VMs
Medium,Date stored as text,AIP on ACHE Site 1 Years 4-5,390,End Date is text '01/10/2030',Linux VMs
Medium,Date stored as text,AIP on ACHE Site 1 Years 4-5,391,End Date is text '01/10/2030',Active Directory
Medium,Date stored as text,AIP on ACHE Site 1 Years 4-5,392,End Date is text '01/10/2030',ADFS
Medium,Date stored as text,AIP on ACHE Site 1 Years 4-5,393,End Date is text '01/10/2030',Beyond Trust
Medium,Date stored as text,AIP on ACHE Site 1 Years 4-5,394,End Date is text '01/10/2030',Tenable
Medium,Date stored as text,AIP on ACHE Site 1 Years 4-5,395,End Date is text '01/10/2030',Elastic Stack
Medium,Date stored as text,AIP on ACHE Site 1 Years 4-5,396,End Date is text '01/10/2030',Impex EUD
Medium,Date stored as text,AIP on ACHE Site 1 Years 4-5,397,End Date is text '01/10/2030',Vault
Medium,Date stored as text,AIP on ACHE Site 1 Years 4-5,398,End Date is text '01/10/2030',Keycloak
Medium,Date stored as text,AIP on ACHE Site 1 Years 4-5,399,End Date is text '01/10/2030',WAF
Medium,Date stored as text,AIP on ACHE Site 1 Years 4-5,400,End Date is text '01/10/2030',GitLab
Medium,Date stored as text,AIP on ACHE Site 1 Years 4-5,401,End Date is text '01/10/2030',Ansible Deployment Container
Medium,Date stored as text,AIP on ACHE Site 1 Years 4-5,402,End Date is text '01/10/2030',Kubernetes Deployment Boxes
Medium,Date stored as text,AIP on ACHE Site 1 Years 4-5,403,End Date is text '01/10/2030',PostgreSQL
Medium,Date stored as text,AIP on ACHE Site 1 Years 4-5,404,End Date is text '01/04/2030',Root CA
Medium,Date stored as text,AIP on ACHE Site 1 Years 4-5,405,End Date is text '01/04/2030',Issuing CA
Medium,Date stored as text,AIP on ACHE Site 1 Years 4-5,406,End Date is text '01/04/2030',Vault Issuing CA
Medium,Date stored as text,AIP on ACHE Site 1 Years 4-5,407,End Date is text '01/04/2030',BPS Gateway
Medium,Date stored as text,AIP on ACHE Site 1 Years 4-5,409,End Date is text '15/03/2031',Windows VMs
Medium,Date stored as text,AIP on ACHE Site 1 Years 4-5,410,End Date is text '15/03/2031',Linux VMs
Medium,Date stored as text,AIP on ACHE Site 1 Years 4-5,411,End Date is text '15/03/2031',Active Directory
Medium,Date stored as text,AIP on ACHE Site 1 Years 4-5,412,End Date is text '15/03/2031',ADFS
Medium,Date stored as text,AIP on ACHE Site 1 Years 4-5,413,End Date is text '15/03/2031',Beyond Trust
Medium,Date stored as text,AIP on ACHE Site 1 Years 4-5,414,End Date is text '15/03/2031',Tenable
Medium,Date stored as text,AIP on ACHE Site 1 Years 4-5,415,End Date is text '15/03/2031',Elastic Stack
Medium,Date stored as text,AIP on ACHE Site 1 Years 4-5,416,End Date is text '15/03/2031',Impex EUD
Medium,Date stored as text,AIP on ACHE Site 1 Years 4-5,417,End Date is text '15/03/2031',Vault
Medium,Date stored as text,AIP on ACHE Site 1 Years 4-5,418,End Date is text '15/03/2031',Keycloak
Medium,Date stored as text,AIP on ACHE Site 1 Years 4-5,419,End Date is text '15/03/2031',WAF
Medium,Date stored as text,AIP on ACHE Site 1 Years 4-5,420,End Date is text '15/03/2031',GitLab
Medium,Date stored as text,AIP on ACHE Site 1 Years 4-5,421,End Date is text '15/03/2031',Ansible Deployment Container
Medium,Date stored as text,AIP on ACHE Site 1 Years 4-5,422,End Date is text '15/03/2031',Kubernetes Deployment Boxes
Medium,Date stored as text,AIP on ACHE Site 1 Years 4-5,423,End Date is text '15/03/2031',PostgreSQL
Medium,Date stored as text,AIP on ACHE Site 1 Years 4-5,424,End Date is text '15/03/2031',Root CA
Medium,Date stored as text,AIP on ACHE Site 1 Years 4-5,425,End Date is text '15/03/2031',Issuing CA
Medium,Date stored as text,AIP on ACHE Site 1 Years 4-5,426,End Date is text '15/03/2031',Vault Issuing CA
Medium,Date stored as text,AIP on ACHE Site 1 Years 4-5,427,End Date is text '01/04/2030',BPS Gateway
Medium,Date stored as text,AIP on ACHE Site 1 Years 4-5,429,End Date is text '15/03/2031',Windows VMs
Medium,Date stored as text,AIP on ACHE Site 1 Years 4-5,430,End Date is text '15/03/2031',Linux VMs
Medium,Date stored as text,AIP on ACHE Site 1 Years 4-5,431,End Date is text '15/03/2031',Active Directory
Medium,Date stored as text,AIP on ACHE Site 1 Years 4-5,432,End Date is text '15/03/2031',ADFS
Medium,Date stored as text,AIP on ACHE Site 1 Years 4-5,433,End Date is text '15/03/2031',Beyond Trust
Medium,Date stored as text,AIP on ACHE Site 1 Years 4-5,434,End Date is text '15/03/2031',Tenable
Medium,Date stored as text,AIP on ACHE Site 1 Years 4-5,435,End Date is text '15/03/2031',Elastic Stack
Medium,Date stored as text,AIP on ACHE Site 1 Years 4-5,436,End Date is text '15/03/2031',Impex EUD
Medium,Date stored as text,AIP on ACHE Site 1 Years 4-5,437,End Date is text '15/03/2031',Vault
Medium,Date stored as text,AIP on ACHE Site 1 Years 4-5,438,End Date is text '15/03/2031',Keycloak
Medium,Date stored as text,AIP on ACHE Site 1 Years 4-5,439,End Date is text '15/03/2031',WAF
Medium,Date stored as text,AIP on ACHE Site 1 Years 4-5,440,End Date is text '15/03/2031',GitLab
Medium,Date stored as text,AIP on ACHE Site 1 Years 4-5,441,End Date is text '15/03/2031',Ansible Deployment Container
Medium,Date stored as text,AIP on ACHE Site 1 Years 4-5,442,End Date is text '15/03/2031',Kubernetes Deployment Boxes
Medium,Date stored as text,AIP on ACHE Site 1 Years 4-5,443,End Date is text '15/03/2031',PostgreSQL
Medium,Date stored as text,AIP on ACHE Site 1 Years 4-5,444,End Date is text '15/03/2031',Root CA
Medium,Date stored as text,AIP on ACHE Site 1 Years 4-5,445,End Date is text '15/03/2031',Issuing CA
Medium,Date stored as text,AIP on ACHE Site 1 Years 4-5,446,End Date is text '15/03/2031',Vault Issuing CA
Medium,Date stored as text,AIP on ACHE Site 1 Years 4-5,447,End Date is text '01/04/2030',BPS Gateway
Medium,Date stored as text,AIP on ACHE Site 1 Years 4-5,449,End Date is text '15/03/2031',Windows VMs
Medium,Date stored as text,AIP on ACHE Site 1 Years 4-5,450,End Date is text '15/03/2031',Linux VMs
Medium,Date stored as text,AIP on ACHE Site 1 Years 4-5,451,End Date is text '15/03/2031',Active Directory
Medium,Date stored as text,AIP on ACHE Site 1 Years 4-5,452,End Date is text '15/03/2031',ADFS
Medium,Date stored as text,AIP on ACHE Site 1 Years 4-5,453,End Date is text '15/03/2031',Beyond Trust
Medium,Date stored as text,AIP on ACHE Site 1 Years 4-5,454,End Date is text '15/03/2031',Tenable
Medium,Date stored as text,AIP on ACHE Site 1 Years 4-5,455,End Date is text '15/03/2031',Elastic Stack
Medium,Date stored as text,AIP on ACHE Site 1 Years 4-5,456,End Date is text '15/03/2031',Impex EUD
Medium,Date stored as text,AIP on ACHE Site 1 Years 4-5,457,End Date is text '15/03/2031',Vault
Medium,Date stored as text,AIP on ACHE Site 1 Years 4-5,458,End Date is text '15/03/2031',Keycloak
Medium,Date stored as text,AIP on ACHE Site 1 Years 4-5,459,End Date is text '15/03/2031',WAF
Medium,Date stored as text,AIP on ACHE Site 1 Years 4-5,460,End Date is text '15/03/2031',GitLab
Medium,Date stored as text,AIP on ACHE Site 1 Years 4-5,461,End Date is text '15/03/2031',Ansible Deployment Container
Medium,Date stored as text,AIP on ACHE Site 1 Years 4-5,462,End Date is text '15/03/2031',Kubernetes Deployment Boxes
Medium,Date stored as text,AIP on ACHE Site 1 Years 4-5,463,End Date is text '15/03/2031',PostgreSQL
Medium,Date stored as text,AIP on ACHE Site 1 Years 4-5,464,End Date is text '15/03/2031',Root CA
Medium,Date stored as text,AIP on ACHE Site 1 Years 4-5,465,End Date is text '15/03/2031',Issuing CA
Medium,Date stored as text,AIP on ACHE Site 1 Years 4-5,466,End Date is text '15/03/2031',Vault Issuing CA
Medium,Date stored as text,AIP on ACHE Site 1 Years 4-5,468,End Date is text '15/03/2031',Windows VMs
Medium,Date stored as text,AIP on ACHE Site 1 Years 4-5,469,End Date is text '15/03/2031',Linux VMs
Medium,Date stored as text,AIP on ACHE Site 1 Years 4-5,470,End Date is text '15/03/2031',Active Directory
Medium,Date stored as text,AIP on ACHE Site 1 Years 4-5,471,End Date is text '15/03/2031',ADFS
Medium,Date stored as text,AIP on ACHE Site 1 Years 4-5,472,End Date is text '15/03/2031',Beyond Trust
Medium,Date stored as text,AIP on ACHE Site 1 Years 4-5,473,End Date is text '15/03/2031',Tenable
Medium,Date stored as text,AIP on ACHE Site 1 Years 4-5,474,End Date is text '15/03/2031',Elastic Stack
Medium,Date stored as text,AIP on ACHE Site 1 Years 4-5,475,End Date is text '15/03/2031',Impex EUD
Medium,Date stored as text,AIP on ACHE Site 1 Years 4-5,476,End Date is text '15/03/2031',Vault
Medium,Date stored as text,AIP on ACHE Site 1 Years 4-5,477,End Date is text '15/03/2031',Keycloak
Medium,Date stored as text,AIP on ACHE Site 1 Years 4-5,478,End Date is text '15/03/2031',WAF
Medium,Date stored as text,AIP on ACHE Site 1 Years 4-5,479,End Date is text '15/03/2031',GitLab
Medium,Date stored as text,AIP on ACHE Site 1 Years 4-5,480,End Date is text '15/03/2031',Ansible Deployment Container
Medium,Date stored as text,AIP on ACHE Site 1 Years 4-5,481,End Date is text '15/03/2031',Kubernetes Deployment Boxes
Medium,Date stored as text,AIP on ACHE Site 1 Years 4-5,482,End Date is text '15/03/2031',PostgreSQL
Medium,Date stored as text,AIP on ACHE Site 1 Years 4-5,483,End Date is text '15/03/2031',Root CA
Medium,Date stored as text,AIP on ACHE Site 1 Years 4-5,484,End Date is text '15/03/2031',Issuing CA
Medium,Date stored as text,AIP on ACHE Site 1 Years 4-5,485,End Date is text '15/03/2031',Vault Issuing CA
Medium,Date stored as text,AIP on ACHE Site 1 Years 4-5,487,End Date is text '15/03/2031',Windows VMs
Medium,Date stored as text,AIP on ACHE Site 1 Years 4-5,488,End Date is text '15/03/2031',Linux VMs
Medium,Date stored as text,AIP on ACHE Site 1 Years 4-5,489,End Date is text '15/03/2031',Active Directory
Medium,Date stored as text,AIP on ACHE Site 1 Years 4-5,490,End Date is text '15/03/2031',ADFS
Medium,Date stored as text,AIP on ACHE Site 1 Years 4-5,491,End Date is text '15/03/2031',Beyond Trust
Medium,Date stored as text,AIP on ACHE Site 1 Years 4-5,492,End Date is text '15/03/2031',Tenable
Medium,Date stored as text,AIP on ACHE Site 1 Years 4-5,493,End Date is text '15/03/2031',Elastic Stack
Medium,Date stored as text,AIP on ACHE Site 1 Years 4-5,494,End Date is text '15/03/2031',Impex EUD
Medium,Date stored as text,AIP on ACHE Site 1 Years 4-5,495,End Date is text '15/03/2031',Vault
Medium,Date stored as text,AIP on ACHE Site 1 Years 4-5,496,End Date is text '15/03/2031',Keycloak
Medium,Date stored as text,AIP on ACHE Site 1 Years 4-5,497,End Date is text '15/03/2031',WAF
Medium,Date stored as text,AIP on ACHE Site 1 Years 4-5,498,End Date is text '15/03/2031',GitLab
Medium,Date stored as text,AIP on ACHE Site 1 Years 4-5,499,End Date is text '15/03/2031',Ansible Deployment Container
Medium,Date stored as text,AIP on ACHE Site 1 Years 4-5,500,End Date is text '15/03/2031',Kubernetes Deployment Boxes
Medium,Date stored as text,AIP on ACHE Site 1 Years 4-5,501,End Date is text '15/03/2031',PostgreSQL
Medium,Date stored as text,AIP on ACHE Site 1 Years 4-5,502,End Date is text '15/03/2031',Root CA
Medium,Date stored as text,AIP on ACHE Site 1 Years 4-5,503,End Date is text '15/03/2031',Issuing CA
Medium,Date stored as text,AIP on ACHE Site 1 Years 4-5,504,End Date is text '15/03/2031',Vault Issuing CA
Medium,Date stored as text,AIP on ACHE Site 1 Years 4-5,506,End Date is text '15/03/2031',Windows VMs
Medium,Date stored as text,AIP on ACHE Site 1 Years 4-5,507,End Date is text '15/03/2031',Linux VMs
Medium,Date stored as text,AIP on ACHE Site 1 Years 4-5,508,End Date is text '15/03/2031',Active Directory
Medium,Date stored as text,AIP on ACHE Site 1 Years 4-5,509,End Date is text '15/03/2031',ADFS
Medium,Date stored as text,AIP on ACHE Site 1 Years 4-5,510,End Date is text '15/03/2031',Beyond Trust
Medium,Date stored as text,AIP on ACHE Site 1 Years 4-5,511,End Date is text '15/03/2031',Tenable
Medium,Date stored as text,AIP on ACHE Site 1 Years 4-5,512,End Date is text '15/03/2031',Elastic Stack
Medium,Date stored as text,AIP on ACHE Site 1 Years 4-5,513,End Date is text '15/03/2031',Impex EUD
Medium,Date stored as text,AIP on ACHE Site 1 Years 4-5,514,End Date is text '15/03/2031',Vault
Medium,Date stored as text,AIP on ACHE Site 1 Years 4-5,515,End Date is text '15/03/2031',Keycloak
Medium,Date stored as text,AIP on ACHE Site 1 Years 4-5,516,End Date is text '15/03/2031',WAF
Medium,Date stored as text,AIP on ACHE Site 1 Years 4-5,517,End Date is text '15/03/2031',GitLab
Medium,Date stored as text,AIP on ACHE Site 1 Years 4-5,518,End Date is text '15/03/2031',Ansible Deployment Container
Medium,Date stored as text,AIP on ACHE Site 1 Years 4-5,519,End Date is text '15/03/2031',Kubernetes Deployment Boxes
Medium,Date stored as text,AIP on ACHE Site 1 Years 4-5,520,End Date is text '15/03/2031',PostgreSQL
Medium,Date stored as text,AIP on ACHE Site 1 Years 4-5,521,End Date is text '15/03/2031',Root CA
Medium,Date stored as text,AIP on ACHE Site 1 Years 4-5,522,End Date is text '15/03/2031',Issuing CA
Medium,Date stored as text,AIP on ACHE Site 1 Years 4-5,523,End Date is text '15/03/2031',Vault Issuing CA
Medium,Date stored as text,AIP on ACHE Site 2 Years 2-5,4,End Date is text '15/03/2028',Change Control - Beyond Trust
Medium,Date stored as text,AIP on ACHE Site 2 Years 2-5,5,End Date is text '15/03/2028',Change Control - Tenable
Medium,Date stored as text,AIP on ACHE Site 2 Years 2-5,6,End Date is text '15/03/2028',Change Control - Elastic Stack
Medium,Date stored as text,AIP on ACHE Site 2 Years 2-5,7,End Date is text '15/03/2028',Change Control - Vault
Medium,Date stored as text,AIP on ACHE Site 2 Years 2-5,8,End Date is text '15/03/2028',Change Control - Keycloak
Medium,Date stored as text,AIP on ACHE Site 2 Years 2-5,9,End Date is text '15/03/2028',Change Control - WAF
Medium,Date stored as text,AIP on ACHE Site 2 Years 2-5,10,End Date is text '15/03/2028',Change Control - GitLab
Medium,Date stored as text,AIP on ACHE Site 2 Years 2-5,11,End Date is text '15/03/2028',Change Control - Ansible Deployment Container
Medium,Date stored as text,AIP on ACHE Site 2 Years 2-5,12,End Date is text '15/03/2028',Change Control - Kubernetes Deployment Boxes
Medium,Date stored as text,AIP on ACHE Site 2 Years 2-5,13,End Date is text '15/03/2028',Change Control - PostgreSQL 
Medium,Date stored as text,AIP on ACHE Site 2 Years 2-5,14,End Date is text '15/03/2028',Impex - Beyond Trust
Medium,Date stored as text,AIP on ACHE Site 2 Years 2-5,15,End Date is text '15/03/2028',Impex - Tenable
Medium,Date stored as text,AIP on ACHE Site 2 Years 2-5,16,End Date is text '15/03/2028',Impex - Elastic Stack
Medium,Date stored as text,AIP on ACHE Site 2 Years 2-5,17,End Date is text '15/03/2028',Impex - Vault
Medium,Date stored as text,AIP on ACHE Site 2 Years 2-5,18,End Date is text '15/03/2028',Impex - Keycloak
Medium,Date stored as text,AIP on ACHE Site 2 Years 2-5,19,End Date is text '15/03/2028',Impex - WAF
Medium,Date stored as text,AIP on ACHE Site 2 Years 2-5,20,End Date is text '15/03/2028',Impex - GitLab
Medium,Date stored as text,AIP on ACHE Site 2 Years 2-5,21,End Date is text '15/03/2028',Impex - Ansible Deployment Container
Medium,Date stored as text,AIP on ACHE Site 2 Years 2-5,22,End Date is text '15/03/2028',Impex - Kubernetes Deployment Boxes
Medium,Date stored as text,AIP on ACHE Site 2 Years 2-5,23,End Date is text '15/03/2028',Impex Security Review - Beyond Trust
Medium,Date stored as text,AIP on ACHE Site 2 Years 2-5,24,End Date is text '15/03/2028',Impex Security Review - Tenable
Medium,Date stored as text,AIP on ACHE Site 2 Years 2-5,25,End Date is text '15/03/2028',Impex Security Review - Elastic Stack
Medium,Date stored as text,AIP on ACHE Site 2 Years 2-5,26,End Date is text '15/03/2028',Impex Security Review - Vault
Medium,Date stored as text,AIP on ACHE Site 2 Years 2-5,27,End Date is text '15/03/2028',Impex Security Review - Keycloak
Medium,Date stored as text,AIP on ACHE Site 2 Years 2-5,28,End Date is text '15/03/2028',Impex Security Review - WAF
Medium,Date stored as text,AIP on ACHE Site 2 Years 2-5,29,End Date is text '15/03/2028',Impex Security Review - GitLab
Medium,Date stored as text,AIP on ACHE Site 2 Years 2-5,30,End Date is text '15/03/2028',Impex Security Review - Ansible Deployment Container
Medium,Date stored as text,AIP on ACHE Site 2 Years 2-5,31,End Date is text '15/03/2028',Impex Security Review - Kubernetes Deployment Boxes
Medium,Date stored as text,AIP on ACHE Site 2 Years 2-5,32,End Date is text '15/03/2028',Deployment - Beyond Trust
Medium,Date stored as text,AIP on ACHE Site 2 Years 2-5,33,End Date is text '15/03/2028',Deployment - Tenable
Medium,Date stored as text,AIP on ACHE Site 2 Years 2-5,34,End Date is text '15/03/2028',Deployment - Elastic Stack
Medium,Date stored as text,AIP on ACHE Site 2 Years 2-5,35,End Date is text '15/03/2028',Deployment - Vault
Medium,Date stored as text,AIP on ACHE Site 2 Years 2-5,36,End Date is text '15/03/2028',Deployment - Keycloak
Medium,Date stored as text,AIP on ACHE Site 2 Years 2-5,37,End Date is text '15/03/2028',Deployment - WAF
Medium,Date stored as text,AIP on ACHE Site 2 Years 2-5,38,End Date is text '15/03/2028',Deployment - GitLab
Medium,Date stored as text,AIP on ACHE Site 2 Years 2-5,39,End Date is text '15/03/2028',Deployment - Ansible Deployment Container
Medium,Date stored as text,AIP on ACHE Site 2 Years 2-5,40,End Date is text '15/03/2028',Deployment - Kubernetes Deployment Boxes
Medium,Date stored as text,AIP on ACHE Site 2 Years 2-5,41,End Date is text '15/03/2028',Deployment - PostgreSQL
Medium,Date stored as text,AIP on ACHE Site 2 Years 2-5,42,End Date is text '01/03/2028',Deployment - Root CA
Medium,Date stored as text,AIP on ACHE Site 2 Years 2-5,43,End Date is text '15/03/2028',Post-Deployment Testing - Beyond Trust
Medium,Date stored as text,AIP on ACHE Site 2 Years 2-5,44,End Date is text '15/03/2028',Post-Deployment Testing - Tenable
Medium,Date stored as text,AIP on ACHE Site 2 Years 2-5,45,End Date is text '15/03/2028',Post-Deployment Testing - Elastic Stack
Medium,Date stored as text,AIP on ACHE Site 2 Years 2-5,46,End Date is text '15/03/2028',Post-Deployment Testing - Keycloak
Medium,Date stored as text,AIP on ACHE Site 2 Years 2-5,48,End Date is text '15/03/2028',Change Control - Beyond Trust
Medium,Date stored as text,AIP on ACHE Site 2 Years 2-5,49,End Date is text '15/03/2028',Change Control - Tenable
Medium,Date stored as text,AIP on ACHE Site 2 Years 2-5,50,End Date is text '15/03/2028',Change Control - Elastic Stack
Medium,Date stored as text,AIP on ACHE Site 2 Years 2-5,51,End Date is text '15/03/2028',Change Control - Vault
Medium,Date stored as text,AIP on ACHE Site 2 Years 2-5,52,End Date is text '15/03/2028',Change Control - Keycloak
Medium,Date stored as text,AIP on ACHE Site 2 Years 2-5,53,End Date is text '15/03/2028',Change Control - WAF
Medium,Date stored as text,AIP on ACHE Site 2 Years 2-5,54,End Date is text '15/03/2028',Change Control - GitLab
Medium,Date stored as text,AIP on ACHE Site 2 Years 2-5,55,End Date is text '15/03/2028',Change Control - Ansible Deployment Container
Medium,Date stored as text,AIP on ACHE Site 2 Years 2-5,56,End Date is text '15/03/2028',Change Control - Kubernetes Deployment Boxes
Medium,Date stored as text,AIP on ACHE Site 2 Years 2-5,57,End Date is text '15/03/2028',Change Control - PostgreSQL 
Medium,Date stored as text,AIP on ACHE Site 2 Years 2-5,58,End Date is text '15/03/2028',Impex - Beyond Trust
Medium,Date stored as text,AIP on ACHE Site 2 Years 2-5,59,End Date is text '15/03/2028',Impex - Tenable
Medium,Date stored as text,AIP on ACHE Site 2 Years 2-5,60,End Date is text '15/03/2028',Impex - Elastic Stack
Medium,Date stored as text,AIP on ACHE Site 2 Years 2-5,61,End Date is text '15/03/2028',Impex - Vault
Medium,Date stored as text,AIP on ACHE Site 2 Years 2-5,62,End Date is text '15/03/2028',Impex - Keycloak
Medium,Date stored as text,AIP on ACHE Site 2 Years 2-5,63,End Date is text '15/03/2028',Impex - WAF
Medium,Date stored as text,AIP on ACHE Site 2 Years 2-5,64,End Date is text '15/03/2028',Impex - GitLab
Medium,Date stored as text,AIP on ACHE Site 2 Years 2-5,65,End Date is text '15/03/2028',Impex - Ansible Deployment Container
Medium,Date stored as text,AIP on ACHE Site 2 Years 2-5,66,End Date is text '15/03/2028',Impex - Kubernetes Deployment Boxes
Medium,Date stored as text,AIP on ACHE Site 2 Years 2-5,67,End Date is text '15/03/2028',Impex Security Review - Beyond Trust
Medium,Date stored as text,AIP on ACHE Site 2 Years 2-5,68,End Date is text '15/03/2028',Impex Security Review - Tenable
Medium,Date stored as text,AIP on ACHE Site 2 Years 2-5,69,End Date is text '15/03/2028',Impex Security Review - Elastic Stack
Medium,Date stored as text,AIP on ACHE Site 2 Years 2-5,70,End Date is text '15/03/2028',Impex Security Review - Vault
Medium,Date stored as text,AIP on ACHE Site 2 Years 2-5,71,End Date is text '15/03/2028',Impex Security Review - Keycloak
Medium,Date stored as text,AIP on ACHE Site 2 Years 2-5,72,End Date is text '15/03/2028',Impex Security Review - WAF
Medium,Date stored as text,AIP on ACHE Site 2 Years 2-5,73,End Date is text '15/03/2028',Impex Security Review - GitLab
Medium,Date stored as text,AIP on ACHE Site 2 Years 2-5,74,End Date is text '15/03/2028',Impex Security Review - Ansible Deployment Container
Medium,Date stored as text,AIP on ACHE Site 2 Years 2-5,75,End Date is text '15/03/2028',Impex Security Review - Kubernetes Deployment Boxes
Medium,Date stored as text,AIP on ACHE Site 2 Years 2-5,76,End Date is text '15/03/2028',Deployment - Beyond Trust
Medium,Date stored as text,AIP on ACHE Site 2 Years 2-5,77,End Date is text '15/03/2028',Deployment - Tenable
Medium,Date stored as text,AIP on ACHE Site 2 Years 2-5,78,End Date is text '15/03/2028',Deployment - Elastic Stack
Medium,Date stored as text,AIP on ACHE Site 2 Years 2-5,79,End Date is text '15/03/2028',Deployment - Vault
Medium,Date stored as text,AIP on ACHE Site 2 Years 2-5,80,End Date is text '15/03/2028',Deployment - Keycloak
Medium,Date stored as text,AIP on ACHE Site 2 Years 2-5,81,End Date is text '15/03/2028',Deployment - WAF
Medium,Date stored as text,AIP on ACHE Site 2 Years 2-5,82,End Date is text '15/03/2028',Deployment - GitLab
Medium,Date stored as text,AIP on ACHE Site 2 Years 2-5,83,End Date is text '15/03/2028',Deployment - Ansible Deployment Container
Medium,Date stored as text,AIP on ACHE Site 2 Years 2-5,84,End Date is text '15/03/2028',Deployment - Kubernetes Deployment Boxes
Medium,Date stored as text,AIP on ACHE Site 2 Years 2-5,85,End Date is text '15/03/2028',Deployment - PostgreSQL
Medium,Date stored as text,AIP on ACHE Site 2 Years 2-5,86,End Date is text '01/03/2028',Deployment - Root CA
Medium,Date stored as text,AIP on ACHE Site 2 Years 2-5,87,End Date is text '15/03/2028',Post-Deployment Testing - Beyond Trust
Medium,Date stored as text,AIP on ACHE Site 2 Years 2-5,88,End Date is text '15/03/2028',Post-Deployment Testing - Tenable
Medium,Date stored as text,AIP on ACHE Site 2 Years 2-5,89,End Date is text '15/03/2028',Post-Deployment Testing - Elastic Stack
Medium,Date stored as text,AIP on ACHE Site 2 Years 2-5,90,End Date is text '15/03/2028',Post-Deployment Testing - Keycloak
Medium,Date stored as text,AIP on ACHE Site 2 Years 2-5,92,End Date is text '01/10/2027',Windows
Medium,Date stored as text,AIP on ACHE Site 2 Years 2-5,93,End Date is text '01/10/2027',Beyond Trust
Medium,Date stored as text,AIP on ACHE Site 2 Years 2-5,94,End Date is text '01/10/2027',Tenable
Medium,Date stored as text,AIP on ACHE Site 2 Years 2-5,95,End Date is text '01/10/2027',Elastic Stack
Medium,Date stored as text,AIP on ACHE Site 2 Years 2-5,96,End Date is text '01/10/2027',Vault
Medium,Date stored as text,AIP on ACHE Site 2 Years 2-5,97,End Date is text '01/10/2027',WAF
Medium,Date stored as text,AIP on ACHE Site 2 Years 2-5,98,End Date is text '01/10/2027',GitLab
Medium,Date stored as text,AIP on ACHE Site 2 Years 2-5,100,End Date is text '01/10/2027',Windows
Medium,Date stored as text,AIP on ACHE Site 2 Years 2-5,101,End Date is text '01/10/2027',Beyond Trust
Medium,Date stored as text,AIP on ACHE Site 2 Years 2-5,102,End Date is text '01/10/2027',Tenable
Medium,Date stored as text,AIP on ACHE Site 2 Years 2-5,103,End Date is text '01/10/2027',Elastic Stack
Medium,Date stored as text,AIP on ACHE Site 2 Years 2-5,104,End Date is text '01/10/2027',Vault
Medium,Date stored as text,AIP on ACHE Site 2 Years 2-5,105,End Date is text '01/10/2027',WAF
Medium,Date stored as text,AIP on ACHE Site 2 Years 2-5,106,End Date is text '01/10/2027',GitLab
Medium,Date stored as text,AIP on ACHE Site 2 Years 2-5,108,End Date is text '01/10/2027',Windows VMs
Medium,Date stored as text,AIP on ACHE Site 2 Years 2-5,109,End Date is text '01/10/2027',Linux VMs
Medium,Date stored as text,AIP on ACHE Site 2 Years 2-5,110,End Date is text '01/10/2027',Active Directory
Medium,Date stored as text,AIP on ACHE Site 2 Years 2-5,111,End Date is text '01/10/2027',ADFS
Medium,Date stored as text,AIP on ACHE Site 2 Years 2-5,112,End Date is text '01/10/2027',Beyond Trust
Medium,Date stored as text,AIP on ACHE Site 2 Years 2-5,113,End Date is text '01/10/2027',Tenable
Medium,Date stored as text,AIP on ACHE Site 2 Years 2-5,114,End Date is text '01/10/2027',Elastic Stack
Medium,Date stored as text,AIP on ACHE Site 2 Years 2-5,115,End Date is text '01/10/2027',Impex EUD
Medium,Date stored as text,AIP on ACHE Site 2 Years 2-5,116,End Date is text '01/10/2027',Vault
Medium,Date stored as text,AIP on ACHE Site 2 Years 2-5,117,End Date is text '01/10/2027',Keycloak
Medium,Date stored as text,AIP on ACHE Site 2 Years 2-5,118,End Date is text '01/10/2027',WAF
Medium,Date stored as text,AIP on ACHE Site 2 Years 2-5,119,End Date is text '01/10/2027',GitLab
Medium,Date stored as text,AIP on ACHE Site 2 Years 2-5,120,End Date is text '01/10/2027',Ansible Deployment Container
Medium,Date stored as text,AIP on ACHE Site 2 Years 2-5,121,End Date is text '01/10/2027',Kubernetes Deployment Boxes
Medium,Date stored as text,AIP on ACHE Site 2 Years 2-5,122,End Date is text '01/10/2027',PostgreSQL
Medium,Date stored as text,AIP on ACHE Site 2 Years 2-5,123,End Date is text '01/10/2027',Root CA
Medium,Date stored as text,AIP on ACHE Site 2 Years 2-5,124,End Date is text '01/10/2027',Issuing CA
Medium,Date stored as text,AIP on ACHE Site 2 Years 2-5,125,End Date is text '01/10/2027',Vault Issuing CA
Medium,Date stored as text,AIP on ACHE Site 2 Years 2-5,126,End Date is text '01/10/2027',BPS Gateway
Medium,Date stored as text,AIP on ACHE Site 2 Years 2-5,128,End Date is text '01/10/2027',Windows VMs
Medium,Date stored as text,AIP on ACHE Site 2 Years 2-5,129,End Date is text '01/10/2027',Linux VMs
Medium,Date stored as text,AIP on ACHE Site 2 Years 2-5,130,End Date is text '01/10/2027',Active Directory
Medium,Date stored as text,AIP on ACHE Site 2 Years 2-5,131,End Date is text '01/10/2027',ADFS
Medium,Date stored as text,AIP on ACHE Site 2 Years 2-5,132,End Date is text '01/10/2027',Beyond Trust
Medium,Date stored as text,AIP on ACHE Site 2 Years 2-5,133,End Date is text '01/10/2027',Tenable
Medium,Date stored as text,AIP on ACHE Site 2 Years 2-5,134,End Date is text '01/10/2027',Elastic Stack
Medium,Date stored as text,AIP on ACHE Site 2 Years 2-5,135,End Date is text '01/10/2027',Impex EUD
Medium,Date stored as text,AIP on ACHE Site 2 Years 2-5,136,End Date is text '01/10/2027',Vault
Medium,Date stored as text,AIP on ACHE Site 2 Years 2-5,137,End Date is text '01/10/2027',Keycloak
Medium,Date stored as text,AIP on ACHE Site 2 Years 2-5,138,End Date is text '01/10/2027',WAF
Medium,Date stored as text,AIP on ACHE Site 2 Years 2-5,139,End Date is text '01/10/2027',GitLab
Medium,Date stored as text,AIP on ACHE Site 2 Years 2-5,140,End Date is text '01/10/2027',Ansible Deployment Container
Medium,Date stored as text,AIP on ACHE Site 2 Years 2-5,141,End Date is text '01/10/2027',Kubernetes Deployment Boxes
Medium,Date stored as text,AIP on ACHE Site 2 Years 2-5,142,End Date is text '01/10/2027',PostgreSQL
Medium,Date stored as text,AIP on ACHE Site 2 Years 2-5,143,End Date is text '01/10/2027',Root CA
Medium,Date stored as text,AIP on ACHE Site 2 Years 2-5,144,End Date is text '01/10/2027',Issuing CA
Medium,Date stored as text,AIP on ACHE Site 2 Years 2-5,145,End Date is text '01/10/2027',Vault Issuing CA
Medium,Date stored as text,AIP on ACHE Site 2 Years 2-5,146,End Date is text '01/10/2027',BPS Gateway
Medium,Date stored as text,AIP on ACHE Site 2 Years 2-5,148,End Date is text '15/03/2028',Windows VMs
Medium,Date stored as text,AIP on ACHE Site 2 Years 2-5,149,End Date is text '15/03/2028',Linux VMs
Medium,Date stored as text,AIP on ACHE Site 2 Years 2-5,150,End Date is text '15/03/2028',Active Directory
Medium,Date stored as text,AIP on ACHE Site 2 Years 2-5,151,End Date is text '15/03/2028',ADFS
Medium,Date stored as text,AIP on ACHE Site 2 Years 2-5,152,End Date is text '15/03/2028',Beyond Trust
Medium,Date stored as text,AIP on ACHE Site 2 Years 2-5,153,End Date is text '15/03/2028',Tenable
Medium,Date stored as text,AIP on ACHE Site 2 Years 2-5,154,End Date is text '15/03/2028',Elastic Stack
Medium,Date stored as text,AIP on ACHE Site 2 Years 2-5,155,End Date is text '15/03/2028',Impex EUD
Medium,Date stored as text,AIP on ACHE Site 2 Years 2-5,156,End Date is text '15/03/2028',Vault
Medium,Date stored as text,AIP on ACHE Site 2 Years 2-5,157,End Date is text '15/03/2028',Keycloak
Medium,Date stored as text,AIP on ACHE Site 2 Years 2-5,158,End Date is text '15/03/2028',WAF
Medium,Date stored as text,AIP on ACHE Site 2 Years 2-5,159,End Date is text '15/03/2028',GitLab
Medium,Date stored as text,AIP on ACHE Site 2 Years 2-5,160,End Date is text '15/03/2028',Ansible Deployment Container
Medium,Date stored as text,AIP on ACHE Site 2 Years 2-5,161,End Date is text '15/03/2028',Kubernetes Deployment Boxes
Medium,Date stored as text,AIP on ACHE Site 2 Years 2-5,162,End Date is text '15/03/2028',PostgreSQL
Medium,Date stored as text,AIP on ACHE Site 2 Years 2-5,163,End Date is text '15/03/2028',Root CA
Medium,Date stored as text,AIP on ACHE Site 2 Years 2-5,164,End Date is text '15/03/2028',Issuing CA
Medium,Date stored as text,AIP on ACHE Site 2 Years 2-5,165,End Date is text '15/03/2028',Vault Issuing CA
Medium,Date stored as text,AIP on ACHE Site 2 Years 2-5,166,End Date is text '01/10/2027',BPS Gateway
Medium,Date stored as text,AIP on ACHE Site 2 Years 2-5,168,End Date is text '15/03/2028',Windows VMs
Medium,Date stored as text,AIP on ACHE Site 2 Years 2-5,169,End Date is text '15/03/2028',Linux VMs
Medium,Date stored as text,AIP on ACHE Site 2 Years 2-5,170,End Date is text '15/03/2028',Active Directory
Medium,Date stored as text,AIP on ACHE Site 2 Years 2-5,171,End Date is text '15/03/2028',ADFS
Medium,Date stored as text,AIP on ACHE Site 2 Years 2-5,172,End Date is text '15/03/2028',Beyond Trust
Medium,Date stored as text,AIP on ACHE Site 2 Years 2-5,173,End Date is text '15/03/2028',Tenable
Medium,Date stored as text,AIP on ACHE Site 2 Years 2-5,174,End Date is text '15/03/2028',Elastic Stack
Medium,Date stored as text,AIP on ACHE Site 2 Years 2-5,175,End Date is text '15/03/2028',Impex EUD
Medium,Date stored as text,AIP on ACHE Site 2 Years 2-5,176,End Date is text '15/03/2028',Vault
Medium,Date stored as text,AIP on ACHE Site 2 Years 2-5,177,End Date is text '15/03/2028',Keycloak
Medium,Date stored as text,AIP on ACHE Site 2 Years 2-5,178,End Date is text '15/03/2028',WAF
Medium,Date stored as text,AIP on ACHE Site 2 Years 2-5,179,End Date is text '15/03/2028',GitLab
Medium,Date stored as text,AIP on ACHE Site 2 Years 2-5,180,End Date is text '15/03/2028',Ansible Deployment Container
Medium,Date stored as text,AIP on ACHE Site 2 Years 2-5,181,End Date is text '15/03/2028',Kubernetes Deployment Boxes
Medium,Date stored as text,AIP on ACHE Site 2 Years 2-5,182,End Date is text '15/03/2028',PostgreSQL
Medium,Date stored as text,AIP on ACHE Site 2 Years 2-5,183,End Date is text '15/03/2028',Root CA
Medium,Date stored as text,AIP on ACHE Site 2 Years 2-5,184,End Date is text '15/03/2028',Issuing CA
Medium,Date stored as text,AIP on ACHE Site 2 Years 2-5,185,End Date is text '15/03/2028',Vault Issuing CA
Medium,Date stored as text,AIP on ACHE Site 2 Years 2-5,186,End Date is text '01/10/2027',BPS Gateway
Medium,Date stored as text,AIP on ACHE Site 2 Years 2-5,188,End Date is text '15/03/2028',Windows VMs
Medium,Date stored as text,AIP on ACHE Site 2 Years 2-5,189,End Date is text '15/03/2028',Linux VMs
Medium,Date stored as text,AIP on ACHE Site 2 Years 2-5,190,End Date is text '15/03/2028',Active Directory
Medium,Date stored as text,AIP on ACHE Site 2 Years 2-5,191,End Date is text '15/03/2028',ADFS
Medium,Date stored as text,AIP on ACHE Site 2 Years 2-5,192,End Date is text '15/03/2028',Beyond Trust
Medium,Date stored as text,AIP on ACHE Site 2 Years 2-5,193,End Date is text '15/03/2028',Tenable
Medium,Date stored as text,AIP on ACHE Site 2 Years 2-5,194,End Date is text '15/03/2028',Elastic Stack
Medium,Date stored as text,AIP on ACHE Site 2 Years 2-5,195,End Date is text '15/03/2028',Impex EUD
Medium,Date stored as text,AIP on ACHE Site 2 Years 2-5,196,End Date is text '15/03/2028',Vault
Medium,Date stored as text,AIP on ACHE Site 2 Years 2-5,197,End Date is text '15/03/2028',Keycloak
Medium,Date stored as text,AIP on ACHE Site 2 Years 2-5,198,End Date is text '15/03/2028',WAF
Medium,Date stored as text,AIP on ACHE Site 2 Years 2-5,199,End Date is text '15/03/2028',GitLab
Medium,Date stored as text,AIP on ACHE Site 2 Years 2-5,200,End Date is text '15/03/2028',Ansible Deployment Container
Medium,Date stored as text,AIP on ACHE Site 2 Years 2-5,201,End Date is text '15/03/2028',Kubernetes Deployment Boxes
Medium,Date stored as text,AIP on ACHE Site 2 Years 2-5,202,End Date is text '15/03/2028',PostgreSQL
Medium,Date stored as text,AIP on ACHE Site 2 Years 2-5,203,End Date is text '15/03/2028',Root CA
Medium,Date stored as text,AIP on ACHE Site 2 Years 2-5,204,End Date is text '15/03/2028',Issuing CA
Medium,Date stored as text,AIP on ACHE Site 2 Years 2-5,205,End Date is text '15/03/2028',Vault Issuing CA
Medium,Date stored as text,AIP on ACHE Site 2 Years 2-5,207,End Date is text '15/03/2028',Windows VMs
Medium,Date stored as text,AIP on ACHE Site 2 Years 2-5,208,End Date is text '15/03/2028',Linux VMs
Medium,Date stored as text,AIP on ACHE Site 2 Years 2-5,209,End Date is text '15/03/2028',Active Directory
Medium,Date stored as text,AIP on ACHE Site 2 Years 2-5,210,End Date is text '15/03/2028',ADFS
Medium,Date stored as text,AIP on ACHE Site 2 Years 2-5,211,End Date is text '15/03/2028',Beyond Trust
Medium,Date stored as text,AIP on ACHE Site 2 Years 2-5,212,End Date is text '15/03/2028',Tenable
Medium,Date stored as text,AIP on ACHE Site 2 Years 2-5,213,End Date is text '15/03/2028',Elastic Stack
Medium,Date stored as text,AIP on ACHE Site 2 Years 2-5,214,End Date is text '15/03/2028',Impex EUD
Medium,Date stored as text,AIP on ACHE Site 2 Years 2-5,215,End Date is text '15/03/2028',Vault
Medium,Date stored as text,AIP on ACHE Site 2 Years 2-5,216,End Date is text '15/03/2028',Keycloak
Medium,Date stored as text,AIP on ACHE Site 2 Years 2-5,217,End Date is text '15/03/2028',WAF
Medium,Date stored as text,AIP on ACHE Site 2 Years 2-5,218,End Date is text '15/03/2028',GitLab
Medium,Date stored as text,AIP on ACHE Site 2 Years 2-5,219,End Date is text '15/03/2028',Ansible Deployment Container
Medium,Date stored as text,AIP on ACHE Site 2 Years 2-5,220,End Date is text '15/03/2028',Kubernetes Deployment Boxes
Medium,Date stored as text,AIP on ACHE Site 2 Years 2-5,221,End Date is text '15/03/2028',PostgreSQL
Medium,Date stored as text,AIP on ACHE Site 2 Years 2-5,222,End Date is text '15/03/2028',Root CA
Medium,Date stored as text,AIP on ACHE Site 2 Years 2-5,223,End Date is text '15/03/2028',Issuing CA
Medium,Date stored as text,AIP on ACHE Site 2 Years 2-5,224,End Date is text '15/03/2028',Vault Issuing CA
Medium,Date stored as text,AIP on ACHE Site 2 Years 2-5,226,End Date is text '15/03/2028',Windows VMs
Medium,Date stored as text,AIP on ACHE Site 2 Years 2-5,227,End Date is text '15/03/2028',Linux VMs
Medium,Date stored as text,AIP on ACHE Site 2 Years 2-5,228,End Date is text '15/03/2028',Active Directory
Medium,Date stored as text,AIP on ACHE Site 2 Years 2-5,229,End Date is text '15/03/2028',ADFS
Medium,Date stored as text,AIP on ACHE Site 2 Years 2-5,230,End Date is text '15/03/2028',Beyond Trust
Medium,Date stored as text,AIP on ACHE Site 2 Years 2-5,231,End Date is text '15/03/2028',Tenable
Medium,Date stored as text,AIP on ACHE Site 2 Years 2-5,232,End Date is text '15/03/2028',Elastic Stack
Medium,Date stored as text,AIP on ACHE Site 2 Years 2-5,233,End Date is text '15/03/2028',Impex EUD
Medium,Date stored as text,AIP on ACHE Site 2 Years 2-5,234,End Date is text '15/03/2028',Vault
Medium,Date stored as text,AIP on ACHE Site 2 Years 2-5,235,End Date is text '15/03/2028',Keycloak
Medium,Date stored as text,AIP on ACHE Site 2 Years 2-5,236,End Date is text '15/03/2028',WAF
Medium,Date stored as text,AIP on ACHE Site 2 Years 2-5,237,End Date is text '15/03/2028',GitLab
Medium,Date stored as text,AIP on ACHE Site 2 Years 2-5,238,End Date is text '15/03/2028',Ansible Deployment Container
Medium,Date stored as text,AIP on ACHE Site 2 Years 2-5,239,End Date is text '15/03/2028',Kubernetes Deployment Boxes
Medium,Date stored as text,AIP on ACHE Site 2 Years 2-5,240,End Date is text '15/03/2028',PostgreSQL
Medium,Date stored as text,AIP on ACHE Site 2 Years 2-5,241,End Date is text '15/03/2028',Root CA
Medium,Date stored as text,AIP on ACHE Site 2 Years 2-5,242,End Date is text '15/03/2028',Issuing CA
Medium,Date stored as text,AIP on ACHE Site 2 Years 2-5,243,End Date is text '15/03/2028',Vault Issuing CA
Medium,Date stored as text,AIP on ACHE Site 2 Years 2-5,245,End Date is text '15/03/2028',Windows VMs
Medium,Date stored as text,AIP on ACHE Site 2 Years 2-5,246,End Date is text '15/03/2028',Linux VMs
Medium,Date stored as text,AIP on ACHE Site 2 Years 2-5,247,End Date is text '15/03/2028',Active Directory
Medium,Date stored as text,AIP on ACHE Site 2 Years 2-5,248,End Date is text '15/03/2028',ADFS
Medium,Date stored as text,AIP on ACHE Site 2 Years 2-5,249,End Date is text '15/03/2028',Beyond Trust
Medium,Date stored as text,AIP on ACHE Site 2 Years 2-5,250,End Date is text '15/03/2028',Tenable
Medium,Date stored as text,AIP on ACHE Site 2 Years 2-5,251,End Date is text '15/03/2028',Elastic Stack
Medium,Date stored as text,AIP on ACHE Site 2 Years 2-5,252,End Date is text '15/03/2028',Impex EUD
Medium,Date stored as text,AIP on ACHE Site 2 Years 2-5,253,End Date is text '15/03/2028',Vault
Medium,Date stored as text,AIP on ACHE Site 2 Years 2-5,254,End Date is text '15/03/2028',Keycloak
Medium,Date stored as text,AIP on ACHE Site 2 Years 2-5,255,End Date is text '15/03/2028',WAF
Medium,Date stored as text,AIP on ACHE Site 2 Years 2-5,256,End Date is text '15/03/2028',GitLab
Medium,Date stored as text,AIP on ACHE Site 2 Years 2-5,257,End Date is text '15/03/2028',Ansible Deployment Container
Medium,Date stored as text,AIP on ACHE Site 2 Years 2-5,258,End Date is text '15/03/2028',Kubernetes Deployment Boxes
Medium,Date stored as text,AIP on ACHE Site 2 Years 2-5,259,End Date is text '15/03/2028',PostgreSQL
Medium,Date stored as text,AIP on ACHE Site 2 Years 2-5,260,End Date is text '15/03/2028',Root CA
Medium,Date stored as text,AIP on ACHE Site 2 Years 2-5,261,End Date is text '15/03/2028',Issuing CA
Medium,Date stored as text,AIP on ACHE Site 2 Years 2-5,262,End Date is text '15/03/2028',Vault Issuing CA
Medium,Date stored as text,AIP on ACHE Site 2 Years 2-5,265,End Date is text '15/03/2029',Change Control - Beyond Trust
Medium,Date stored as text,AIP on ACHE Site 2 Years 2-5,266,End Date is text '15/03/2029',Change Control - Tenable
Medium,Date stored as text,AIP on ACHE Site 2 Years 2-5,267,End Date is text '15/03/2029',Change Control - Elastic Stack
Medium,Date stored as text,AIP on ACHE Site 2 Years 2-5,268,End Date is text '15/03/2029',Change Control - Vault
Medium,Date stored as text,AIP on ACHE Site 2 Years 2-5,269,End Date is text '15/03/2029',Change Control - Keycloak
Medium,Date stored as text,AIP on ACHE Site 2 Years 2-5,270,End Date is text '15/03/2029',Change Control - WAF
Medium,Date stored as text,AIP on ACHE Site 2 Years 2-5,271,End Date is text '15/03/2029',Change Control - GitLab
Medium,Date stored as text,AIP on ACHE Site 2 Years 2-5,272,End Date is text '15/03/2029',Change Control - Ansible Deployment Container
Medium,Date stored as text,AIP on ACHE Site 2 Years 2-5,273,End Date is text '15/03/2029',Change Control - Kubernetes Deployment Boxes
Medium,Date stored as text,AIP on ACHE Site 2 Years 2-5,274,End Date is text '15/03/2029',Change Control - PostgreSQL 
Medium,Date stored as text,AIP on ACHE Site 2 Years 2-5,275,End Date is text '15/03/2029',Impex - Beyond Trust
Medium,Date stored as text,AIP on ACHE Site 2 Years 2-5,276,End Date is text '15/03/2029',Impex - Tenable
Medium,Date stored as text,AIP on ACHE Site 2 Years 2-5,277,End Date is text '15/03/2029',Impex - Elastic Stack
Medium,Date stored as text,AIP on ACHE Site 2 Years 2-5,278,End Date is text '15/03/2029',Impex - Vault
Medium,Date stored as text,AIP on ACHE Site 2 Years 2-5,279,End Date is text '15/03/2029',Impex - Keycloak
Medium,Date stored as text,AIP on ACHE Site 2 Years 2-5,280,End Date is text '15/03/2029',Impex - WAF
Medium,Date stored as text,AIP on ACHE Site 2 Years 2-5,281,End Date is text '15/03/2029',Impex - GitLab
Medium,Date stored as text,AIP on ACHE Site 2 Years 2-5,282,End Date is text '15/03/2029',Impex - Ansible Deployment Container
Medium,Date stored as text,AIP on ACHE Site 2 Years 2-5,283,End Date is text '15/03/2029',Impex - Kubernetes Deployment Boxes
Medium,Date stored as text,AIP on ACHE Site 2 Years 2-5,284,End Date is text '15/03/2029',Impex Security Review - Beyond Trust
Medium,Date stored as text,AIP on ACHE Site 2 Years 2-5,285,End Date is text '15/03/2029',Impex Security Review - Tenable
Medium,Date stored as text,AIP on ACHE Site 2 Years 2-5,286,End Date is text '15/03/2029',Impex Security Review - Elastic Stack
Medium,Date stored as text,AIP on ACHE Site 2 Years 2-5,287,End Date is text '15/03/2029',Impex Security Review - Vault
Medium,Date stored as text,AIP on ACHE Site 2 Years 2-5,288,End Date is text '15/03/2029',Impex Security Review - Keycloak
Medium,Date stored as text,AIP on ACHE Site 2 Years 2-5,289,End Date is text '15/03/2029',Impex Security Review - WAF
Medium,Date stored as text,AIP on ACHE Site 2 Years 2-5,290,End Date is text '15/03/2029',Impex Security Review - GitLab
Medium,Date stored as text,AIP on ACHE Site 2 Years 2-5,291,End Date is text '15/03/2029',Impex Security Review - Ansible Deployment Container
Medium,Date stored as text,AIP on ACHE Site 2 Years 2-5,292,End Date is text '15/03/2029',Impex Security Review - Kubernetes Deployment Boxes
Medium,Date stored as text,AIP on ACHE Site 2 Years 2-5,293,End Date is text '15/03/2029',Deployment - Beyond Trust
Medium,Date stored as text,AIP on ACHE Site 2 Years 2-5,294,End Date is text '15/03/2029',Deployment - Tenable
Medium,Date stored as text,AIP on ACHE Site 2 Years 2-5,295,End Date is text '15/03/2029',Deployment - Elastic Stack
Medium,Date stored as text,AIP on ACHE Site 2 Years 2-5,296,End Date is text '15/03/2029',Deployment - Vault
Medium,Date stored as text,AIP on ACHE Site 2 Years 2-5,297,End Date is text '15/03/2029',Deployment - Keycloak
Medium,Date stored as text,AIP on ACHE Site 2 Years 2-5,298,End Date is text '15/03/2029',Deployment - WAF
Medium,Date stored as text,AIP on ACHE Site 2 Years 2-5,299,End Date is text '15/03/2029',Deployment - GitLab
Medium,Date stored as text,AIP on ACHE Site 2 Years 2-5,300,End Date is text '15/03/2029',Deployment - Ansible Deployment Container
Medium,Date stored as text,AIP on ACHE Site 2 Years 2-5,301,End Date is text '15/03/2029',Deployment - Kubernetes Deployment Boxes
Medium,Date stored as text,AIP on ACHE Site 2 Years 2-5,302,End Date is text '15/03/2029',Deployment - PostgreSQL
Medium,Date stored as text,AIP on ACHE Site 2 Years 2-5,303,End Date is text '01/03/2029',Deployment - Root CA
Medium,Date stored as text,AIP on ACHE Site 2 Years 2-5,304,End Date is text '15/03/2029',Post-Deployment Testing - Beyond Trust
Medium,Date stored as text,AIP on ACHE Site 2 Years 2-5,305,End Date is text '15/03/2029',Post-Deployment Testing - Tenable
Medium,Date stored as text,AIP on ACHE Site 2 Years 2-5,306,End Date is text '15/03/2029',Post-Deployment Testing - Elastic Stack
Medium,Date stored as text,AIP on ACHE Site 2 Years 2-5,307,End Date is text '15/03/2029',Post-Deployment Testing - Keycloak
Medium,Date stored as text,AIP on ACHE Site 2 Years 2-5,309,End Date is text '15/03/2029',Change Control - Beyond Trust
Medium,Date stored as text,AIP on ACHE Site 2 Years 2-5,310,End Date is text '15/03/2029',Change Control - Tenable
Medium,Date stored as text,AIP on ACHE Site 2 Years 2-5,311,End Date is text '15/03/2029',Change Control - Elastic Stack
Medium,Date stored as text,AIP on ACHE Site 2 Years 2-5,312,End Date is text '15/03/2029',Change Control - Vault
Medium,Date stored as text,AIP on ACHE Site 2 Years 2-5,313,End Date is text '15/03/2029',Change Control - Keycloak
Medium,Date stored as text,AIP on ACHE Site 2 Years 2-5,314,End Date is text '15/03/2029',Change Control - WAF
Medium,Date stored as text,AIP on ACHE Site 2 Years 2-5,315,End Date is text '15/03/2029',Change Control - GitLab
Medium,Date stored as text,AIP on ACHE Site 2 Years 2-5,316,End Date is text '15/03/2029',Change Control - Ansible Deployment Container
Medium,Date stored as text,AIP on ACHE Site 2 Years 2-5,317,End Date is text '15/03/2029',Change Control - Kubernetes Deployment Boxes
Medium,Date stored as text,AIP on ACHE Site 2 Years 2-5,318,End Date is text '15/03/2029',Change Control - PostgreSQL 
Medium,Date stored as text,AIP on ACHE Site 2 Years 2-5,319,End Date is text '15/03/2029',Impex - Beyond Trust
Medium,Date stored as text,AIP on ACHE Site 2 Years 2-5,320,End Date is text '15/03/2029',Impex - Tenable
Medium,Date stored as text,AIP on ACHE Site 2 Years 2-5,321,End Date is text '15/03/2029',Impex - Elastic Stack
Medium,Date stored as text,AIP on ACHE Site 2 Years 2-5,322,End Date is text '15/03/2029',Impex - Vault
Medium,Date stored as text,AIP on ACHE Site 2 Years 2-5,323,End Date is text '15/03/2029',Impex - Keycloak
Medium,Date stored as text,AIP on ACHE Site 2 Years 2-5,324,End Date is text '15/03/2029',Impex - WAF
Medium,Date stored as text,AIP on ACHE Site 2 Years 2-5,325,End Date is text '15/03/2029',Impex - GitLab
Medium,Date stored as text,AIP on ACHE Site 2 Years 2-5,326,End Date is text '15/03/2029',Impex - Ansible Deployment Container
Medium,Date stored as text,AIP on ACHE Site 2 Years 2-5,327,End Date is text '15/03/2029',Impex - Kubernetes Deployment Boxes
Medium,Date stored as text,AIP on ACHE Site 2 Years 2-5,328,End Date is text '15/03/2029',Impex Security Review - Beyond Trust
Medium,Date stored as text,AIP on ACHE Site 2 Years 2-5,329,End Date is text '15/03/2029',Impex Security Review - Tenable
Medium,Date stored as text,AIP on ACHE Site 2 Years 2-5,330,End Date is text '15/03/2029',Impex Security Review - Elastic Stack
Medium,Date stored as text,AIP on ACHE Site 2 Years 2-5,331,End Date is text '15/03/2029',Impex Security Review - Vault
Medium,Date stored as text,AIP on ACHE Site 2 Years 2-5,332,End Date is text '15/03/2029',Impex Security Review - Keycloak
Medium,Date stored as text,AIP on ACHE Site 2 Years 2-5,333,End Date is text '15/03/2029',Impex Security Review - WAF
Medium,Date stored as text,AIP on ACHE Site 2 Years 2-5,334,End Date is text '15/03/2029',Impex Security Review - GitLab
Medium,Date stored as text,AIP on ACHE Site 2 Years 2-5,335,End Date is text '15/03/2029',Impex Security Review - Ansible Deployment Container
Medium,Date stored as text,AIP on ACHE Site 2 Years 2-5,336,End Date is text '15/03/2029',Impex Security Review - Kubernetes Deployment Boxes
Medium,Date stored as text,AIP on ACHE Site 2 Years 2-5,337,End Date is text '15/03/2029',Deployment - Beyond Trust
Medium,Date stored as text,AIP on ACHE Site 2 Years 2-5,338,End Date is text '15/03/2029',Deployment - Tenable
Medium,Date stored as text,AIP on ACHE Site 2 Years 2-5,339,End Date is text '15/03/2029',Deployment - Elastic Stack
Medium,Date stored as text,AIP on ACHE Site 2 Years 2-5,340,End Date is text '15/03/2029',Deployment - Vault
Medium,Date stored as text,AIP on ACHE Site 2 Years 2-5,341,End Date is text '15/03/2029',Deployment - Keycloak
Medium,Date stored as text,AIP on ACHE Site 2 Years 2-5,342,End Date is text '15/03/2029',Deployment - WAF
Medium,Date stored as text,AIP on ACHE Site 2 Years 2-5,343,End Date is text '15/03/2029',Deployment - GitLab
Medium,Date stored as text,AIP on ACHE Site 2 Years 2-5,344,End Date is text '15/03/2029',Deployment - Ansible Deployment Container
Medium,Date stored as text,AIP on ACHE Site 2 Years 2-5,345,End Date is text '15/03/2029',Deployment - Kubernetes Deployment Boxes
Medium,Date stored as text,AIP on ACHE Site 2 Years 2-5,346,End Date is text '15/03/2029',Deployment - PostgreSQL
Medium,Date stored as text,AIP on ACHE Site 2 Years 2-5,347,End Date is text '01/03/2029',Deployment - Root CA
Medium,Date stored as text,AIP on ACHE Site 2 Years 2-5,348,End Date is text '15/03/2029',Post-Deployment Testing - Beyond Trust
Medium,Date stored as text,AIP on ACHE Site 2 Years 2-5,349,End Date is text '15/03/2029',Post-Deployment Testing - Tenable
Medium,Date stored as text,AIP on ACHE Site 2 Years 2-5,350,End Date is text '15/03/2029',Post-Deployment Testing - Elastic Stack
Medium,Date stored as text,AIP on ACHE Site 2 Years 2-5,351,End Date is text '15/03/2029',Post-Deployment Testing - Keycloak
Medium,Date stored as text,AIP on ACHE Site 2 Years 2-5,353,End Date is text '01/10/2028',Windows
Medium,Date stored as text,AIP on ACHE Site 2 Years 2-5,354,End Date is text '01/10/2028',Beyond Trust
Medium,Date stored as text,AIP on ACHE Site 2 Years 2-5,355,End Date is text '01/10/2028',Tenable
Medium,Date stored as text,AIP on ACHE Site 2 Years 2-5,356,End Date is text '01/10/2028',Elastic Stack
Medium,Date stored as text,AIP on ACHE Site 2 Years 2-5,357,End Date is text '01/10/2028',Vault
Medium,Date stored as text,AIP on ACHE Site 2 Years 2-5,358,End Date is text '01/10/2028',WAF
Medium,Date stored as text,AIP on ACHE Site 2 Years 2-5,359,End Date is text '01/10/2028',GitLab
Medium,Date stored as text,AIP on ACHE Site 2 Years 2-5,361,End Date is text '01/10/2028',Windows
Medium,Date stored as text,AIP on ACHE Site 2 Years 2-5,362,End Date is text '01/10/2028',Beyond Trust
Medium,Date stored as text,AIP on ACHE Site 2 Years 2-5,363,End Date is text '01/10/2028',Tenable
Medium,Date stored as text,AIP on ACHE Site 2 Years 2-5,364,End Date is text '01/10/2028',Elastic Stack
Medium,Date stored as text,AIP on ACHE Site 2 Years 2-5,365,End Date is text '01/10/2028',Vault
Medium,Date stored as text,AIP on ACHE Site 2 Years 2-5,366,End Date is text '01/10/2028',WAF
Medium,Date stored as text,AIP on ACHE Site 2 Years 2-5,367,End Date is text '01/10/2028',GitLab
Medium,Date stored as text,AIP on ACHE Site 2 Years 2-5,369,End Date is text '01/10/2028',Windows VMs
Medium,Date stored as text,AIP on ACHE Site 2 Years 2-5,370,End Date is text '01/10/2028',Linux VMs
Medium,Date stored as text,AIP on ACHE Site 2 Years 2-5,371,End Date is text '01/10/2028',Active Directory
Medium,Date stored as text,AIP on ACHE Site 2 Years 2-5,372,End Date is text '01/10/2028',ADFS
Medium,Date stored as text,AIP on ACHE Site 2 Years 2-5,373,End Date is text '01/10/2028',Beyond Trust
Medium,Date stored as text,AIP on ACHE Site 2 Years 2-5,374,End Date is text '01/10/2028',Tenable
Medium,Date stored as text,AIP on ACHE Site 2 Years 2-5,375,End Date is text '01/10/2028',Elastic Stack
Medium,Date stored as text,AIP on ACHE Site 2 Years 2-5,376,End Date is text '01/10/2028',Impex EUD
Medium,Date stored as text,AIP on ACHE Site 2 Years 2-5,377,End Date is text '01/10/2028',Vault
Medium,Date stored as text,AIP on ACHE Site 2 Years 2-5,378,End Date is text '01/10/2028',Keycloak
Medium,Date stored as text,AIP on ACHE Site 2 Years 2-5,379,End Date is text '01/10/2028',WAF
Medium,Date stored as text,AIP on ACHE Site 2 Years 2-5,380,End Date is text '01/10/2028',GitLab
Medium,Date stored as text,AIP on ACHE Site 2 Years 2-5,381,End Date is text '01/10/2028',Ansible Deployment Container
Medium,Date stored as text,AIP on ACHE Site 2 Years 2-5,382,End Date is text '01/10/2028',Kubernetes Deployment Boxes
Medium,Date stored as text,AIP on ACHE Site 2 Years 2-5,383,End Date is text '01/10/2028',PostgreSQL
Medium,Date stored as text,AIP on ACHE Site 2 Years 2-5,384,End Date is text '01/04/2028',Root CA
Medium,Date stored as text,AIP on ACHE Site 2 Years 2-5,385,End Date is text '01/04/2028',Issuing CA
Medium,Date stored as text,AIP on ACHE Site 2 Years 2-5,386,End Date is text '01/04/2028',Vault Issuing CA
Medium,Date stored as text,AIP on ACHE Site 2 Years 2-5,387,End Date is text '01/10/2028',BPS Gateway
Medium,Date stored as text,AIP on ACHE Site 2 Years 2-5,389,End Date is text '01/10/2028',Windows VMs
Medium,Date stored as text,AIP on ACHE Site 2 Years 2-5,390,End Date is text '01/10/2028',Linux VMs
Medium,Date stored as text,AIP on ACHE Site 2 Years 2-5,391,End Date is text '01/10/2028',Active Directory
Medium,Date stored as text,AIP on ACHE Site 2 Years 2-5,392,End Date is text '01/10/2028',ADFS
Medium,Date stored as text,AIP on ACHE Site 2 Years 2-5,393,End Date is text '01/10/2028',Beyond Trust
Medium,Date stored as text,AIP on ACHE Site 2 Years 2-5,394,End Date is text '01/10/2028',Tenable
Medium,Date stored as text,AIP on ACHE Site 2 Years 2-5,395,End Date is text '01/10/2028',Elastic Stack
Medium,Date stored as text,AIP on ACHE Site 2 Years 2-5,396,End Date is text '01/10/2028',Impex EUD
Medium,Date stored as text,AIP on ACHE Site 2 Years 2-5,397,End Date is text '01/10/2028',Vault
Medium,Date stored as text,AIP on ACHE Site 2 Years 2-5,398,End Date is text '01/10/2028',Keycloak
Medium,Date stored as text,AIP on ACHE Site 2 Years 2-5,399,End Date is text '01/10/2028',WAF
Medium,Date stored as text,AIP on ACHE Site 2 Years 2-5,400,End Date is text '01/10/2028',GitLab
Medium,Date stored as text,AIP on ACHE Site 2 Years 2-5,401,End Date is text '01/10/2028',Ansible Deployment Container
Medium,Date stored as text,AIP on ACHE Site 2 Years 2-5,402,End Date is text '01/10/2028',Kubernetes Deployment Boxes
Medium,Date stored as text,AIP on ACHE Site 2 Years 2-5,403,End Date is text '01/10/2028',PostgreSQL
Medium,Date stored as text,AIP on ACHE Site 2 Years 2-5,404,End Date is text '01/04/2028',Root CA
Medium,Date stored as text,AIP on ACHE Site 2 Years 2-5,405,End Date is text '01/04/2028',Issuing CA
Medium,Date stored as text,AIP on ACHE Site 2 Years 2-5,406,End Date is text '01/04/2028',Vault Issuing CA
Medium,Date stored as text,AIP on ACHE Site 2 Years 2-5,407,End Date is text '01/04/2028',BPS Gateway
Medium,Date stored as text,AIP on ACHE Site 2 Years 2-5,409,End Date is text '15/03/2029',Windows VMs
Medium,Date stored as text,AIP on ACHE Site 2 Years 2-5,410,End Date is text '15/03/2029',Linux VMs
Medium,Date stored as text,AIP on ACHE Site 2 Years 2-5,411,End Date is text '15/03/2029',Active Directory
Medium,Date stored as text,AIP on ACHE Site 2 Years 2-5,412,End Date is text '15/03/2029',ADFS
Medium,Date stored as text,AIP on ACHE Site 2 Years 2-5,413,End Date is text '15/03/2029',Beyond Trust
Medium,Date stored as text,AIP on ACHE Site 2 Years 2-5,414,End Date is text '15/03/2029',Tenable
Medium,Date stored as text,AIP on ACHE Site 2 Years 2-5,415,End Date is text '15/03/2029',Elastic Stack
Medium,Date stored as text,AIP on ACHE Site 2 Years 2-5,416,End Date is text '15/03/2029',Impex EUD
Medium,Date stored as text,AIP on ACHE Site 2 Years 2-5,417,End Date is text '15/03/2029',Vault
Medium,Date stored as text,AIP on ACHE Site 2 Years 2-5,418,End Date is text '15/03/2029',Keycloak
Medium,Date stored as text,AIP on ACHE Site 2 Years 2-5,419,End Date is text '15/03/2029',WAF
Medium,Date stored as text,AIP on ACHE Site 2 Years 2-5,420,End Date is text '15/03/2029',GitLab
Medium,Date stored as text,AIP on ACHE Site 2 Years 2-5,421,End Date is text '15/03/2029',Ansible Deployment Container
Medium,Date stored as text,AIP on ACHE Site 2 Years 2-5,422,End Date is text '15/03/2029',Kubernetes Deployment Boxes
Medium,Date stored as text,AIP on ACHE Site 2 Years 2-5,423,End Date is text '15/03/2029',PostgreSQL
Medium,Date stored as text,AIP on ACHE Site 2 Years 2-5,424,End Date is text '15/03/2029',Root CA
Medium,Date stored as text,AIP on ACHE Site 2 Years 2-5,425,End Date is text '15/03/2029',Issuing CA
Medium,Date stored as text,AIP on ACHE Site 2 Years 2-5,426,End Date is text '15/03/2029',Vault Issuing CA
Medium,Date stored as text,AIP on ACHE Site 2 Years 2-5,427,End Date is text '01/04/2028',BPS Gateway
Medium,Date stored as text,AIP on ACHE Site 2 Years 2-5,429,End Date is text '15/03/2029',Windows VMs
Medium,Date stored as text,AIP on ACHE Site 2 Years 2-5,430,End Date is text '15/03/2029',Linux VMs
Medium,Date stored as text,AIP on ACHE Site 2 Years 2-5,431,End Date is text '15/03/2029',Active Directory
Medium,Date stored as text,AIP on ACHE Site 2 Years 2-5,432,End Date is text '15/03/2029',ADFS
Medium,Date stored as text,AIP on ACHE Site 2 Years 2-5,433,End Date is text '15/03/2029',Beyond Trust
Medium,Date stored as text,AIP on ACHE Site 2 Years 2-5,434,End Date is text '15/03/2029',Tenable
Medium,Date stored as text,AIP on ACHE Site 2 Years 2-5,435,End Date is text '15/03/2029',Elastic Stack
Medium,Date stored as text,AIP on ACHE Site 2 Years 2-5,436,End Date is text '15/03/2029',Impex EUD
Medium,Date stored as text,AIP on ACHE Site 2 Years 2-5,437,End Date is text '15/03/2029',Vault
Medium,Date stored as text,AIP on ACHE Site 2 Years 2-5,438,End Date is text '15/03/2029',Keycloak
Medium,Date stored as text,AIP on ACHE Site 2 Years 2-5,439,End Date is text '15/03/2029',WAF
Medium,Date stored as text,AIP on ACHE Site 2 Years 2-5,440,End Date is text '15/03/2029',GitLab
Medium,Date stored as text,AIP on ACHE Site 2 Years 2-5,441,End Date is text '15/03/2029',Ansible Deployment Container
Medium,Date stored as text,AIP on ACHE Site 2 Years 2-5,442,End Date is text '15/03/2029',Kubernetes Deployment Boxes
Medium,Date stored as text,AIP on ACHE Site 2 Years 2-5,443,End Date is text '15/03/2029',PostgreSQL
Medium,Date stored as text,AIP on ACHE Site 2 Years 2-5,444,End Date is text '15/03/2029',Root CA
Medium,Date stored as text,AIP on ACHE Site 2 Years 2-5,445,End Date is text '15/03/2029',Issuing CA
Medium,Date stored as text,AIP on ACHE Site 2 Years 2-5,446,End Date is text '15/03/2029',Vault Issuing CA
Medium,Date stored as text,AIP on ACHE Site 2 Years 2-5,447,End Date is text '01/04/2028',BPS Gateway
Medium,Date stored as text,AIP on ACHE Site 2 Years 2-5,449,End Date is text '15/03/2029',Windows VMs
Medium,Date stored as text,AIP on ACHE Site 2 Years 2-5,450,End Date is text '15/03/2029',Linux VMs
Medium,Date stored as text,AIP on ACHE Site 2 Years 2-5,451,End Date is text '15/03/2029',Active Directory
Medium,Date stored as text,AIP on ACHE Site 2 Years 2-5,452,End Date is text '15/03/2029',ADFS
Medium,Date stored as text,AIP on ACHE Site 2 Years 2-5,453,End Date is text '15/03/2029',Beyond Trust
Medium,Date stored as text,AIP on ACHE Site 2 Years 2-5,454,End Date is text '15/03/2029',Tenable
Medium,Date stored as text,AIP on ACHE Site 2 Years 2-5,455,End Date is text '15/03/2029',Elastic Stack
Medium,Date stored as text,AIP on ACHE Site 2 Years 2-5,456,End Date is text '15/03/2029',Impex EUD
Medium,Date stored as text,AIP on ACHE Site 2 Years 2-5,457,End Date is text '15/03/2029',Vault
Medium,Date stored as text,AIP on ACHE Site 2 Years 2-5,458,End Date is text '15/03/2029',Keycloak
Medium,Date stored as text,AIP on ACHE Site 2 Years 2-5,459,End Date is text '15/03/2029',WAF
Medium,Date stored as text,AIP on ACHE Site 2 Years 2-5,460,End Date is text '15/03/2029',GitLab
Medium,Date stored as text,AIP on ACHE Site 2 Years 2-5,461,End Date is text '15/03/2029',Ansible Deployment Container
Medium,Date stored as text,AIP on ACHE Site 2 Years 2-5,462,End Date is text '15/03/2029',Kubernetes Deployment Boxes
Medium,Date stored as text,AIP on ACHE Site 2 Years 2-5,463,End Date is text '15/03/2029',PostgreSQL
Medium,Date stored as text,AIP on ACHE Site 2 Years 2-5,464,End Date is text '15/03/2029',Root CA
Medium,Date stored as text,AIP on ACHE Site 2 Years 2-5,465,End Date is text '15/03/2029',Issuing CA
Medium,Date stored as text,AIP on ACHE Site 2 Years 2-5,466,End Date is text '15/03/2029',Vault Issuing CA
Medium,Date stored as text,AIP on ACHE Site 2 Years 2-5,468,End Date is text '15/03/2029',Windows VMs
Medium,Date stored as text,AIP on ACHE Site 2 Years 2-5,469,End Date is text '15/03/2029',Linux VMs
Medium,Date stored as text,AIP on ACHE Site 2 Years 2-5,470,End Date is text '15/03/2029',Active Directory
Medium,Date stored as text,AIP on ACHE Site 2 Years 2-5,471,End Date is text '15/03/2029',ADFS
Medium,Date stored as text,AIP on ACHE Site 2 Years 2-5,472,End Date is text '15/03/2029',Beyond Trust
Medium,Date stored as text,AIP on ACHE Site 2 Years 2-5,473,End Date is text '15/03/2029',Tenable
Medium,Date stored as text,AIP on ACHE Site 2 Years 2-5,474,End Date is text '15/03/2029',Elastic Stack
Medium,Date stored as text,AIP on ACHE Site 2 Years 2-5,475,End Date is text '15/03/2029',Impex EUD
Medium,Date stored as text,AIP on ACHE Site 2 Years 2-5,476,End Date is text '15/03/2029',Vault
Medium,Date stored as text,AIP on ACHE Site 2 Years 2-5,477,End Date is text '15/03/2029',Keycloak
Medium,Date stored as text,AIP on ACHE Site 2 Years 2-5,478,End Date is text '15/03/2029',WAF
Medium,Date stored as text,AIP on ACHE Site 2 Years 2-5,479,End Date is text '15/03/2029',GitLab
Medium,Date stored as text,AIP on ACHE Site 2 Years 2-5,480,End Date is text '15/03/2029',Ansible Deployment Container
Medium,Date stored as text,AIP on ACHE Site 2 Years 2-5,481,End Date is text '15/03/2029',Kubernetes Deployment Boxes
Medium,Date stored as text,AIP on ACHE Site 2 Years 2-5,482,End Date is text '15/03/2029',PostgreSQL
Medium,Date stored as text,AIP on ACHE Site 2 Years 2-5,483,End Date is text '15/03/2029',Root CA
Medium,Date stored as text,AIP on ACHE Site 2 Years 2-5,484,End Date is text '15/03/2029',Issuing CA
Medium,Date stored as text,AIP on ACHE Site 2 Years 2-5,485,End Date is text '15/03/2029',Vault Issuing CA
Medium,Date stored as text,AIP on ACHE Site 2 Years 2-5,487,End Date is text '15/03/2029',Windows VMs
Medium,Date stored as text,AIP on ACHE Site 2 Years 2-5,488,End Date is text '15/03/2029',Linux VMs
Medium,Date stored as text,AIP on ACHE Site 2 Years 2-5,489,End Date is text '15/03/2029',Active Directory
Medium,Date stored as text,AIP on ACHE Site 2 Years 2-5,490,End Date is text '15/03/2029',ADFS
Medium,Date stored as text,AIP on ACHE Site 2 Years 2-5,491,End Date is text '15/03/2029',Beyond Trust
Medium,Date stored as text,AIP on ACHE Site 2 Years 2-5,492,End Date is text '15/03/2029',Tenable
Medium,Date stored as text,AIP on ACHE Site 2 Years 2-5,493,End Date is text '15/03/2029',Elastic Stack
Medium,Date stored as text,AIP on ACHE Site 2 Years 2-5,494,End Date is text '15/03/2029',Impex EUD
Medium,Date stored as text,AIP on ACHE Site 2 Years 2-5,495,End Date is text '15/03/2029',Vault
Medium,Date stored as text,AIP on ACHE Site 2 Years 2-5,496,End Date is text '15/03/2029',Keycloak
Medium,Date stored as text,AIP on ACHE Site 2 Years 2-5,497,End Date is text '15/03/2029',WAF
Medium,Date stored as text,AIP on ACHE Site 2 Years 2-5,498,End Date is text '15/03/2029',GitLab
Medium,Date stored as text,AIP on ACHE Site 2 Years 2-5,499,End Date is text '15/03/2029',Ansible Deployment Container
Medium,Date stored as text,AIP on ACHE Site 2 Years 2-5,500,End Date is text '15/03/2029',Kubernetes Deployment Boxes
Medium,Date stored as text,AIP on ACHE Site 2 Years 2-5,501,End Date is text '15/03/2029',PostgreSQL
Medium,Date stored as text,AIP on ACHE Site 2 Years 2-5,502,End Date is text '15/03/2029',Root CA
Medium,Date stored as text,AIP on ACHE Site 2 Years 2-5,503,End Date is text '15/03/2029',Issuing CA
Medium,Date stored as text,AIP on ACHE Site 2 Years 2-5,504,End Date is text '15/03/2029',Vault Issuing CA
Medium,Date stored as text,AIP on ACHE Site 2 Years 2-5,506,End Date is text '15/03/2029',Windows VMs
Medium,Date stored as text,AIP on ACHE Site 2 Years 2-5,507,End Date is text '15/03/2029',Linux VMs
Medium,Date stored as text,AIP on ACHE Site 2 Years 2-5,508,End Date is text '15/03/2029',Active Directory
Medium,Date stored as text,AIP on ACHE Site 2 Years 2-5,509,End Date is text '15/03/2029',ADFS
Medium,Date stored as text,AIP on ACHE Site 2 Years 2-5,510,End Date is text '15/03/2029',Beyond Trust
Medium,Date stored as text,AIP on ACHE Site 2 Years 2-5,511,End Date is text '15/03/2029',Tenable
Medium,Date stored as text,AIP on ACHE Site 2 Years 2-5,512,End Date is text '15/03/2029',Elastic Stack
Medium,Date stored as text,AIP on ACHE Site 2 Years 2-5,513,End Date is text '15/03/2029',Impex EUD
Medium,Date stored as text,AIP on ACHE Site 2 Years 2-5,514,End Date is text '15/03/2029',Vault
Medium,Date stored as text,AIP on ACHE Site 2 Years 2-5,515,End Date is text '15/03/2029',Keycloak
Medium,Date stored as text,AIP on ACHE Site 2 Years 2-5,516,End Date is text '15/03/2029',WAF
Medium,Date stored as text,AIP on ACHE Site 2 Years 2-5,517,End Date is text '15/03/2029',GitLab
Medium,Date stored as text,AIP on ACHE Site 2 Years 2-5,518,End Date is text '15/03/2029',Ansible Deployment Container
Medium,Date stored as text,AIP on ACHE Site 2 Years 2-5,519,End Date is text '15/03/2029',Kubernetes Deployment Boxes
Medium,Date stored as text,AIP on ACHE Site 2 Years 2-5,520,End Date is text '15/03/2029',PostgreSQL
Medium,Date stored as text,AIP on ACHE Site 2 Years 2-5,521,End Date is text '15/03/2029',Root CA
Medium,Date stored as text,AIP on ACHE Site 2 Years 2-5,522,End Date is text '15/03/2029',Issuing CA
Medium,Date stored as text,AIP on ACHE Site 2 Years 2-5,523,End Date is text '15/03/2029',Vault Issuing CA
Medium,Date stored as text,AIP on ACHE Site 2 Years 2-5,526,End Date is text '15/03/2030',Change Control - Beyond Trust
Medium,Date stored as text,AIP on ACHE Site 2 Years 2-5,527,End Date is text '15/03/2030',Change Control - Tenable
Medium,Date stored as text,AIP on ACHE Site 2 Years 2-5,528,End Date is text '15/03/2030',Change Control - Elastic Stack
Medium,Date stored as text,AIP on ACHE Site 2 Years 2-5,529,End Date is text '15/03/2030',Change Control - Vault
Medium,Date stored as text,AIP on ACHE Site 2 Years 2-5,530,End Date is text '15/03/2030',Change Control - Keycloak
Medium,Date stored as text,AIP on ACHE Site 2 Years 2-5,531,End Date is text '15/03/2030',Change Control - WAF
Medium,Date stored as text,AIP on ACHE Site 2 Years 2-5,532,End Date is text '15/03/2030',Change Control - GitLab
Medium,Date stored as text,AIP on ACHE Site 2 Years 2-5,533,End Date is text '15/03/2030',Change Control - Ansible Deployment Container
Medium,Date stored as text,AIP on ACHE Site 2 Years 2-5,534,End Date is text '15/03/2030',Change Control - Kubernetes Deployment Boxes
Medium,Date stored as text,AIP on ACHE Site 2 Years 2-5,535,End Date is text '15/03/2030',Change Control - PostgreSQL 
Medium,Date stored as text,AIP on ACHE Site 2 Years 2-5,536,End Date is text '15/03/2030',Impex - Beyond Trust
Medium,Date stored as text,AIP on ACHE Site 2 Years 2-5,537,End Date is text '15/03/2030',Impex - Tenable
Medium,Date stored as text,AIP on ACHE Site 2 Years 2-5,538,End Date is text '15/03/2030',Impex - Elastic Stack
Medium,Date stored as text,AIP on ACHE Site 2 Years 2-5,539,End Date is text '15/03/2030',Impex - Vault
Medium,Date stored as text,AIP on ACHE Site 2 Years 2-5,540,End Date is text '15/03/2030',Impex - Keycloak
Medium,Date stored as text,AIP on ACHE Site 2 Years 2-5,541,End Date is text '15/03/2030',Impex - WAF
Medium,Date stored as text,AIP on ACHE Site 2 Years 2-5,542,End Date is text '15/03/2030',Impex - GitLab
Medium,Date stored as text,AIP on ACHE Site 2 Years 2-5,543,End Date is text '15/03/2030',Impex - Ansible Deployment Container
Medium,Date stored as text,AIP on ACHE Site 2 Years 2-5,544,End Date is text '15/03/2030',Impex - Kubernetes Deployment Boxes
Medium,Date stored as text,AIP on ACHE Site 2 Years 2-5,545,End Date is text '15/03/2030',Impex Security Review - Beyond Trust
Medium,Date stored as text,AIP on ACHE Site 2 Years 2-5,546,End Date is text '15/03/2030',Impex Security Review - Tenable
Medium,Date stored as text,AIP on ACHE Site 2 Years 2-5,547,End Date is text '15/03/2030',Impex Security Review - Elastic Stack
Medium,Date stored as text,AIP on ACHE Site 2 Years 2-5,548,End Date is text '15/03/2030',Impex Security Review - Vault
Medium,Date stored as text,AIP on ACHE Site 2 Years 2-5,549,End Date is text '15/03/2030',Impex Security Review - Keycloak
Medium,Date stored as text,AIP on ACHE Site 2 Years 2-5,550,End Date is text '15/03/2030',Impex Security Review - WAF
Medium,Date stored as text,AIP on ACHE Site 2 Years 2-5,551,End Date is text '15/03/2030',Impex Security Review - GitLab
Medium,Date stored as text,AIP on ACHE Site 2 Years 2-5,552,End Date is text '15/03/2030',Impex Security Review - Ansible Deployment Container
Medium,Date stored as text,AIP on ACHE Site 2 Years 2-5,553,End Date is text '15/03/2030',Impex Security Review - Kubernetes Deployment Boxes
Medium,Date stored as text,AIP on ACHE Site 2 Years 2-5,554,End Date is text '15/03/2030',Deployment - Beyond Trust
Medium,Date stored as text,AIP on ACHE Site 2 Years 2-5,555,End Date is text '15/03/2030',Deployment - Tenable
Medium,Date stored as text,AIP on ACHE Site 2 Years 2-5,556,End Date is text '15/03/2030',Deployment - Elastic Stack
Medium,Date stored as text,AIP on ACHE Site 2 Years 2-5,557,End Date is text '15/03/2030',Deployment - Vault
Medium,Date stored as text,AIP on ACHE Site 2 Years 2-5,558,End Date is text '15/03/2030',Deployment - Keycloak
Medium,Date stored as text,AIP on ACHE Site 2 Years 2-5,559,End Date is text '15/03/2030',Deployment - WAF
Medium,Date stored as text,AIP on ACHE Site 2 Years 2-5,560,End Date is text '15/03/2030',Deployment - GitLab
Medium,Date stored as text,AIP on ACHE Site 2 Years 2-5,561,End Date is text '15/03/2030',Deployment - Ansible Deployment Container
Medium,Date stored as text,AIP on ACHE Site 2 Years 2-5,562,End Date is text '15/03/2030',Deployment - Kubernetes Deployment Boxes
Medium,Date stored as text,AIP on ACHE Site 2 Years 2-5,563,End Date is text '15/03/2030',Deployment - PostgreSQL
Medium,Date stored as text,AIP on ACHE Site 2 Years 2-5,564,End Date is text '01/03/2030',Deployment - Root CA
Medium,Date stored as text,AIP on ACHE Site 2 Years 2-5,565,End Date is text '15/03/2030',Post-Deployment Testing - Beyond Trust
Medium,Date stored as text,AIP on ACHE Site 2 Years 2-5,566,End Date is text '15/03/2030',Post-Deployment Testing - Tenable
Medium,Date stored as text,AIP on ACHE Site 2 Years 2-5,567,End Date is text '15/03/2030',Post-Deployment Testing - Elastic Stack
Medium,Date stored as text,AIP on ACHE Site 2 Years 2-5,568,End Date is text '15/03/2030',Post-Deployment Testing - Keycloak
Medium,Date stored as text,AIP on ACHE Site 2 Years 2-5,570,End Date is text '15/03/2030',Change Control - Beyond Trust
Medium,Date stored as text,AIP on ACHE Site 2 Years 2-5,571,End Date is text '15/03/2030',Change Control - Tenable
Medium,Date stored as text,AIP on ACHE Site 2 Years 2-5,572,End Date is text '15/03/2030',Change Control - Elastic Stack
Medium,Date stored as text,AIP on ACHE Site 2 Years 2-5,573,End Date is text '15/03/2030',Change Control - Vault
Medium,Date stored as text,AIP on ACHE Site 2 Years 2-5,574,End Date is text '15/03/2030',Change Control - Keycloak
Medium,Date stored as text,AIP on ACHE Site 2 Years 2-5,575,End Date is text '15/03/2030',Change Control - WAF
Medium,Date stored as text,AIP on ACHE Site 2 Years 2-5,576,End Date is text '15/03/2030',Change Control - GitLab
Medium,Date stored as text,AIP on ACHE Site 2 Years 2-5,577,End Date is text '15/03/2030',Change Control - Ansible Deployment Container
Medium,Date stored as text,AIP on ACHE Site 2 Years 2-5,578,End Date is text '15/03/2030',Change Control - Kubernetes Deployment Boxes
Medium,Date stored as text,AIP on ACHE Site 2 Years 2-5,579,End Date is text '15/03/2030',Change Control - PostgreSQL 
Medium,Date stored as text,AIP on ACHE Site 2 Years 2-5,580,End Date is text '15/03/2030',Impex - Beyond Trust
Medium,Date stored as text,AIP on ACHE Site 2 Years 2-5,581,End Date is text '15/03/2030',Impex - Tenable
Medium,Date stored as text,AIP on ACHE Site 2 Years 2-5,582,End Date is text '15/03/2030',Impex - Elastic Stack
Medium,Date stored as text,AIP on ACHE Site 2 Years 2-5,583,End Date is text '15/03/2030',Impex - Vault
Medium,Date stored as text,AIP on ACHE Site 2 Years 2-5,584,End Date is text '15/03/2030',Impex - Keycloak
Medium,Date stored as text,AIP on ACHE Site 2 Years 2-5,585,End Date is text '15/03/2030',Impex - WAF
Medium,Date stored as text,AIP on ACHE Site 2 Years 2-5,586,End Date is text '15/03/2030',Impex - GitLab
Medium,Date stored as text,AIP on ACHE Site 2 Years 2-5,587,End Date is text '15/03/2030',Impex - Ansible Deployment Container
Medium,Date stored as text,AIP on ACHE Site 2 Years 2-5,588,End Date is text '15/03/2030',Impex - Kubernetes Deployment Boxes
Medium,Date stored as text,AIP on ACHE Site 2 Years 2-5,589,End Date is text '15/03/2030',Impex Security Review - Beyond Trust
Medium,Date stored as text,AIP on ACHE Site 2 Years 2-5,590,End Date is text '15/03/2030',Impex Security Review - Tenable
Medium,Date stored as text,AIP on ACHE Site 2 Years 2-5,591,End Date is text '15/03/2030',Impex Security Review - Elastic Stack
Medium,Date stored as text,AIP on ACHE Site 2 Years 2-5,592,End Date is text '15/03/2030',Impex Security Review - Vault
Medium,Date stored as text,AIP on ACHE Site 2 Years 2-5,593,End Date is text '15/03/2030',Impex Security Review - Keycloak
Medium,Date stored as text,AIP on ACHE Site 2 Years 2-5,594,End Date is text '15/03/2030',Impex Security Review - WAF
Medium,Date stored as text,AIP on ACHE Site 2 Years 2-5,595,End Date is text '15/03/2030',Impex Security Review - GitLab
Medium,Date stored as text,AIP on ACHE Site 2 Years 2-5,596,End Date is text '15/03/2030',Impex Security Review - Ansible Deployment Container
Medium,Date stored as text,AIP on ACHE Site 2 Years 2-5,597,End Date is text '15/03/2030',Impex Security Review - Kubernetes Deployment Boxes
Medium,Date stored as text,AIP on ACHE Site 2 Years 2-5,598,End Date is text '15/03/2030',Deployment - Beyond Trust
Medium,Date stored as text,AIP on ACHE Site 2 Years 2-5,599,End Date is text '15/03/2030',Deployment - Tenable
Medium,Date stored as text,AIP on ACHE Site 2 Years 2-5,600,End Date is text '15/03/2030',Deployment - Elastic Stack
Medium,Date stored as text,AIP on ACHE Site 2 Years 2-5,601,End Date is text '15/03/2030',Deployment - Vault
Medium,Date stored as text,AIP on ACHE Site 2 Years 2-5,602,End Date is text '15/03/2030',Deployment - Keycloak
Medium,Date stored as text,AIP on ACHE Site 2 Years 2-5,603,End Date is text '15/03/2030',Deployment - WAF
Medium,Date stored as text,AIP on ACHE Site 2 Years 2-5,604,End Date is text '15/03/2030',Deployment - GitLab
Medium,Date stored as text,AIP on ACHE Site 2 Years 2-5,605,End Date is text '15/03/2030',Deployment - Ansible Deployment Container
Medium,Date stored as text,AIP on ACHE Site 2 Years 2-5,606,End Date is text '15/03/2030',Deployment - Kubernetes Deployment Boxes
Medium,Date stored as text,AIP on ACHE Site 2 Years 2-5,607,End Date is text '15/03/2030',Deployment - PostgreSQL
Medium,Date stored as text,AIP on ACHE Site 2 Years 2-5,608,End Date is text '01/03/2030',Deployment - Root CA
Medium,Date stored as text,AIP on ACHE Site 2 Years 2-5,609,End Date is text '15/03/2030',Post-Deployment Testing - Beyond Trust
Medium,Date stored as text,AIP on ACHE Site 2 Years 2-5,610,End Date is text '15/03/2030',Post-Deployment Testing - Tenable
Medium,Date stored as text,AIP on ACHE Site 2 Years 2-5,611,End Date is text '15/03/2030',Post-Deployment Testing - Elastic Stack
Medium,Date stored as text,AIP on ACHE Site 2 Years 2-5,612,End Date is text '15/03/2030',Post-Deployment Testing - Keycloak
Medium,Date stored as text,AIP on ACHE Site 2 Years 2-5,614,End Date is text '01/10/2029',Windows
Medium,Date stored as text,AIP on ACHE Site 2 Years 2-5,615,End Date is text '01/10/2029',Beyond Trust
Medium,Date stored as text,AIP on ACHE Site 2 Years 2-5,616,End Date is text '01/10/2029',Tenable
Medium,Date stored as text,AIP on ACHE Site 2 Years 2-5,617,End Date is text '01/10/2029',Elastic Stack
Medium,Date stored as text,AIP on ACHE Site 2 Years 2-5,618,End Date is text '01/10/2029',Vault
Medium,Date stored as text,AIP on ACHE Site 2 Years 2-5,619,End Date is text '01/10/2029',WAF
Medium,Date stored as text,AIP on ACHE Site 2 Years 2-5,620,End Date is text '01/10/2029',GitLab
Medium,Date stored as text,AIP on ACHE Site 2 Years 2-5,622,End Date is text '01/10/2029',Windows
Medium,Date stored as text,AIP on ACHE Site 2 Years 2-5,623,End Date is text '01/10/2029',Beyond Trust
Medium,Date stored as text,AIP on ACHE Site 2 Years 2-5,624,End Date is text '01/10/2029',Tenable
Medium,Date stored as text,AIP on ACHE Site 2 Years 2-5,625,End Date is text '01/10/2029',Elastic Stack
Medium,Date stored as text,AIP on ACHE Site 2 Years 2-5,626,End Date is text '01/10/2029',Vault
Medium,Date stored as text,AIP on ACHE Site 2 Years 2-5,627,End Date is text '01/10/2029',WAF
Medium,Date stored as text,AIP on ACHE Site 2 Years 2-5,628,End Date is text '01/10/2029',GitLab
Medium,Date stored as text,AIP on ACHE Site 2 Years 2-5,630,End Date is text '01/10/2029',Windows VMs
Medium,Date stored as text,AIP on ACHE Site 2 Years 2-5,631,End Date is text '01/10/2029',Linux VMs
Medium,Date stored as text,AIP on ACHE Site 2 Years 2-5,632,End Date is text '01/10/2029',Active Directory
Medium,Date stored as text,AIP on ACHE Site 2 Years 2-5,633,End Date is text '01/10/2029',ADFS
Medium,Date stored as text,AIP on ACHE Site 2 Years 2-5,634,End Date is text '01/10/2029',Beyond Trust
Medium,Date stored as text,AIP on ACHE Site 2 Years 2-5,635,End Date is text '01/10/2029',Tenable
Medium,Date stored as text,AIP on ACHE Site 2 Years 2-5,636,End Date is text '01/10/2029',Elastic Stack
Medium,Date stored as text,AIP on ACHE Site 2 Years 2-5,637,End Date is text '01/10/2029',Impex EUD
Medium,Date stored as text,AIP on ACHE Site 2 Years 2-5,638,End Date is text '01/10/2029',Vault
Medium,Date stored as text,AIP on ACHE Site 2 Years 2-5,639,End Date is text '01/10/2029',Keycloak
Medium,Date stored as text,AIP on ACHE Site 2 Years 2-5,640,End Date is text '01/10/2029',WAF
Medium,Date stored as text,AIP on ACHE Site 2 Years 2-5,641,End Date is text '01/10/2029',GitLab
Medium,Date stored as text,AIP on ACHE Site 2 Years 2-5,642,End Date is text '01/10/2029',Ansible Deployment Container
Medium,Date stored as text,AIP on ACHE Site 2 Years 2-5,643,End Date is text '01/10/2029',Kubernetes Deployment Boxes
Medium,Date stored as text,AIP on ACHE Site 2 Years 2-5,644,End Date is text '01/10/2029',PostgreSQL
Medium,Date stored as text,AIP on ACHE Site 2 Years 2-5,645,End Date is text '01/04/2029',Root CA
Medium,Date stored as text,AIP on ACHE Site 2 Years 2-5,646,End Date is text '01/04/2029',Issuing CA
Medium,Date stored as text,AIP on ACHE Site 2 Years 2-5,647,End Date is text '01/04/2029',Vault Issuing CA
Medium,Date stored as text,AIP on ACHE Site 2 Years 2-5,648,End Date is text '01/10/2029',BPS Gateway
Medium,Date stored as text,AIP on ACHE Site 2 Years 2-5,650,End Date is text '01/10/2029',Windows VMs
Medium,Date stored as text,AIP on ACHE Site 2 Years 2-5,651,End Date is text '01/10/2029',Linux VMs
Medium,Date stored as text,AIP on ACHE Site 2 Years 2-5,652,End Date is text '01/10/2029',Active Directory
Medium,Date stored as text,AIP on ACHE Site 2 Years 2-5,653,End Date is text '01/10/2029',ADFS
Medium,Date stored as text,AIP on ACHE Site 2 Years 2-5,654,End Date is text '01/10/2029',Beyond Trust
Medium,Date stored as text,AIP on ACHE Site 2 Years 2-5,655,End Date is text '01/10/2029',Tenable
Medium,Date stored as text,AIP on ACHE Site 2 Years 2-5,656,End Date is text '01/10/2029',Elastic Stack
Medium,Date stored as text,AIP on ACHE Site 2 Years 2-5,657,End Date is text '01/10/2029',Impex EUD
Medium,Date stored as text,AIP on ACHE Site 2 Years 2-5,658,End Date is text '01/10/2029',Vault
Medium,Date stored as text,AIP on ACHE Site 2 Years 2-5,659,End Date is text '01/10/2029',Keycloak
Medium,Date stored as text,AIP on ACHE Site 2 Years 2-5,660,End Date is text '01/10/2029',WAF
Medium,Date stored as text,AIP on ACHE Site 2 Years 2-5,661,End Date is text '01/10/2029',GitLab
Medium,Date stored as text,AIP on ACHE Site 2 Years 2-5,662,End Date is text '01/10/2029',Ansible Deployment Container
Medium,Date stored as text,AIP on ACHE Site 2 Years 2-5,663,End Date is text '01/10/2029',Kubernetes Deployment Boxes
Medium,Date stored as text,AIP on ACHE Site 2 Years 2-5,664,End Date is text '01/10/2029',PostgreSQL
Medium,Date stored as text,AIP on ACHE Site 2 Years 2-5,665,End Date is text '01/04/2029',Root CA
Medium,Date stored as text,AIP on ACHE Site 2 Years 2-5,666,End Date is text '01/04/2029',Issuing CA
Medium,Date stored as text,AIP on ACHE Site 2 Years 2-5,667,End Date is text '01/04/2029',Vault Issuing CA
Medium,Date stored as text,AIP on ACHE Site 2 Years 2-5,668,End Date is text '01/04/2029',BPS Gateway
Medium,Date stored as text,AIP on ACHE Site 2 Years 2-5,670,End Date is text '15/03/2030',Windows VMs
Medium,Date stored as text,AIP on ACHE Site 2 Years 2-5,671,End Date is text '15/03/2030',Linux VMs
Medium,Date stored as text,AIP on ACHE Site 2 Years 2-5,672,End Date is text '15/03/2030',Active Directory
Medium,Date stored as text,AIP on ACHE Site 2 Years 2-5,673,End Date is text '15/03/2030',ADFS
Medium,Date stored as text,AIP on ACHE Site 2 Years 2-5,674,End Date is text '15/03/2030',Beyond Trust
Medium,Date stored as text,AIP on ACHE Site 2 Years 2-5,675,End Date is text '15/03/2030',Tenable
Medium,Date stored as text,AIP on ACHE Site 2 Years 2-5,676,End Date is text '15/03/2030',Elastic Stack
Medium,Date stored as text,AIP on ACHE Site 2 Years 2-5,677,End Date is text '15/03/2030',Impex EUD
Medium,Date stored as text,AIP on ACHE Site 2 Years 2-5,678,End Date is text '15/03/2030',Vault
Medium,Date stored as text,AIP on ACHE Site 2 Years 2-5,679,End Date is text '15/03/2030',Keycloak
Medium,Date stored as text,AIP on ACHE Site 2 Years 2-5,680,End Date is text '15/03/2030',WAF
Medium,Date stored as text,AIP on ACHE Site 2 Years 2-5,681,End Date is text '15/03/2030',GitLab
Medium,Date stored as text,AIP on ACHE Site 2 Years 2-5,682,End Date is text '15/03/2030',Ansible Deployment Container
Medium,Date stored as text,AIP on ACHE Site 2 Years 2-5,683,End Date is text '15/03/2030',Kubernetes Deployment Boxes
Medium,Date stored as text,AIP on ACHE Site 2 Years 2-5,684,End Date is text '15/03/2030',PostgreSQL
Medium,Date stored as text,AIP on ACHE Site 2 Years 2-5,685,End Date is text '15/03/2030',Root CA
Medium,Date stored as text,AIP on ACHE Site 2 Years 2-5,686,End Date is text '15/03/2030',Issuing CA
Medium,Date stored as text,AIP on ACHE Site 2 Years 2-5,687,End Date is text '15/03/2030',Vault Issuing CA
Medium,Date stored as text,AIP on ACHE Site 2 Years 2-5,688,End Date is text '01/04/2029',BPS Gateway
Medium,Date stored as text,AIP on ACHE Site 2 Years 2-5,690,End Date is text '15/03/2030',Windows VMs
Medium,Date stored as text,AIP on ACHE Site 2 Years 2-5,691,End Date is text '15/03/2030',Linux VMs
Medium,Date stored as text,AIP on ACHE Site 2 Years 2-5,692,End Date is text '15/03/2030',Active Directory
Medium,Date stored as text,AIP on ACHE Site 2 Years 2-5,693,End Date is text '15/03/2030',ADFS
Medium,Date stored as text,AIP on ACHE Site 2 Years 2-5,694,End Date is text '15/03/2030',Beyond Trust
Medium,Date stored as text,AIP on ACHE Site 2 Years 2-5,695,End Date is text '15/03/2030',Tenable
Medium,Date stored as text,AIP on ACHE Site 2 Years 2-5,696,End Date is text '15/03/2030',Elastic Stack
Medium,Date stored as text,AIP on ACHE Site 2 Years 2-5,697,End Date is text '15/03/2030',Impex EUD
Medium,Date stored as text,AIP on ACHE Site 2 Years 2-5,698,End Date is text '15/03/2030',Vault
Medium,Date stored as text,AIP on ACHE Site 2 Years 2-5,699,End Date is text '15/03/2030',Keycloak
Medium,Date stored as text,AIP on ACHE Site 2 Years 2-5,700,End Date is text '15/03/2030',WAF
Medium,Date stored as text,AIP on ACHE Site 2 Years 2-5,701,End Date is text '15/03/2030',GitLab
Medium,Date stored as text,AIP on ACHE Site 2 Years 2-5,702,End Date is text '15/03/2030',Ansible Deployment Container
Medium,Date stored as text,AIP on ACHE Site 2 Years 2-5,703,End Date is text '15/03/2030',Kubernetes Deployment Boxes
Medium,Date stored as text,AIP on ACHE Site 2 Years 2-5,704,End Date is text '15/03/2030',PostgreSQL
Medium,Date stored as text,AIP on ACHE Site 2 Years 2-5,705,End Date is text '15/03/2030',Root CA
Medium,Date stored as text,AIP on ACHE Site 2 Years 2-5,706,End Date is text '15/03/2030',Issuing CA
Medium,Date stored as text,AIP on ACHE Site 2 Years 2-5,707,End Date is text '15/03/2030',Vault Issuing CA
Medium,Date stored as text,AIP on ACHE Site 2 Years 2-5,708,End Date is text '01/04/2029',BPS Gateway
Medium,Date stored as text,AIP on ACHE Site 2 Years 2-5,710,End Date is text '15/03/2030',Windows VMs
Medium,Date stored as text,AIP on ACHE Site 2 Years 2-5,711,End Date is text '15/03/2030',Linux VMs
Medium,Date stored as text,AIP on ACHE Site 2 Years 2-5,712,End Date is text '15/03/2030',Active Directory
Medium,Date stored as text,AIP on ACHE Site 2 Years 2-5,713,End Date is text '15/03/2030',ADFS
Medium,Date stored as text,AIP on ACHE Site 2 Years 2-5,714,End Date is text '15/03/2030',Beyond Trust
Medium,Date stored as text,AIP on ACHE Site 2 Years 2-5,715,End Date is text '15/03/2030',Tenable
Medium,Date stored as text,AIP on ACHE Site 2 Years 2-5,716,End Date is text '15/03/2030',Elastic Stack
Medium,Date stored as text,AIP on ACHE Site 2 Years 2-5,717,End Date is text '15/03/2030',Impex EUD
Medium,Date stored as text,AIP on ACHE Site 2 Years 2-5,718,End Date is text '15/03/2030',Vault
Medium,Date stored as text,AIP on ACHE Site 2 Years 2-5,719,End Date is text '15/03/2030',Keycloak
Medium,Date stored as text,AIP on ACHE Site 2 Years 2-5,720,End Date is text '15/03/2030',WAF
Medium,Date stored as text,AIP on ACHE Site 2 Years 2-5,721,End Date is text '15/03/2030',GitLab
Medium,Date stored as text,AIP on ACHE Site 2 Years 2-5,722,End Date is text '15/03/2030',Ansible Deployment Container
Medium,Date stored as text,AIP on ACHE Site 2 Years 2-5,723,End Date is text '15/03/2030',Kubernetes Deployment Boxes
Medium,Date stored as text,AIP on ACHE Site 2 Years 2-5,724,End Date is text '15/03/2030',PostgreSQL
Medium,Date stored as text,AIP on ACHE Site 2 Years 2-5,725,End Date is text '15/03/2030',Root CA
Medium,Date stored as text,AIP on ACHE Site 2 Years 2-5,726,End Date is text '15/03/2030',Issuing CA
Medium,Date stored as text,AIP on ACHE Site 2 Years 2-5,727,End Date is text '15/03/2030',Vault Issuing CA
Medium,Date stored as text,AIP on ACHE Site 2 Years 2-5,729,End Date is text '15/03/2030',Windows VMs
Medium,Date stored as text,AIP on ACHE Site 2 Years 2-5,730,End Date is text '15/03/2030',Linux VMs
Medium,Date stored as text,AIP on ACHE Site 2 Years 2-5,731,End Date is text '15/03/2030',Active Directory
Medium,Date stored as text,AIP on ACHE Site 2 Years 2-5,732,End Date is text '15/03/2030',ADFS
Medium,Date stored as text,AIP on ACHE Site 2 Years 2-5,733,End Date is text '15/03/2030',Beyond Trust
Medium,Date stored as text,AIP on ACHE Site 2 Years 2-5,734,End Date is text '15/03/2030',Tenable
Medium,Date stored as text,AIP on ACHE Site 2 Years 2-5,735,End Date is text '15/03/2030',Elastic Stack
Medium,Date stored as text,AIP on ACHE Site 2 Years 2-5,736,End Date is text '15/03/2030',Impex EUD
Medium,Date stored as text,AIP on ACHE Site 2 Years 2-5,737,End Date is text '15/03/2030',Vault
Medium,Date stored as text,AIP on ACHE Site 2 Years 2-5,738,End Date is text '15/03/2030',Keycloak
Medium,Date stored as text,AIP on ACHE Site 2 Years 2-5,739,End Date is text '15/03/2030',WAF
Medium,Date stored as text,AIP on ACHE Site 2 Years 2-5,740,End Date is text '15/03/2030',GitLab
Medium,Date stored as text,AIP on ACHE Site 2 Years 2-5,741,End Date is text '15/03/2030',Ansible Deployment Container
Medium,Date stored as text,AIP on ACHE Site 2 Years 2-5,742,End Date is text '15/03/2030',Kubernetes Deployment Boxes
Medium,Date stored as text,AIP on ACHE Site 2 Years 2-5,743,End Date is text '15/03/2030',PostgreSQL
Medium,Date stored as text,AIP on ACHE Site 2 Years 2-5,744,End Date is text '15/03/2030',Root CA
Medium,Date stored as text,AIP on ACHE Site 2 Years 2-5,745,End Date is text '15/03/2030',Issuing CA
Medium,Date stored as text,AIP on ACHE Site 2 Years 2-5,746,End Date is text '15/03/2030',Vault Issuing CA
Medium,Date stored as text,AIP on ACHE Site 2 Years 2-5,748,End Date is text '15/03/2030',Windows VMs
Medium,Date stored as text,AIP on ACHE Site 2 Years 2-5,749,End Date is text '15/03/2030',Linux VMs
Medium,Date stored as text,AIP on ACHE Site 2 Years 2-5,750,End Date is text '15/03/2030',Active Directory
Medium,Date stored as text,AIP on ACHE Site 2 Years 2-5,751,End Date is text '15/03/2030',ADFS
Medium,Date stored as text,AIP on ACHE Site 2 Years 2-5,752,End Date is text '15/03/2030',Beyond Trust
Medium,Date stored as text,AIP on ACHE Site 2 Years 2-5,753,End Date is text '15/03/2030',Tenable
Medium,Date stored as text,AIP on ACHE Site 2 Years 2-5,754,End Date is text '15/03/2030',Elastic Stack
Medium,Date stored as text,AIP on ACHE Site 2 Years 2-5,755,End Date is text '15/03/2030',Impex EUD
Medium,Date stored as text,AIP on ACHE Site 2 Years 2-5,756,End Date is text '15/03/2030',Vault
Medium,Date stored as text,AIP on ACHE Site 2 Years 2-5,757,End Date is text '15/03/2030',Keycloak
Medium,Date stored as text,AIP on ACHE Site 2 Years 2-5,758,End Date is text '15/03/2030',WAF
Medium,Date stored as text,AIP on ACHE Site 2 Years 2-5,759,End Date is text '15/03/2030',GitLab
Medium,Date stored as text,AIP on ACHE Site 2 Years 2-5,760,End Date is text '15/03/2030',Ansible Deployment Container
Medium,Date stored as text,AIP on ACHE Site 2 Years 2-5,761,End Date is text '15/03/2030',Kubernetes Deployment Boxes
Medium,Date stored as text,AIP on ACHE Site 2 Years 2-5,762,End Date is text '15/03/2030',PostgreSQL
Medium,Date stored as text,AIP on ACHE Site 2 Years 2-5,763,End Date is text '15/03/2030',Root CA
Medium,Date stored as text,AIP on ACHE Site 2 Years 2-5,764,End Date is text '15/03/2030',Issuing CA
Medium,Date stored as text,AIP on ACHE Site 2 Years 2-5,765,End Date is text '15/03/2030',Vault Issuing CA
Medium,Date stored as text,AIP on ACHE Site 2 Years 2-5,767,End Date is text '15/03/2030',Windows VMs
Medium,Date stored as text,AIP on ACHE Site 2 Years 2-5,768,End Date is text '15/03/2030',Linux VMs
Medium,Date stored as text,AIP on ACHE Site 2 Years 2-5,769,End Date is text '15/03/2030',Active Directory
Medium,Date stored as text,AIP on ACHE Site 2 Years 2-5,770,End Date is text '15/03/2030',ADFS
Medium,Date stored as text,AIP on ACHE Site 2 Years 2-5,771,End Date is text '15/03/2030',Beyond Trust
Medium,Date stored as text,AIP on ACHE Site 2 Years 2-5,772,End Date is text '15/03/2030',Tenable
Medium,Date stored as text,AIP on ACHE Site 2 Years 2-5,773,End Date is text '15/03/2030',Elastic Stack
Medium,Date stored as text,AIP on ACHE Site 2 Years 2-5,774,End Date is text '15/03/2030',Impex EUD
Medium,Date stored as text,AIP on ACHE Site 2 Years 2-5,775,End Date is text '15/03/2030',Vault
Medium,Date stored as text,AIP on ACHE Site 2 Years 2-5,776,End Date is text '15/03/2030',Keycloak
Medium,Date stored as text,AIP on ACHE Site 2 Years 2-5,777,End Date is text '15/03/2030',WAF
Medium,Date stored as text,AIP on ACHE Site 2 Years 2-5,778,End Date is text '15/03/2030',GitLab
Medium,Date stored as text,AIP on ACHE Site 2 Years 2-5,779,End Date is text '15/03/2030',Ansible Deployment Container
Medium,Date stored as text,AIP on ACHE Site 2 Years 2-5,780,End Date is text '15/03/2030',Kubernetes Deployment Boxes
Medium,Date stored as text,AIP on ACHE Site 2 Years 2-5,781,End Date is text '15/03/2030',PostgreSQL
Medium,Date stored as text,AIP on ACHE Site 2 Years 2-5,782,End Date is text '15/03/2030',Root CA
Medium,Date stored as text,AIP on ACHE Site 2 Years 2-5,783,End Date is text '15/03/2030',Issuing CA
Medium,Date stored as text,AIP on ACHE Site 2 Years 2-5,784,End Date is text '15/03/2030',Vault Issuing CA
Medium,Date stored as text,AIP on ACHE Site 2 Years 2-5,787,End Date is text '15/03/2031',Change Control - Beyond Trust
Medium,Date stored as text,AIP on ACHE Site 2 Years 2-5,788,End Date is text '15/03/2031',Change Control - Tenable
Medium,Date stored as text,AIP on ACHE Site 2 Years 2-5,789,End Date is text '15/03/2031',Change Control - Elastic Stack
Medium,Date stored as text,AIP on ACHE Site 2 Years 2-5,790,End Date is text '15/03/2031',Change Control - Vault
Medium,Date stored as text,AIP on ACHE Site 2 Years 2-5,791,End Date is text '15/03/2031',Change Control - Keycloak
Medium,Date stored as text,AIP on ACHE Site 2 Years 2-5,792,End Date is text '15/03/2031',Change Control - WAF
Medium,Date stored as text,AIP on ACHE Site 2 Years 2-5,793,End Date is text '15/03/2031',Change Control - GitLab
Medium,Date stored as text,AIP on ACHE Site 2 Years 2-5,794,End Date is text '15/03/2031',Change Control - Ansible Deployment Container
Medium,Date stored as text,AIP on ACHE Site 2 Years 2-5,795,End Date is text '15/03/2031',Change Control - Kubernetes Deployment Boxes
Medium,Date stored as text,AIP on ACHE Site 2 Years 2-5,796,End Date is text '15/03/2031',Change Control - PostgreSQL 
Medium,Date stored as text,AIP on ACHE Site 2 Years 2-5,797,End Date is text '15/03/2031',Impex - Beyond Trust
Medium,Date stored as text,AIP on ACHE Site 2 Years 2-5,798,End Date is text '15/03/2031',Impex - Tenable
Medium,Date stored as text,AIP on ACHE Site 2 Years 2-5,799,End Date is text '15/03/2031',Impex - Elastic Stack
Medium,Date stored as text,AIP on ACHE Site 2 Years 2-5,800,End Date is text '15/03/2031',Impex - Vault
Medium,Date stored as text,AIP on ACHE Site 2 Years 2-5,801,End Date is text '15/03/2031',Impex - Keycloak
Medium,Date stored as text,AIP on ACHE Site 2 Years 2-5,802,End Date is text '15/03/2031',Impex - WAF
Medium,Date stored as text,AIP on ACHE Site 2 Years 2-5,803,End Date is text '15/03/2031',Impex - GitLab
Medium,Date stored as text,AIP on ACHE Site 2 Years 2-5,804,End Date is text '15/03/2031',Impex - Ansible Deployment Container
Medium,Date stored as text,AIP on ACHE Site 2 Years 2-5,805,End Date is text '15/03/2031',Impex - Kubernetes Deployment Boxes
Medium,Date stored as text,AIP on ACHE Site 2 Years 2-5,806,End Date is text '15/03/2031',Impex Security Review - Beyond Trust
Medium,Date stored as text,AIP on ACHE Site 2 Years 2-5,807,End Date is text '15/03/2031',Impex Security Review - Tenable
Medium,Date stored as text,AIP on ACHE Site 2 Years 2-5,808,End Date is text '15/03/2031',Impex Security Review - Elastic Stack
Medium,Date stored as text,AIP on ACHE Site 2 Years 2-5,809,End Date is text '15/03/2031',Impex Security Review - Vault
Medium,Date stored as text,AIP on ACHE Site 2 Years 2-5,810,End Date is text '15/03/2031',Impex Security Review - Keycloak
Medium,Date stored as text,AIP on ACHE Site 2 Years 2-5,811,End Date is text '15/03/2031',Impex Security Review - WAF
Medium,Date stored as text,AIP on ACHE Site 2 Years 2-5,812,End Date is text '15/03/2031',Impex Security Review - GitLab
Medium,Date stored as text,AIP on ACHE Site 2 Years 2-5,813,End Date is text '15/03/2031',Impex Security Review - Ansible Deployment Container
Medium,Date stored as text,AIP on ACHE Site 2 Years 2-5,814,End Date is text '15/03/2031',Impex Security Review - Kubernetes Deployment Boxes
Medium,Date stored as text,AIP on ACHE Site 2 Years 2-5,815,End Date is text '15/03/2031',Deployment - Beyond Trust
Medium,Date stored as text,AIP on ACHE Site 2 Years 2-5,816,End Date is text '15/03/2031',Deployment - Tenable
Medium,Date stored as text,AIP on ACHE Site 2 Years 2-5,817,End Date is text '15/03/2031',Deployment - Elastic Stack
Medium,Date stored as text,AIP on ACHE Site 2 Years 2-5,818,End Date is text '15/03/2031',Deployment - Vault
Medium,Date stored as text,AIP on ACHE Site 2 Years 2-5,819,End Date is text '15/03/2031',Deployment - Keycloak
Medium,Date stored as text,AIP on ACHE Site 2 Years 2-5,820,End Date is text '15/03/2031',Deployment - WAF
Medium,Date stored as text,AIP on ACHE Site 2 Years 2-5,821,End Date is text '15/03/2031',Deployment - GitLab
Medium,Date stored as text,AIP on ACHE Site 2 Years 2-5,822,End Date is text '15/03/2031',Deployment - Ansible Deployment Container
Medium,Date stored as text,AIP on ACHE Site 2 Years 2-5,823,End Date is text '15/03/2031',Deployment - Kubernetes Deployment Boxes
Medium,Date stored as text,AIP on ACHE Site 2 Years 2-5,824,End Date is text '15/03/2031',Deployment - PostgreSQL
Medium,Date stored as text,AIP on ACHE Site 2 Years 2-5,825,End Date is text '01/03/2031',Deployment - Root CA
Medium,Date stored as text,AIP on ACHE Site 2 Years 2-5,826,End Date is text '15/03/2031',Post-Deployment Testing - Beyond Trust
Medium,Date stored as text,AIP on ACHE Site 2 Years 2-5,827,End Date is text '15/03/2031',Post-Deployment Testing - Tenable
Medium,Date stored as text,AIP on ACHE Site 2 Years 2-5,828,End Date is text '15/03/2031',Post-Deployment Testing - Elastic Stack
Medium,Date stored as text,AIP on ACHE Site 2 Years 2-5,829,End Date is text '15/03/2031',Post-Deployment Testing - Keycloak
Medium,Date stored as text,AIP on ACHE Site 2 Years 2-5,831,End Date is text '15/03/2031',Change Control - Beyond Trust
Medium,Date stored as text,AIP on ACHE Site 2 Years 2-5,832,End Date is text '15/03/2031',Change Control - Tenable
Medium,Date stored as text,AIP on ACHE Site 2 Years 2-5,833,End Date is text '15/03/2031',Change Control - Elastic Stack
Medium,Date stored as text,AIP on ACHE Site 2 Years 2-5,834,End Date is text '15/03/2031',Change Control - Vault
Medium,Date stored as text,AIP on ACHE Site 2 Years 2-5,835,End Date is text '15/03/2031',Change Control - Keycloak
Medium,Date stored as text,AIP on ACHE Site 2 Years 2-5,836,End Date is text '15/03/2031',Change Control - WAF
Medium,Date stored as text,AIP on ACHE Site 2 Years 2-5,837,End Date is text '15/03/2031',Change Control - GitLab
Medium,Date stored as text,AIP on ACHE Site 2 Years 2-5,838,End Date is text '15/03/2031',Change Control - Ansible Deployment Container
Medium,Date stored as text,AIP on ACHE Site 2 Years 2-5,839,End Date is text '15/03/2031',Change Control - Kubernetes Deployment Boxes
Medium,Date stored as text,AIP on ACHE Site 2 Years 2-5,840,End Date is text '15/03/2031',Change Control - PostgreSQL 
Medium,Date stored as text,AIP on ACHE Site 2 Years 2-5,841,End Date is text '15/03/2031',Impex - Beyond Trust
Medium,Date stored as text,AIP on ACHE Site 2 Years 2-5,842,End Date is text '15/03/2031',Impex - Tenable
Medium,Date stored as text,AIP on ACHE Site 2 Years 2-5,843,End Date is text '15/03/2031',Impex - Elastic Stack
Medium,Date stored as text,AIP on ACHE Site 2 Years 2-5,844,End Date is text '15/03/2031',Impex - Vault
Medium,Date stored as text,AIP on ACHE Site 2 Years 2-5,845,End Date is text '15/03/2031',Impex - Keycloak
Medium,Date stored as text,AIP on ACHE Site 2 Years 2-5,846,End Date is text '15/03/2031',Impex - WAF
Medium,Date stored as text,AIP on ACHE Site 2 Years 2-5,847,End Date is text '15/03/2031',Impex - GitLab
Medium,Date stored as text,AIP on ACHE Site 2 Years 2-5,848,End Date is text '15/03/2031',Impex - Ansible Deployment Container
Medium,Date stored as text,AIP on ACHE Site 2 Years 2-5,849,End Date is text '15/03/2031',Impex - Kubernetes Deployment Boxes
Medium,Date stored as text,AIP on ACHE Site 2 Years 2-5,850,End Date is text '15/03/2031',Impex Security Review - Beyond Trust
Medium,Date stored as text,AIP on ACHE Site 2 Years 2-5,851,End Date is text '15/03/2031',Impex Security Review - Tenable
Medium,Date stored as text,AIP on ACHE Site 2 Years 2-5,852,End Date is text '15/03/2031',Impex Security Review - Elastic Stack
Medium,Date stored as text,AIP on ACHE Site 2 Years 2-5,853,End Date is text '15/03/2031',Impex Security Review - Vault
Medium,Date stored as text,AIP on ACHE Site 2 Years 2-5,854,End Date is text '15/03/2031',Impex Security Review - Keycloak
Medium,Date stored as text,AIP on ACHE Site 2 Years 2-5,855,End Date is text '15/03/2031',Impex Security Review - WAF
Medium,Date stored as text,AIP on ACHE Site 2 Years 2-5,856,End Date is text '15/03/2031',Impex Security Review - GitLab
Medium,Date stored as text,AIP on ACHE Site 2 Years 2-5,857,End Date is text '15/03/2031',Impex Security Review - Ansible Deployment Container
Medium,Date stored as text,AIP on ACHE Site 2 Years 2-5,858,End Date is text '15/03/2031',Impex Security Review - Kubernetes Deployment Boxes
Medium,Date stored as text,AIP on ACHE Site 2 Years 2-5,859,End Date is text '15/03/2031',Deployment - Beyond Trust
Medium,Date stored as text,AIP on ACHE Site 2 Years 2-5,860,End Date is text '15/03/2031',Deployment - Tenable
Medium,Date stored as text,AIP on ACHE Site 2 Years 2-5,861,End Date is text '15/03/2031',Deployment - Elastic Stack
Medium,Date stored as text,AIP on ACHE Site 2 Years 2-5,862,End Date is text '15/03/2031',Deployment - Vault
Medium,Date stored as text,AIP on ACHE Site 2 Years 2-5,863,End Date is text '15/03/2031',Deployment - Keycloak
Medium,Date stored as text,AIP on ACHE Site 2 Years 2-5,864,End Date is text '15/03/2031',Deployment - WAF
Medium,Date stored as text,AIP on ACHE Site 2 Years 2-5,865,End Date is text '15/03/2031',Deployment - GitLab
Medium,Date stored as text,AIP on ACHE Site 2 Years 2-5,866,End Date is text '15/03/2031',Deployment - Ansible Deployment Container
Medium,Date stored as text,AIP on ACHE Site 2 Years 2-5,867,End Date is text '15/03/2031',Deployment - Kubernetes Deployment Boxes
Medium,Date stored as text,AIP on ACHE Site 2 Years 2-5,868,End Date is text '15/03/2031',Deployment - PostgreSQL
Medium,Date stored as text,AIP on ACHE Site 2 Years 2-5,869,End Date is text '01/03/2031',Deployment - Root CA
Medium,Date stored as text,AIP on ACHE Site 2 Years 2-5,870,End Date is text '15/03/2031',Post-Deployment Testing - Beyond Trust
Medium,Date stored as text,AIP on ACHE Site 2 Years 2-5,871,End Date is text '15/03/2031',Post-Deployment Testing - Tenable
Medium,Date stored as text,AIP on ACHE Site 2 Years 2-5,872,End Date is text '15/03/2031',Post-Deployment Testing - Elastic Stack
Medium,Date stored as text,AIP on ACHE Site 2 Years 2-5,873,End Date is text '15/03/2031',Post-Deployment Testing - Keycloak
Medium,Date stored as text,AIP on ACHE Site 2 Years 2-5,875,End Date is text '01/10/2030',Windows
Medium,Date stored as text,AIP on ACHE Site 2 Years 2-5,876,End Date is text '01/10/2030',Beyond Trust
Medium,Date stored as text,AIP on ACHE Site 2 Years 2-5,877,End Date is text '01/10/2030',Tenable
Medium,Date stored as text,AIP on ACHE Site 2 Years 2-5,878,End Date is text '01/10/2030',Elastic Stack
Medium,Date stored as text,AIP on ACHE Site 2 Years 2-5,879,End Date is text '01/10/2030',Vault
Medium,Date stored as text,AIP on ACHE Site 2 Years 2-5,880,End Date is text '01/10/2030',WAF
Medium,Date stored as text,AIP on ACHE Site 2 Years 2-5,881,End Date is text '01/10/2030',GitLab
Medium,Date stored as text,AIP on ACHE Site 2 Years 2-5,883,End Date is text '01/10/2030',Windows
Medium,Date stored as text,AIP on ACHE Site 2 Years 2-5,884,End Date is text '01/10/2030',Beyond Trust
Medium,Date stored as text,AIP on ACHE Site 2 Years 2-5,885,End Date is text '01/10/2030',Tenable
Medium,Date stored as text,AIP on ACHE Site 2 Years 2-5,886,End Date is text '01/10/2030',Elastic Stack
Medium,Date stored as text,AIP on ACHE Site 2 Years 2-5,887,End Date is text '01/10/2030',Vault
Medium,Date stored as text,AIP on ACHE Site 2 Years 2-5,888,End Date is text '01/10/2030',WAF
Medium,Date stored as text,AIP on ACHE Site 2 Years 2-5,889,End Date is text '01/10/2030',GitLab
Medium,Date stored as text,AIP on ACHE Site 2 Years 2-5,891,End Date is text '01/10/2030',Windows VMs
Medium,Date stored as text,AIP on ACHE Site 2 Years 2-5,892,End Date is text '01/10/2030',Linux VMs
Medium,Date stored as text,AIP on ACHE Site 2 Years 2-5,893,End Date is text '01/10/2030',Active Directory
Medium,Date stored as text,AIP on ACHE Site 2 Years 2-5,894,End Date is text '01/10/2030',ADFS
Medium,Date stored as text,AIP on ACHE Site 2 Years 2-5,895,End Date is text '01/10/2030',Beyond Trust
Medium,Date stored as text,AIP on ACHE Site 2 Years 2-5,896,End Date is text '01/10/2030',Tenable
Medium,Date stored as text,AIP on ACHE Site 2 Years 2-5,897,End Date is text '01/10/2030',Elastic Stack
Medium,Date stored as text,AIP on ACHE Site 2 Years 2-5,898,End Date is text '01/10/2030',Impex EUD
Medium,Date stored as text,AIP on ACHE Site 2 Years 2-5,899,End Date is text '01/10/2030',Vault
Medium,Date stored as text,AIP on ACHE Site 2 Years 2-5,900,End Date is text '01/10/2030',Keycloak
Medium,Date stored as text,AIP on ACHE Site 2 Years 2-5,901,End Date is text '01/10/2030',WAF
Medium,Date stored as text,AIP on ACHE Site 2 Years 2-5,902,End Date is text '01/10/2030',GitLab
Medium,Date stored as text,AIP on ACHE Site 2 Years 2-5,903,End Date is text '01/10/2030',Ansible Deployment Container
Medium,Date stored as text,AIP on ACHE Site 2 Years 2-5,904,End Date is text '01/10/2030',Kubernetes Deployment Boxes
Medium,Date stored as text,AIP on ACHE Site 2 Years 2-5,905,End Date is text '01/10/2030',PostgreSQL
Medium,Date stored as text,AIP on ACHE Site 2 Years 2-5,906,End Date is text '01/04/2030',Root CA
Medium,Date stored as text,AIP on ACHE Site 2 Years 2-5,907,End Date is text '01/04/2030',Issuing CA
Medium,Date stored as text,AIP on ACHE Site 2 Years 2-5,908,End Date is text '01/04/2030',Vault Issuing CA
Medium,Date stored as text,AIP on ACHE Site 2 Years 2-5,909,End Date is text '01/10/2030',BPS Gateway
Medium,Date stored as text,AIP on ACHE Site 2 Years 2-5,911,End Date is text '01/10/2030',Windows VMs
Medium,Date stored as text,AIP on ACHE Site 2 Years 2-5,912,End Date is text '01/10/2030',Linux VMs
Medium,Date stored as text,AIP on ACHE Site 2 Years 2-5,913,End Date is text '01/10/2030',Active Directory
Medium,Date stored as text,AIP on ACHE Site 2 Years 2-5,914,End Date is text '01/10/2030',ADFS
Medium,Date stored as text,AIP on ACHE Site 2 Years 2-5,915,End Date is text '01/10/2030',Beyond Trust
Medium,Date stored as text,AIP on ACHE Site 2 Years 2-5,916,End Date is text '01/10/2030',Tenable
Medium,Date stored as text,AIP on ACHE Site 2 Years 2-5,917,End Date is text '01/10/2030',Elastic Stack
Medium,Date stored as text,AIP on ACHE Site 2 Years 2-5,918,End Date is text '01/10/2030',Impex EUD
Medium,Date stored as text,AIP on ACHE Site 2 Years 2-5,919,End Date is text '01/10/2030',Vault
Medium,Date stored as text,AIP on ACHE Site 2 Years 2-5,920,End Date is text '01/10/2030',Keycloak
Medium,Date stored as text,AIP on ACHE Site 2 Years 2-5,921,End Date is text '01/10/2030',WAF
Medium,Date stored as text,AIP on ACHE Site 2 Years 2-5,922,End Date is text '01/10/2030',GitLab
Medium,Date stored as text,AIP on ACHE Site 2 Years 2-5,923,End Date is text '01/10/2030',Ansible Deployment Container
Medium,Date stored as text,AIP on ACHE Site 2 Years 2-5,924,End Date is text '01/10/2030',Kubernetes Deployment Boxes
Medium,Date stored as text,AIP on ACHE Site 2 Years 2-5,925,End Date is text '01/10/2030',PostgreSQL
Medium,Date stored as text,AIP on ACHE Site 2 Years 2-5,926,End Date is text '01/04/2030',Root CA
Medium,Date stored as text,AIP on ACHE Site 2 Years 2-5,927,End Date is text '01/04/2030',Issuing CA
Medium,Date stored as text,AIP on ACHE Site 2 Years 2-5,928,End Date is text '01/04/2030',Vault Issuing CA
Medium,Date stored as text,AIP on ACHE Site 2 Years 2-5,929,End Date is text '01/04/2030',BPS Gateway
Medium,Date stored as text,AIP on ACHE Site 2 Years 2-5,931,End Date is text '15/03/2031',Windows VMs
Medium,Date stored as text,AIP on ACHE Site 2 Years 2-5,932,End Date is text '15/03/2031',Linux VMs
Medium,Date stored as text,AIP on ACHE Site 2 Years 2-5,933,End Date is text '15/03/2031',Active Directory
Medium,Date stored as text,AIP on ACHE Site 2 Years 2-5,934,End Date is text '15/03/2031',ADFS
Medium,Date stored as text,AIP on ACHE Site 2 Years 2-5,935,End Date is text '15/03/2031',Beyond Trust
Medium,Date stored as text,AIP on ACHE Site 2 Years 2-5,936,End Date is text '15/03/2031',Tenable
Medium,Date stored as text,AIP on ACHE Site 2 Years 2-5,937,End Date is text '15/03/2031',Elastic Stack
Medium,Date stored as text,AIP on ACHE Site 2 Years 2-5,938,End Date is text '15/03/2031',Impex EUD
Medium,Date stored as text,AIP on ACHE Site 2 Years 2-5,939,End Date is text '15/03/2031',Vault
Medium,Date stored as text,AIP on ACHE Site 2 Years 2-5,940,End Date is text '15/03/2031',Keycloak
Medium,Date stored as text,AIP on ACHE Site 2 Years 2-5,941,End Date is text '15/03/2031',WAF
Medium,Date stored as text,AIP on ACHE Site 2 Years 2-5,942,End Date is text '15/03/2031',GitLab
Medium,Date stored as text,AIP on ACHE Site 2 Years 2-5,943,End Date is text '15/03/2031',Ansible Deployment Container
Medium,Date stored as text,AIP on ACHE Site 2 Years 2-5,944,End Date is text '15/03/2031',Kubernetes Deployment Boxes
Medium,Date stored as text,AIP on ACHE Site 2 Years 2-5,945,End Date is text '15/03/2031',PostgreSQL
Medium,Date stored as text,AIP on ACHE Site 2 Years 2-5,946,End Date is text '15/03/2031',Root CA
Medium,Date stored as text,AIP on ACHE Site 2 Years 2-5,947,End Date is text '15/03/2031',Issuing CA
Medium,Date stored as text,AIP on ACHE Site 2 Years 2-5,948,End Date is text '15/03/2031',Vault Issuing CA
Medium,Date stored as text,AIP on ACHE Site 2 Years 2-5,949,End Date is text '01/04/2030',BPS Gateway
Medium,Date stored as text,AIP on ACHE Site 2 Years 2-5,951,End Date is text '15/03/2031',Windows VMs
Medium,Date stored as text,AIP on ACHE Site 2 Years 2-5,952,End Date is text '15/03/2031',Linux VMs
Medium,Date stored as text,AIP on ACHE Site 2 Years 2-5,953,End Date is text '15/03/2031',Active Directory
Medium,Date stored as text,AIP on ACHE Site 2 Years 2-5,954,End Date is text '15/03/2031',ADFS
Medium,Date stored as text,AIP on ACHE Site 2 Years 2-5,955,End Date is text '15/03/2031',Beyond Trust
Medium,Date stored as text,AIP on ACHE Site 2 Years 2-5,956,End Date is text '15/03/2031',Tenable
Medium,Date stored as text,AIP on ACHE Site 2 Years 2-5,957,End Date is text '15/03/2031',Elastic Stack
Medium,Date stored as text,AIP on ACHE Site 2 Years 2-5,958,End Date is text '15/03/2031',Impex EUD
Medium,Date stored as text,AIP on ACHE Site 2 Years 2-5,959,End Date is text '15/03/2031',Vault
Medium,Date stored as text,AIP on ACHE Site 2 Years 2-5,960,End Date is text '15/03/2031',Keycloak
Medium,Date stored as text,AIP on ACHE Site 2 Years 2-5,961,End Date is text '15/03/2031',WAF
Medium,Date stored as text,AIP on ACHE Site 2 Years 2-5,962,End Date is text '15/03/2031',GitLab
Medium,Date stored as text,AIP on ACHE Site 2 Years 2-5,963,End Date is text '15/03/2031',Ansible Deployment Container
Medium,Date stored as text,AIP on ACHE Site 2 Years 2-5,964,End Date is text '15/03/2031',Kubernetes Deployment Boxes
Medium,Date stored as text,AIP on ACHE Site 2 Years 2-5,965,End Date is text '15/03/2031',PostgreSQL
Medium,Date stored as text,AIP on ACHE Site 2 Years 2-5,966,End Date is text '15/03/2031',Root CA
Medium,Date stored as text,AIP on ACHE Site 2 Years 2-5,967,End Date is text '15/03/2031',Issuing CA
Medium,Date stored as text,AIP on ACHE Site 2 Years 2-5,968,End Date is text '15/03/2031',Vault Issuing CA
Medium,Date stored as text,AIP on ACHE Site 2 Years 2-5,969,End Date is text '01/04/2030',BPS Gateway
Medium,Date stored as text,AIP on ACHE Site 2 Years 2-5,971,End Date is text '15/03/2031',Windows VMs
Medium,Date stored as text,AIP on ACHE Site 2 Years 2-5,972,End Date is text '15/03/2031',Linux VMs
Medium,Date stored as text,AIP on ACHE Site 2 Years 2-5,973,End Date is text '15/03/2031',Active Directory
Medium,Date stored as text,AIP on ACHE Site 2 Years 2-5,974,End Date is text '15/03/2031',ADFS
Medium,Date stored as text,AIP on ACHE Site 2 Years 2-5,975,End Date is text '15/03/2031',Beyond Trust
Medium,Date stored as text,AIP on ACHE Site 2 Years 2-5,976,End Date is text '15/03/2031',Tenable
Medium,Date stored as text,AIP on ACHE Site 2 Years 2-5,977,End Date is text '15/03/2031',Elastic Stack
Medium,Date stored as text,AIP on ACHE Site 2 Years 2-5,978,End Date is text '15/03/2031',Impex EUD
Medium,Date stored as text,AIP on ACHE Site 2 Years 2-5,979,End Date is text '15/03/2031',Vault
Medium,Date stored as text,AIP on ACHE Site 2 Years 2-5,980,End Date is text '15/03/2031',Keycloak
Medium,Date stored as text,AIP on ACHE Site 2 Years 2-5,981,End Date is text '15/03/2031',WAF
Medium,Date stored as text,AIP on ACHE Site 2 Years 2-5,982,End Date is text '15/03/2031',GitLab
Medium,Date stored as text,AIP on ACHE Site 2 Years 2-5,983,End Date is text '15/03/2031',Ansible Deployment Container
Medium,Date stored as text,AIP on ACHE Site 2 Years 2-5,984,End Date is text '15/03/2031',Kubernetes Deployment Boxes
Medium,Date stored as text,AIP on ACHE Site 2 Years 2-5,985,End Date is text '15/03/2031',PostgreSQL
Medium,Date stored as text,AIP on ACHE Site 2 Years 2-5,986,End Date is text '15/03/2031',Root CA
Medium,Date stored as text,AIP on ACHE Site 2 Years 2-5,987,End Date is text '15/03/2031',Issuing CA
Medium,Date stored as text,AIP on ACHE Site 2 Years 2-5,988,End Date is text '15/03/2031',Vault Issuing CA
Medium,Date stored as text,AIP on ACHE Site 2 Years 2-5,990,End Date is text '15/03/2031',Windows VMs
Medium,Date stored as text,AIP on ACHE Site 2 Years 2-5,991,End Date is text '15/03/2031',Linux VMs
Medium,Date stored as text,AIP on ACHE Site 2 Years 2-5,992,End Date is text '15/03/2031',Active Directory
Medium,Date stored as text,AIP on ACHE Site 2 Years 2-5,993,End Date is text '15/03/2031',ADFS
Medium,Date stored as text,AIP on ACHE Site 2 Years 2-5,994,End Date is text '15/03/2031',Beyond Trust
Medium,Date stored as text,AIP on ACHE Site 2 Years 2-5,995,End Date is text '15/03/2031',Tenable
Medium,Date stored as text,AIP on ACHE Site 2 Years 2-5,996,End Date is text '15/03/2031',Elastic Stack
Medium,Date stored as text,AIP on ACHE Site 2 Years 2-5,997,End Date is text '15/03/2031',Impex EUD
Medium,Date stored as text,AIP on ACHE Site 2 Years 2-5,998,End Date is text '15/03/2031',Vault
Medium,Date stored as text,AIP on ACHE Site 2 Years 2-5,999,End Date is text '15/03/2031',Keycloak
Medium,Date stored as text,AIP on ACHE Site 2 Years 2-5,1000,End Date is text '15/03/2031',WAF
Medium,Date stored as text,AIP on ACHE Site 2 Years 2-5,1001,End Date is text '15/03/2031',GitLab
Medium,Date stored as text,AIP on ACHE Site 2 Years 2-5,1002,End Date is text '15/03/2031',Ansible Deployment Container
Medium,Date stored as text,AIP on ACHE Site 2 Years 2-5,1003,End Date is text '15/03/2031',Kubernetes Deployment Boxes
Medium,Date stored as text,AIP on ACHE Site 2 Years 2-5,1004,End Date is text '15/03/2031',PostgreSQL
Medium,Date stored as text,AIP on ACHE Site 2 Years 2-5,1005,End Date is text '15/03/2031',Root CA
Medium,Date stored as text,AIP on ACHE Site 2 Years 2-5,1006,End Date is text '15/03/2031',Issuing CA
Medium,Date stored as text,AIP on ACHE Site 2 Years 2-5,1007,End Date is text '15/03/2031',Vault Issuing CA
Medium,Date stored as text,AIP on ACHE Site 2 Years 2-5,1009,End Date is text '15/03/2031',Windows VMs
Medium,Date stored as text,AIP on ACHE Site 2 Years 2-5,1010,End Date is text '15/03/2031',Linux VMs
Medium,Date stored as text,AIP on ACHE Site 2 Years 2-5,1011,End Date is text '15/03/2031',Active Directory
Medium,Date stored as text,AIP on ACHE Site 2 Years 2-5,1012,End Date is text '15/03/2031',ADFS
Medium,Date stored as text,AIP on ACHE Site 2 Years 2-5,1013,End Date is text '15/03/2031',Beyond Trust
Medium,Date stored as text,AIP on ACHE Site 2 Years 2-5,1014,End Date is text '15/03/2031',Tenable
Medium,Date stored as text,AIP on ACHE Site 2 Years 2-5,1015,End Date is text '15/03/2031',Elastic Stack
Medium,Date stored as text,AIP on ACHE Site 2 Years 2-5,1016,End Date is text '15/03/2031',Impex EUD
Medium,Date stored as text,AIP on ACHE Site 2 Years 2-5,1017,End Date is text '15/03/2031',Vault
Medium,Date stored as text,AIP on ACHE Site 2 Years 2-5,1018,End Date is text '15/03/2031',Keycloak
Medium,Date stored as text,AIP on ACHE Site 2 Years 2-5,1019,End Date is text '15/03/2031',WAF
Medium,Date stored as text,AIP on ACHE Site 2 Years 2-5,1020,End Date is text '15/03/2031',GitLab
Medium,Date stored as text,AIP on ACHE Site 2 Years 2-5,1021,End Date is text '15/03/2031',Ansible Deployment Container
Medium,Date stored as text,AIP on ACHE Site 2 Years 2-5,1022,End Date is text '15/03/2031',Kubernetes Deployment Boxes
Medium,Date stored as text,AIP on ACHE Site 2 Years 2-5,1023,End Date is text '15/03/2031',PostgreSQL
Medium,Date stored as text,AIP on ACHE Site 2 Years 2-5,1024,End Date is text '15/03/2031',Root CA
Medium,Date stored as text,AIP on ACHE Site 2 Years 2-5,1025,End Date is text '15/03/2031',Issuing CA
Medium,Date stored as text,AIP on ACHE Site 2 Years 2-5,1026,End Date is text '15/03/2031',Vault Issuing CA
Medium,Date stored as text,AIP on ACHE Site 2 Years 2-5,1028,End Date is text '15/03/2031',Windows VMs
Medium,Date stored as text,AIP on ACHE Site 2 Years 2-5,1029,End Date is text '15/03/2031',Linux VMs
Medium,Date stored as text,AIP on ACHE Site 2 Years 2-5,1030,End Date is text '15/03/2031',Active Directory
Medium,Date stored as text,AIP on ACHE Site 2 Years 2-5,1031,End Date is text '15/03/2031',ADFS
Medium,Date stored as text,AIP on ACHE Site 2 Years 2-5,1032,End Date is text '15/03/2031',Beyond Trust
Medium,Date stored as text,AIP on ACHE Site 2 Years 2-5,1033,End Date is text '15/03/2031',Tenable
Medium,Date stored as text,AIP on ACHE Site 2 Years 2-5,1034,End Date is text '15/03/2031',Elastic Stack
Medium,Date stored as text,AIP on ACHE Site 2 Years 2-5,1035,End Date is text '15/03/2031',Impex EUD
Medium,Date stored as text,AIP on ACHE Site 2 Years 2-5,1036,End Date is text '15/03/2031',Vault
Medium,Date stored as text,AIP on ACHE Site 2 Years 2-5,1037,End Date is text '15/03/2031',Keycloak
Medium,Date stored as text,AIP on ACHE Site 2 Years 2-5,1038,End Date is text '15/03/2031',WAF
Medium,Date stored as text,AIP on ACHE Site 2 Years 2-5,1039,End Date is text '15/03/2031',GitLab
Medium,Date stored as text,AIP on ACHE Site 2 Years 2-5,1040,End Date is text '15/03/2031',Ansible Deployment Container
Medium,Date stored as text,AIP on ACHE Site 2 Years 2-5,1041,End Date is text '15/03/2031',Kubernetes Deployment Boxes
Medium,Date stored as text,AIP on ACHE Site 2 Years 2-5,1042,End Date is text '15/03/2031',PostgreSQL
Medium,Date stored as text,AIP on ACHE Site 2 Years 2-5,1043,End Date is text '15/03/2031',Root CA
Medium,Date stored as text,AIP on ACHE Site 2 Years 2-5,1044,End Date is text '15/03/2031',Issuing CA
Medium,Date stored as text,AIP on ACHE Site 2 Years 2-5,1045,End Date is text '15/03/2031',Vault Issuing CA
Medium,Date stored as text,AIP on ACHE Site 3 Years 3-5,4,End Date is text '15/03/2029',Change Control - Beyond Trust
Medium,Date stored as text,AIP on ACHE Site 3 Years 3-5,5,End Date is text '15/03/2029',Change Control - Tenable
Medium,Date stored as text,AIP on ACHE Site 3 Years 3-5,6,End Date is text '15/03/2029',Change Control - Elastic Stack
Medium,Date stored as text,AIP on ACHE Site 3 Years 3-5,7,End Date is text '15/03/2029',Change Control - Vault
Medium,Date stored as text,AIP on ACHE Site 3 Years 3-5,8,End Date is text '15/03/2029',Change Control - Keycloak
Medium,Date stored as text,AIP on ACHE Site 3 Years 3-5,9,End Date is text '15/03/2029',Change Control - WAF
Medium,Date stored as text,AIP on ACHE Site 3 Years 3-5,10,End Date is text '15/03/2029',Change Control - GitLab
Medium,Date stored as text,AIP on ACHE Site 3 Years 3-5,11,End Date is text '15/03/2029',Change Control - Ansible Deployment Container
Medium,Date stored as text,AIP on ACHE Site 3 Years 3-5,12,End Date is text '15/03/2029',Change Control - Kubernetes Deployment Boxes
Medium,Date stored as text,AIP on ACHE Site 3 Years 3-5,13,End Date is text '15/03/2029',Change Control - PostgreSQL 
Medium,Date stored as text,AIP on ACHE Site 3 Years 3-5,14,End Date is text '15/03/2029',Impex - Beyond Trust
Medium,Date stored as text,AIP on ACHE Site 3 Years 3-5,15,End Date is text '15/03/2029',Impex - Tenable
Medium,Date stored as text,AIP on ACHE Site 3 Years 3-5,16,End Date is text '15/03/2029',Impex - Elastic Stack
Medium,Date stored as text,AIP on ACHE Site 3 Years 3-5,17,End Date is text '15/03/2029',Impex - Vault
Medium,Date stored as text,AIP on ACHE Site 3 Years 3-5,18,End Date is text '15/03/2029',Impex - Keycloak
Medium,Date stored as text,AIP on ACHE Site 3 Years 3-5,19,End Date is text '15/03/2029',Impex - WAF
Medium,Date stored as text,AIP on ACHE Site 3 Years 3-5,20,End Date is text '15/03/2029',Impex - GitLab
Medium,Date stored as text,AIP on ACHE Site 3 Years 3-5,21,End Date is text '15/03/2029',Impex - Ansible Deployment Container
Medium,Date stored as text,AIP on ACHE Site 3 Years 3-5,22,End Date is text '15/03/2029',Impex - Kubernetes Deployment Boxes
Medium,Date stored as text,AIP on ACHE Site 3 Years 3-5,23,End Date is text '15/03/2029',Impex Security Review - Beyond Trust
Medium,Date stored as text,AIP on ACHE Site 3 Years 3-5,24,End Date is text '15/03/2029',Impex Security Review - Tenable
Medium,Date stored as text,AIP on ACHE Site 3 Years 3-5,25,End Date is text '15/03/2029',Impex Security Review - Elastic Stack
Medium,Date stored as text,AIP on ACHE Site 3 Years 3-5,26,End Date is text '15/03/2029',Impex Security Review - Vault
Medium,Date stored as text,AIP on ACHE Site 3 Years 3-5,27,End Date is text '15/03/2029',Impex Security Review - Keycloak
Medium,Date stored as text,AIP on ACHE Site 3 Years 3-5,28,End Date is text '15/03/2029',Impex Security Review - WAF
Medium,Date stored as text,AIP on ACHE Site 3 Years 3-5,29,End Date is text '15/03/2029',Impex Security Review - GitLab
Medium,Date stored as text,AIP on ACHE Site 3 Years 3-5,30,End Date is text '15/03/2029',Impex Security Review - Ansible Deployment Container
Medium,Date stored as text,AIP on ACHE Site 3 Years 3-5,31,End Date is text '15/03/2029',Impex Security Review - Kubernetes Deployment Boxes
Medium,Date stored as text,AIP on ACHE Site 3 Years 3-5,32,End Date is text '15/03/2029',Deployment - Beyond Trust
Medium,Date stored as text,AIP on ACHE Site 3 Years 3-5,33,End Date is text '15/03/2029',Deployment - Tenable
Medium,Date stored as text,AIP on ACHE Site 3 Years 3-5,34,End Date is text '15/03/2029',Deployment - Elastic Stack
Medium,Date stored as text,AIP on ACHE Site 3 Years 3-5,35,End Date is text '15/03/2029',Deployment - Vault
Medium,Date stored as text,AIP on ACHE Site 3 Years 3-5,36,End Date is text '15/03/2029',Deployment - Keycloak
Medium,Date stored as text,AIP on ACHE Site 3 Years 3-5,37,End Date is text '15/03/2029',Deployment - WAF
Medium,Date stored as text,AIP on ACHE Site 3 Years 3-5,38,End Date is text '15/03/2029',Deployment - GitLab
Medium,Date stored as text,AIP on ACHE Site 3 Years 3-5,39,End Date is text '15/03/2029',Deployment - Ansible Deployment Container
Medium,Date stored as text,AIP on ACHE Site 3 Years 3-5,40,End Date is text '15/03/2029',Deployment - Kubernetes Deployment Boxes
Medium,Date stored as text,AIP on ACHE Site 3 Years 3-5,41,End Date is text '15/03/2029',Deployment - PostgreSQL
Medium,Date stored as text,AIP on ACHE Site 3 Years 3-5,42,End Date is text '01/03/2029',Deployment - Root CA
Medium,Date stored as text,AIP on ACHE Site 3 Years 3-5,43,End Date is text '15/03/2029',Post-Deployment Testing - Beyond Trust
Medium,Date stored as text,AIP on ACHE Site 3 Years 3-5,44,End Date is text '15/03/2029',Post-Deployment Testing - Tenable
Medium,Date stored as text,AIP on ACHE Site 3 Years 3-5,45,End Date is text '15/03/2029',Post-Deployment Testing - Elastic Stack
Medium,Date stored as text,AIP on ACHE Site 3 Years 3-5,46,End Date is text '15/03/2029',Post-Deployment Testing - Keycloak
Medium,Date stored as text,AIP on ACHE Site 3 Years 3-5,48,End Date is text '15/03/2029',Change Control - Beyond Trust
Medium,Date stored as text,AIP on ACHE Site 3 Years 3-5,49,End Date is text '15/03/2029',Change Control - Tenable
Medium,Date stored as text,AIP on ACHE Site 3 Years 3-5,50,End Date is text '15/03/2029',Change Control - Elastic Stack
Medium,Date stored as text,AIP on ACHE Site 3 Years 3-5,51,End Date is text '15/03/2029',Change Control - Vault
Medium,Date stored as text,AIP on ACHE Site 3 Years 3-5,52,End Date is text '15/03/2029',Change Control - Keycloak
Medium,Date stored as text,AIP on ACHE Site 3 Years 3-5,53,End Date is text '15/03/2029',Change Control - WAF
Medium,Date stored as text,AIP on ACHE Site 3 Years 3-5,54,End Date is text '15/03/2029',Change Control - GitLab
Medium,Date stored as text,AIP on ACHE Site 3 Years 3-5,55,End Date is text '15/03/2029',Change Control - Ansible Deployment Container
Medium,Date stored as text,AIP on ACHE Site 3 Years 3-5,56,End Date is text '15/03/2029',Change Control - Kubernetes Deployment Boxes
Medium,Date stored as text,AIP on ACHE Site 3 Years 3-5,57,End Date is text '15/03/2029',Change Control - PostgreSQL 
Medium,Date stored as text,AIP on ACHE Site 3 Years 3-5,58,End Date is text '15/03/2029',Impex - Beyond Trust
Medium,Date stored as text,AIP on ACHE Site 3 Years 3-5,59,End Date is text '15/03/2029',Impex - Tenable
Medium,Date stored as text,AIP on ACHE Site 3 Years 3-5,60,End Date is text '15/03/2029',Impex - Elastic Stack
Medium,Date stored as text,AIP on ACHE Site 3 Years 3-5,61,End Date is text '15/03/2029',Impex - Vault
Medium,Date stored as text,AIP on ACHE Site 3 Years 3-5,62,End Date is text '15/03/2029',Impex - Keycloak
Medium,Date stored as text,AIP on ACHE Site 3 Years 3-5,63,End Date is text '15/03/2029',Impex - WAF
Medium,Date stored as text,AIP on ACHE Site 3 Years 3-5,64,End Date is text '15/03/2029',Impex - GitLab
Medium,Date stored as text,AIP on ACHE Site 3 Years 3-5,65,End Date is text '15/03/2029',Impex - Ansible Deployment Container
Medium,Date stored as text,AIP on ACHE Site 3 Years 3-5,66,End Date is text '15/03/2029',Impex - Kubernetes Deployment Boxes
Medium,Date stored as text,AIP on ACHE Site 3 Years 3-5,67,End Date is text '15/03/2029',Impex Security Review - Beyond Trust
Medium,Date stored as text,AIP on ACHE Site 3 Years 3-5,68,End Date is text '15/03/2029',Impex Security Review - Tenable
Medium,Date stored as text,AIP on ACHE Site 3 Years 3-5,69,End Date is text '15/03/2029',Impex Security Review - Elastic Stack
Medium,Date stored as text,AIP on ACHE Site 3 Years 3-5,70,End Date is text '15/03/2029',Impex Security Review - Vault
Medium,Date stored as text,AIP on ACHE Site 3 Years 3-5,71,End Date is text '15/03/2029',Impex Security Review - Keycloak
Medium,Date stored as text,AIP on ACHE Site 3 Years 3-5,72,End Date is text '15/03/2029',Impex Security Review - WAF
Medium,Date stored as text,AIP on ACHE Site 3 Years 3-5,73,End Date is text '15/03/2029',Impex Security Review - GitLab
Medium,Date stored as text,AIP on ACHE Site 3 Years 3-5,74,End Date is text '15/03/2029',Impex Security Review - Ansible Deployment Container
Medium,Date stored as text,AIP on ACHE Site 3 Years 3-5,75,End Date is text '15/03/2029',Impex Security Review - Kubernetes Deployment Boxes
Medium,Date stored as text,AIP on ACHE Site 3 Years 3-5,76,End Date is text '15/03/2029',Deployment - Beyond Trust
Medium,Date stored as text,AIP on ACHE Site 3 Years 3-5,77,End Date is text '15/03/2029',Deployment - Tenable
Medium,Date stored as text,AIP on ACHE Site 3 Years 3-5,78,End Date is text '15/03/2029',Deployment - Elastic Stack
Medium,Date stored as text,AIP on ACHE Site 3 Years 3-5,79,End Date is text '15/03/2029',Deployment - Vault
Medium,Date stored as text,AIP on ACHE Site 3 Years 3-5,80,End Date is text '15/03/2029',Deployment - Keycloak
Medium,Date stored as text,AIP on ACHE Site 3 Years 3-5,81,End Date is text '15/03/2029',Deployment - WAF
Medium,Date stored as text,AIP on ACHE Site 3 Years 3-5,82,End Date is text '15/03/2029',Deployment - GitLab
Medium,Date stored as text,AIP on ACHE Site 3 Years 3-5,83,End Date is text '15/03/2029',Deployment - Ansible Deployment Container
Medium,Date stored as text,AIP on ACHE Site 3 Years 3-5,84,End Date is text '15/03/2029',Deployment - Kubernetes Deployment Boxes
Medium,Date stored as text,AIP on ACHE Site 3 Years 3-5,85,End Date is text '15/03/2029',Deployment - PostgreSQL
Medium,Date stored as text,AIP on ACHE Site 3 Years 3-5,86,End Date is text '01/03/2029',Deployment - Root CA
Medium,Date stored as text,AIP on ACHE Site 3 Years 3-5,87,End Date is text '15/03/2029',Post-Deployment Testing - Beyond Trust
Medium,Date stored as text,AIP on ACHE Site 3 Years 3-5,88,End Date is text '15/03/2029',Post-Deployment Testing - Tenable
Medium,Date stored as text,AIP on ACHE Site 3 Years 3-5,89,End Date is text '15/03/2029',Post-Deployment Testing - Elastic Stack
Medium,Date stored as text,AIP on ACHE Site 3 Years 3-5,90,End Date is text '15/03/2029',Post-Deployment Testing - Keycloak
Medium,Date stored as text,AIP on ACHE Site 3 Years 3-5,92,End Date is text '01/10/2028',Windows
Medium,Date stored as text,AIP on ACHE Site 3 Years 3-5,93,End Date is text '01/10/2028',Beyond Trust
Medium,Date stored as text,AIP on ACHE Site 3 Years 3-5,94,End Date is text '01/10/2028',Tenable
Medium,Date stored as text,AIP on ACHE Site 3 Years 3-5,95,End Date is text '01/10/2028',Elastic Stack
Medium,Date stored as text,AIP on ACHE Site 3 Years 3-5,96,End Date is text '01/10/2028',Vault
Medium,Date stored as text,AIP on ACHE Site 3 Years 3-5,97,End Date is text '01/10/2028',WAF
Medium,Date stored as text,AIP on ACHE Site 3 Years 3-5,98,End Date is text '01/10/2028',GitLab
Medium,Date stored as text,AIP on ACHE Site 3 Years 3-5,100,End Date is text '01/10/2028',Windows
Medium,Date stored as text,AIP on ACHE Site 3 Years 3-5,101,End Date is text '01/10/2028',Beyond Trust
Medium,Date stored as text,AIP on ACHE Site 3 Years 3-5,102,End Date is text '01/10/2028',Tenable
Medium,Date stored as text,AIP on ACHE Site 3 Years 3-5,103,End Date is text '01/10/2028',Elastic Stack
Medium,Date stored as text,AIP on ACHE Site 3 Years 3-5,104,End Date is text '01/10/2028',Vault
Medium,Date stored as text,AIP on ACHE Site 3 Years 3-5,105,End Date is text '01/10/2028',WAF
Medium,Date stored as text,AIP on ACHE Site 3 Years 3-5,106,End Date is text '01/10/2028',GitLab
Medium,Date stored as text,AIP on ACHE Site 3 Years 3-5,108,End Date is text '01/10/2028',Windows VMs
Medium,Date stored as text,AIP on ACHE Site 3 Years 3-5,109,End Date is text '01/10/2028',Linux VMs
Medium,Date stored as text,AIP on ACHE Site 3 Years 3-5,110,End Date is text '01/10/2028',Active Directory
Medium,Date stored as text,AIP on ACHE Site 3 Years 3-5,111,End Date is text '01/10/2028',ADFS
Medium,Date stored as text,AIP on ACHE Site 3 Years 3-5,112,End Date is text '01/10/2028',Beyond Trust
Medium,Date stored as text,AIP on ACHE Site 3 Years 3-5,113,End Date is text '01/10/2028',Tenable
Medium,Date stored as text,AIP on ACHE Site 3 Years 3-5,114,End Date is text '01/10/2028',Elastic Stack
Medium,Date stored as text,AIP on ACHE Site 3 Years 3-5,115,End Date is text '01/10/2028',Impex EUD
Medium,Date stored as text,AIP on ACHE Site 3 Years 3-5,116,End Date is text '01/10/2028',Vault
Medium,Date stored as text,AIP on ACHE Site 3 Years 3-5,117,End Date is text '01/10/2028',Keycloak
Medium,Date stored as text,AIP on ACHE Site 3 Years 3-5,118,End Date is text '01/10/2028',WAF
Medium,Date stored as text,AIP on ACHE Site 3 Years 3-5,119,End Date is text '01/10/2028',GitLab
Medium,Date stored as text,AIP on ACHE Site 3 Years 3-5,120,End Date is text '01/10/2028',Ansible Deployment Container
Medium,Date stored as text,AIP on ACHE Site 3 Years 3-5,121,End Date is text '01/10/2028',Kubernetes Deployment Boxes
Medium,Date stored as text,AIP on ACHE Site 3 Years 3-5,122,End Date is text '01/10/2028',PostgreSQL
Medium,Date stored as text,AIP on ACHE Site 3 Years 3-5,123,End Date is text '01/06/2028',Root CA
Medium,Date stored as text,AIP on ACHE Site 3 Years 3-5,124,End Date is text '01/06/2028',Issuing CA
Medium,Date stored as text,AIP on ACHE Site 3 Years 3-5,125,End Date is text '01/06/2028',Vault Issuing CA
Medium,Date stored as text,AIP on ACHE Site 3 Years 3-5,126,End Date is text '01/10/2028',BPS Gateway
Medium,Date stored as text,AIP on ACHE Site 3 Years 3-5,128,End Date is text '01/10/2028',Windows VMs
Medium,Date stored as text,AIP on ACHE Site 3 Years 3-5,129,End Date is text '01/10/2028',Linux VMs
Medium,Date stored as text,AIP on ACHE Site 3 Years 3-5,130,End Date is text '01/10/2028',Active Directory
Medium,Date stored as text,AIP on ACHE Site 3 Years 3-5,131,End Date is text '01/10/2028',ADFS
Medium,Date stored as text,AIP on ACHE Site 3 Years 3-5,132,End Date is text '01/10/2028',Beyond Trust
Medium,Date stored as text,AIP on ACHE Site 3 Years 3-5,133,End Date is text '01/10/2028',Tenable
Medium,Date stored as text,AIP on ACHE Site 3 Years 3-5,134,End Date is text '01/10/2028',Elastic Stack
Medium,Date stored as text,AIP on ACHE Site 3 Years 3-5,135,End Date is text '01/10/2028',Impex EUD
Medium,Date stored as text,AIP on ACHE Site 3 Years 3-5,136,End Date is text '01/10/2028',Vault
Medium,Date stored as text,AIP on ACHE Site 3 Years 3-5,137,End Date is text '01/10/2028',Keycloak
Medium,Date stored as text,AIP on ACHE Site 3 Years 3-5,138,End Date is text '01/10/2028',WAF
Medium,Date stored as text,AIP on ACHE Site 3 Years 3-5,139,End Date is text '01/10/2028',GitLab
Medium,Date stored as text,AIP on ACHE Site 3 Years 3-5,140,End Date is text '01/10/2028',Ansible Deployment Container
Medium,Date stored as text,AIP on ACHE Site 3 Years 3-5,141,End Date is text '01/10/2028',Kubernetes Deployment Boxes
Medium,Date stored as text,AIP on ACHE Site 3 Years 3-5,142,End Date is text '01/10/2028',PostgreSQL
Medium,Date stored as text,AIP on ACHE Site 3 Years 3-5,143,End Date is text '01/06/2028',Root CA
Medium,Date stored as text,AIP on ACHE Site 3 Years 3-5,144,End Date is text '01/06/2028',Issuing CA
Medium,Date stored as text,AIP on ACHE Site 3 Years 3-5,145,End Date is text '01/06/2028',Vault Issuing CA
Medium,Date stored as text,AIP on ACHE Site 3 Years 3-5,146,End Date is text '01/06/2028',BPS Gateway
Medium,Date stored as text,AIP on ACHE Site 3 Years 3-5,148,End Date is text '15/03/2029',Windows VMs
Medium,Date stored as text,AIP on ACHE Site 3 Years 3-5,149,End Date is text '15/03/2029',Linux VMs
Medium,Date stored as text,AIP on ACHE Site 3 Years 3-5,150,End Date is text '15/03/2029',Active Directory
Medium,Date stored as text,AIP on ACHE Site 3 Years 3-5,151,End Date is text '15/03/2029',ADFS
Medium,Date stored as text,AIP on ACHE Site 3 Years 3-5,152,End Date is text '15/03/2029',Beyond Trust
Medium,Date stored as text,AIP on ACHE Site 3 Years 3-5,153,End Date is text '15/03/2029',Tenable
Medium,Date stored as text,AIP on ACHE Site 3 Years 3-5,154,End Date is text '15/03/2029',Elastic Stack
Medium,Date stored as text,AIP on ACHE Site 3 Years 3-5,155,End Date is text '15/03/2029',Impex EUD
Medium,Date stored as text,AIP on ACHE Site 3 Years 3-5,156,End Date is text '15/03/2029',Vault
Medium,Date stored as text,AIP on ACHE Site 3 Years 3-5,157,End Date is text '15/03/2029',Keycloak
Medium,Date stored as text,AIP on ACHE Site 3 Years 3-5,158,End Date is text '15/03/2029',WAF
Medium,Date stored as text,AIP on ACHE Site 3 Years 3-5,159,End Date is text '15/03/2029',GitLab
Medium,Date stored as text,AIP on ACHE Site 3 Years 3-5,160,End Date is text '15/03/2029',Ansible Deployment Container
Medium,Date stored as text,AIP on ACHE Site 3 Years 3-5,161,End Date is text '15/03/2029',Kubernetes Deployment Boxes
Medium,Date stored as text,AIP on ACHE Site 3 Years 3-5,162,End Date is text '15/03/2029',PostgreSQL
Medium,Date stored as text,AIP on ACHE Site 3 Years 3-5,163,End Date is text '15/03/2029',Root CA
Medium,Date stored as text,AIP on ACHE Site 3 Years 3-5,164,End Date is text '15/03/2029',Issuing CA
Medium,Date stored as text,AIP on ACHE Site 3 Years 3-5,165,End Date is text '15/03/2029',Vault Issuing CA
Medium,Date stored as text,AIP on ACHE Site 3 Years 3-5,166,End Date is text '01/06/2028',BPS Gateway
Medium,Date stored as text,AIP on ACHE Site 3 Years 3-5,168,End Date is text '15/03/2029',Windows VMs
Medium,Date stored as text,AIP on ACHE Site 3 Years 3-5,169,End Date is text '15/03/2029',Linux VMs
Medium,Date stored as text,AIP on ACHE Site 3 Years 3-5,170,End Date is text '15/03/2029',Active Directory
Medium,Date stored as text,AIP on ACHE Site 3 Years 3-5,171,End Date is text '15/03/2029',ADFS
Medium,Date stored as text,AIP on ACHE Site 3 Years 3-5,172,End Date is text '15/03/2029',Beyond Trust
Medium,Date stored as text,AIP on ACHE Site 3 Years 3-5,173,End Date is text '15/03/2029',Tenable
Medium,Date stored as text,AIP on ACHE Site 3 Years 3-5,174,End Date is text '15/03/2029',Elastic Stack
Medium,Date stored as text,AIP on ACHE Site 3 Years 3-5,175,End Date is text '15/03/2029',Impex EUD
Medium,Date stored as text,AIP on ACHE Site 3 Years 3-5,176,End Date is text '15/03/2029',Vault
Medium,Date stored as text,AIP on ACHE Site 3 Years 3-5,177,End Date is text '15/03/2029',Keycloak
Medium,Date stored as text,AIP on ACHE Site 3 Years 3-5,178,End Date is text '15/03/2029',WAF
Medium,Date stored as text,AIP on ACHE Site 3 Years 3-5,179,End Date is text '15/03/2029',GitLab
Medium,Date stored as text,AIP on ACHE Site 3 Years 3-5,180,End Date is text '15/03/2029',Ansible Deployment Container
Medium,Date stored as text,AIP on ACHE Site 3 Years 3-5,181,End Date is text '15/03/2029',Kubernetes Deployment Boxes
Medium,Date stored as text,AIP on ACHE Site 3 Years 3-5,182,End Date is text '15/03/2029',PostgreSQL
Medium,Date stored as text,AIP on ACHE Site 3 Years 3-5,183,End Date is text '15/03/2029',Root CA
Medium,Date stored as text,AIP on ACHE Site 3 Years 3-5,184,End Date is text '15/03/2029',Issuing CA
Medium,Date stored as text,AIP on ACHE Site 3 Years 3-5,185,End Date is text '15/03/2029',Vault Issuing CA
Medium,Date stored as text,AIP on ACHE Site 3 Years 3-5,186,End Date is text '01/06/2028',BPS Gateway
Medium,Date stored as text,AIP on ACHE Site 3 Years 3-5,188,End Date is text '15/03/2029',Windows VMs
Medium,Date stored as text,AIP on ACHE Site 3 Years 3-5,189,End Date is text '15/03/2029',Linux VMs
Medium,Date stored as text,AIP on ACHE Site 3 Years 3-5,190,End Date is text '15/03/2029',Active Directory
Medium,Date stored as text,AIP on ACHE Site 3 Years 3-5,191,End Date is text '15/03/2029',ADFS
Medium,Date stored as text,AIP on ACHE Site 3 Years 3-5,192,End Date is text '15/03/2029',Beyond Trust
Medium,Date stored as text,AIP on ACHE Site 3 Years 3-5,193,End Date is text '15/03/2029',Tenable
Medium,Date stored as text,AIP on ACHE Site 3 Years 3-5,194,End Date is text '15/03/2029',Elastic Stack
Medium,Date stored as text,AIP on ACHE Site 3 Years 3-5,195,End Date is text '15/03/2029',Impex EUD
Medium,Date stored as text,AIP on ACHE Site 3 Years 3-5,196,End Date is text '15/03/2029',Vault
Medium,Date stored as text,AIP on ACHE Site 3 Years 3-5,197,End Date is text '15/03/2029',Keycloak
Medium,Date stored as text,AIP on ACHE Site 3 Years 3-5,198,End Date is text '15/03/2029',WAF
Medium,Date stored as text,AIP on ACHE Site 3 Years 3-5,199,End Date is text '15/03/2029',GitLab
Medium,Date stored as text,AIP on ACHE Site 3 Years 3-5,200,End Date is text '15/03/2029',Ansible Deployment Container
Medium,Date stored as text,AIP on ACHE Site 3 Years 3-5,201,End Date is text '15/03/2029',Kubernetes Deployment Boxes
Medium,Date stored as text,AIP on ACHE Site 3 Years 3-5,202,End Date is text '15/03/2029',PostgreSQL
Medium,Date stored as text,AIP on ACHE Site 3 Years 3-5,203,End Date is text '15/03/2029',Root CA
Medium,Date stored as text,AIP on ACHE Site 3 Years 3-5,204,End Date is text '15/03/2029',Issuing CA
Medium,Date stored as text,AIP on ACHE Site 3 Years 3-5,205,End Date is text '15/03/2029',Vault Issuing CA
Medium,Date stored as text,AIP on ACHE Site 3 Years 3-5,207,End Date is text '15/03/2029',Windows VMs
Medium,Date stored as text,AIP on ACHE Site 3 Years 3-5,208,End Date is text '15/03/2029',Linux VMs
Medium,Date stored as text,AIP on ACHE Site 3 Years 3-5,209,End Date is text '15/03/2029',Active Directory
Medium,Date stored as text,AIP on ACHE Site 3 Years 3-5,210,End Date is text '15/03/2029',ADFS
Medium,Date stored as text,AIP on ACHE Site 3 Years 3-5,211,End Date is text '15/03/2029',Beyond Trust
Medium,Date stored as text,AIP on ACHE Site 3 Years 3-5,212,End Date is text '15/03/2029',Tenable
Medium,Date stored as text,AIP on ACHE Site 3 Years 3-5,213,End Date is text '15/03/2029',Elastic Stack
Medium,Date stored as text,AIP on ACHE Site 3 Years 3-5,214,End Date is text '15/03/2029',Impex EUD
Medium,Date stored as text,AIP on ACHE Site 3 Years 3-5,215,End Date is text '15/03/2029',Vault
Medium,Date stored as text,AIP on ACHE Site 3 Years 3-5,216,End Date is text '15/03/2029',Keycloak
Medium,Date stored as text,AIP on ACHE Site 3 Years 3-5,217,End Date is text '15/03/2029',WAF
Medium,Date stored as text,AIP on ACHE Site 3 Years 3-5,218,End Date is text '15/03/2029',GitLab
Medium,Date stored as text,AIP on ACHE Site 3 Years 3-5,219,End Date is text '15/03/2029',Ansible Deployment Container
Medium,Date stored as text,AIP on ACHE Site 3 Years 3-5,220,End Date is text '15/03/2029',Kubernetes Deployment Boxes
Medium,Date stored as text,AIP on ACHE Site 3 Years 3-5,221,End Date is text '15/03/2029',PostgreSQL
Medium,Date stored as text,AIP on ACHE Site 3 Years 3-5,222,End Date is text '15/03/2029',Root CA
Medium,Date stored as text,AIP on ACHE Site 3 Years 3-5,223,End Date is text '15/03/2029',Issuing CA
Medium,Date stored as text,AIP on ACHE Site 3 Years 3-5,224,End Date is text '15/03/2029',Vault Issuing CA
Medium,Date stored as text,AIP on ACHE Site 3 Years 3-5,226,End Date is text '15/03/2029',Windows VMs
Medium,Date stored as text,AIP on ACHE Site 3 Years 3-5,227,End Date is text '15/03/2029',Linux VMs
Medium,Date stored as text,AIP on ACHE Site 3 Years 3-5,228,End Date is text '15/03/2029',Active Directory
Medium,Date stored as text,AIP on ACHE Site 3 Years 3-5,229,End Date is text '15/03/2029',ADFS
Medium,Date stored as text,AIP on ACHE Site 3 Years 3-5,230,End Date is text '15/03/2029',Beyond Trust
Medium,Date stored as text,AIP on ACHE Site 3 Years 3-5,231,End Date is text '15/03/2029',Tenable
Medium,Date stored as text,AIP on ACHE Site 3 Years 3-5,232,End Date is text '15/03/2029',Elastic Stack
Medium,Date stored as text,AIP on ACHE Site 3 Years 3-5,233,End Date is text '15/03/2029',Impex EUD
Medium,Date stored as text,AIP on ACHE Site 3 Years 3-5,234,End Date is text '15/03/2029',Vault
Medium,Date stored as text,AIP on ACHE Site 3 Years 3-5,235,End Date is text '15/03/2029',Keycloak
Medium,Date stored as text,AIP on ACHE Site 3 Years 3-5,236,End Date is text '15/03/2029',WAF
Medium,Date stored as text,AIP on ACHE Site 3 Years 3-5,237,End Date is text '15/03/2029',GitLab
Medium,Date stored as text,AIP on ACHE Site 3 Years 3-5,238,End Date is text '15/03/2029',Ansible Deployment Container
Medium,Date stored as text,AIP on ACHE Site 3 Years 3-5,239,End Date is text '15/03/2029',Kubernetes Deployment Boxes
Medium,Date stored as text,AIP on ACHE Site 3 Years 3-5,240,End Date is text '15/03/2029',PostgreSQL
Medium,Date stored as text,AIP on ACHE Site 3 Years 3-5,241,End Date is text '15/03/2029',Root CA
Medium,Date stored as text,AIP on ACHE Site 3 Years 3-5,242,End Date is text '15/03/2029',Issuing CA
Medium,Date stored as text,AIP on ACHE Site 3 Years 3-5,243,End Date is text '15/03/2029',Vault Issuing CA
Medium,Date stored as text,AIP on ACHE Site 3 Years 3-5,245,End Date is text '15/03/2029',Windows VMs
Medium,Date stored as text,AIP on ACHE Site 3 Years 3-5,246,End Date is text '15/03/2029',Linux VMs
Medium,Date stored as text,AIP on ACHE Site 3 Years 3-5,247,End Date is text '15/03/2029',Active Directory
Medium,Date stored as text,AIP on ACHE Site 3 Years 3-5,248,End Date is text '15/03/2029',ADFS
Medium,Date stored as text,AIP on ACHE Site 3 Years 3-5,249,End Date is text '15/03/2029',Beyond Trust
Medium,Date stored as text,AIP on ACHE Site 3 Years 3-5,250,End Date is text '15/03/2029',Tenable
Medium,Date stored as text,AIP on ACHE Site 3 Years 3-5,251,End Date is text '15/03/2029',Elastic Stack
Medium,Date stored as text,AIP on ACHE Site 3 Years 3-5,252,End Date is text '15/03/2029',Impex EUD
Medium,Date stored as text,AIP on ACHE Site 3 Years 3-5,253,End Date is text '15/03/2029',Vault
Medium,Date stored as text,AIP on ACHE Site 3 Years 3-5,254,End Date is text '15/03/2029',Keycloak
Medium,Date stored as text,AIP on ACHE Site 3 Years 3-5,255,End Date is text '15/03/2029',WAF
Medium,Date stored as text,AIP on ACHE Site 3 Years 3-5,256,End Date is text '15/03/2029',GitLab
Medium,Date stored as text,AIP on ACHE Site 3 Years 3-5,257,End Date is text '15/03/2029',Ansible Deployment Container
Medium,Date stored as text,AIP on ACHE Site 3 Years 3-5,258,End Date is text '15/03/2029',Kubernetes Deployment Boxes
Medium,Date stored as text,AIP on ACHE Site 3 Years 3-5,259,End Date is text '15/03/2029',PostgreSQL
Medium,Date stored as text,AIP on ACHE Site 3 Years 3-5,260,End Date is text '15/03/2029',Root CA
Medium,Date stored as text,AIP on ACHE Site 3 Years 3-5,261,End Date is text '15/03/2029',Issuing CA
Medium,Date stored as text,AIP on ACHE Site 3 Years 3-5,262,End Date is text '15/03/2029',Vault Issuing CA
Medium,Date stored as text,AIP on ACHE Site 3 Years 3-5,265,End Date is text '15/03/2030',Change Control - Beyond Trust
Medium,Date stored as text,AIP on ACHE Site 3 Years 3-5,266,End Date is text '15/03/2030',Change Control - Tenable
Medium,Date stored as text,AIP on ACHE Site 3 Years 3-5,267,End Date is text '15/03/2030',Change Control - Elastic Stack
Medium,Date stored as text,AIP on ACHE Site 3 Years 3-5,268,End Date is text '15/03/2030',Change Control - Vault
Medium,Date stored as text,AIP on ACHE Site 3 Years 3-5,269,End Date is text '15/03/2030',Change Control - Keycloak
Medium,Date stored as text,AIP on ACHE Site 3 Years 3-5,270,End Date is text '15/03/2030',Change Control - WAF
Medium,Date stored as text,AIP on ACHE Site 3 Years 3-5,271,End Date is text '15/03/2030',Change Control - GitLab
Medium,Date stored as text,AIP on ACHE Site 3 Years 3-5,272,End Date is text '15/03/2030',Change Control - Ansible Deployment Container
Medium,Date stored as text,AIP on ACHE Site 3 Years 3-5,273,End Date is text '15/03/2030',Change Control - Kubernetes Deployment Boxes
Medium,Date stored as text,AIP on ACHE Site 3 Years 3-5,274,End Date is text '15/03/2030',Change Control - PostgreSQL 
Medium,Date stored as text,AIP on ACHE Site 3 Years 3-5,275,End Date is text '15/03/2030',Impex - Beyond Trust
Medium,Date stored as text,AIP on ACHE Site 3 Years 3-5,276,End Date is text '15/03/2030',Impex - Tenable
Medium,Date stored as text,AIP on ACHE Site 3 Years 3-5,277,End Date is text '15/03/2030',Impex - Elastic Stack
Medium,Date stored as text,AIP on ACHE Site 3 Years 3-5,278,End Date is text '15/03/2030',Impex - Vault
Medium,Date stored as text,AIP on ACHE Site 3 Years 3-5,279,End Date is text '15/03/2030',Impex - Keycloak
Medium,Date stored as text,AIP on ACHE Site 3 Years 3-5,280,End Date is text '15/03/2030',Impex - WAF
Medium,Date stored as text,AIP on ACHE Site 3 Years 3-5,281,End Date is text '15/03/2030',Impex - GitLab
Medium,Date stored as text,AIP on ACHE Site 3 Years 3-5,282,End Date is text '15/03/2030',Impex - Ansible Deployment Container
Medium,Date stored as text,AIP on ACHE Site 3 Years 3-5,283,End Date is text '15/03/2030',Impex - Kubernetes Deployment Boxes
Medium,Date stored as text,AIP on ACHE Site 3 Years 3-5,284,End Date is text '15/03/2030',Impex Security Review - Beyond Trust
Medium,Date stored as text,AIP on ACHE Site 3 Years 3-5,285,End Date is text '15/03/2030',Impex Security Review - Tenable
Medium,Date stored as text,AIP on ACHE Site 3 Years 3-5,286,End Date is text '15/03/2030',Impex Security Review - Elastic Stack
Medium,Date stored as text,AIP on ACHE Site 3 Years 3-5,287,End Date is text '15/03/2030',Impex Security Review - Vault
Medium,Date stored as text,AIP on ACHE Site 3 Years 3-5,288,End Date is text '15/03/2030',Impex Security Review - Keycloak
Medium,Date stored as text,AIP on ACHE Site 3 Years 3-5,289,End Date is text '15/03/2030',Impex Security Review - WAF
Medium,Date stored as text,AIP on ACHE Site 3 Years 3-5,290,End Date is text '15/03/2030',Impex Security Review - GitLab
Medium,Date stored as text,AIP on ACHE Site 3 Years 3-5,291,End Date is text '15/03/2030',Impex Security Review - Ansible Deployment Container
Medium,Date stored as text,AIP on ACHE Site 3 Years 3-5,292,End Date is text '15/03/2030',Impex Security Review - Kubernetes Deployment Boxes
Medium,Date stored as text,AIP on ACHE Site 3 Years 3-5,293,End Date is text '15/03/2030',Deployment - Beyond Trust
Medium,Date stored as text,AIP on ACHE Site 3 Years 3-5,294,End Date is text '15/03/2030',Deployment - Tenable
Medium,Date stored as text,AIP on ACHE Site 3 Years 3-5,295,End Date is text '15/03/2030',Deployment - Elastic Stack
Medium,Date stored as text,AIP on ACHE Site 3 Years 3-5,296,End Date is text '15/03/2030',Deployment - Vault
Medium,Date stored as text,AIP on ACHE Site 3 Years 3-5,297,End Date is text '15/03/2030',Deployment - Keycloak
Medium,Date stored as text,AIP on ACHE Site 3 Years 3-5,298,End Date is text '15/03/2030',Deployment - WAF
Medium,Date stored as text,AIP on ACHE Site 3 Years 3-5,299,End Date is text '15/03/2030',Deployment - GitLab
Medium,Date stored as text,AIP on ACHE Site 3 Years 3-5,300,End Date is text '15/03/2030',Deployment - Ansible Deployment Container
Medium,Date stored as text,AIP on ACHE Site 3 Years 3-5,301,End Date is text '15/03/2030',Deployment - Kubernetes Deployment Boxes
Medium,Date stored as text,AIP on ACHE Site 3 Years 3-5,302,End Date is text '15/03/2030',Deployment - PostgreSQL
Medium,Date stored as text,AIP on ACHE Site 3 Years 3-5,303,End Date is text '01/03/2030',Deployment - Root CA
Medium,Date stored as text,AIP on ACHE Site 3 Years 3-5,304,End Date is text '15/03/2030',Post-Deployment Testing - Beyond Trust
Medium,Date stored as text,AIP on ACHE Site 3 Years 3-5,305,End Date is text '15/03/2030',Post-Deployment Testing - Tenable
Medium,Date stored as text,AIP on ACHE Site 3 Years 3-5,306,End Date is text '15/03/2030',Post-Deployment Testing - Elastic Stack
Medium,Date stored as text,AIP on ACHE Site 3 Years 3-5,307,End Date is text '15/03/2030',Post-Deployment Testing - Keycloak
Medium,Date stored as text,AIP on ACHE Site 3 Years 3-5,309,End Date is text '15/03/2030',Change Control - Beyond Trust
Medium,Date stored as text,AIP on ACHE Site 3 Years 3-5,310,End Date is text '15/03/2030',Change Control - Tenable
Medium,Date stored as text,AIP on ACHE Site 3 Years 3-5,311,End Date is text '15/03/2030',Change Control - Elastic Stack
Medium,Date stored as text,AIP on ACHE Site 3 Years 3-5,312,End Date is text '15/03/2030',Change Control - Vault
Medium,Date stored as text,AIP on ACHE Site 3 Years 3-5,313,End Date is text '15/03/2030',Change Control - Keycloak
Medium,Date stored as text,AIP on ACHE Site 3 Years 3-5,314,End Date is text '15/03/2030',Change Control - WAF
Medium,Date stored as text,AIP on ACHE Site 3 Years 3-5,315,End Date is text '15/03/2030',Change Control - GitLab
Medium,Date stored as text,AIP on ACHE Site 3 Years 3-5,316,End Date is text '15/03/2030',Change Control - Ansible Deployment Container
Medium,Date stored as text,AIP on ACHE Site 3 Years 3-5,317,End Date is text '15/03/2030',Change Control - Kubernetes Deployment Boxes
Medium,Date stored as text,AIP on ACHE Site 3 Years 3-5,318,End Date is text '15/03/2030',Change Control - PostgreSQL 
Medium,Date stored as text,AIP on ACHE Site 3 Years 3-5,319,End Date is text '15/03/2030',Impex - Beyond Trust
Medium,Date stored as text,AIP on ACHE Site 3 Years 3-5,320,End Date is text '15/03/2030',Impex - Tenable
Medium,Date stored as text,AIP on ACHE Site 3 Years 3-5,321,End Date is text '15/03/2030',Impex - Elastic Stack
Medium,Date stored as text,AIP on ACHE Site 3 Years 3-5,322,End Date is text '15/03/2030',Impex - Vault
Medium,Date stored as text,AIP on ACHE Site 3 Years 3-5,323,End Date is text '15/03/2030',Impex - Keycloak
Medium,Date stored as text,AIP on ACHE Site 3 Years 3-5,324,End Date is text '15/03/2030',Impex - WAF
Medium,Date stored as text,AIP on ACHE Site 3 Years 3-5,325,End Date is text '15/03/2030',Impex - GitLab
Medium,Date stored as text,AIP on ACHE Site 3 Years 3-5,326,End Date is text '15/03/2030',Impex - Ansible Deployment Container
Medium,Date stored as text,AIP on ACHE Site 3 Years 3-5,327,End Date is text '15/03/2030',Impex - Kubernetes Deployment Boxes
Medium,Date stored as text,AIP on ACHE Site 3 Years 3-5,328,End Date is text '15/03/2030',Impex Security Review - Beyond Trust
Medium,Date stored as text,AIP on ACHE Site 3 Years 3-5,329,End Date is text '15/03/2030',Impex Security Review - Tenable
Medium,Date stored as text,AIP on ACHE Site 3 Years 3-5,330,End Date is text '15/03/2030',Impex Security Review - Elastic Stack
Medium,Date stored as text,AIP on ACHE Site 3 Years 3-5,331,End Date is text '15/03/2030',Impex Security Review - Vault
Medium,Date stored as text,AIP on ACHE Site 3 Years 3-5,332,End Date is text '15/03/2030',Impex Security Review - Keycloak
Medium,Date stored as text,AIP on ACHE Site 3 Years 3-5,333,End Date is text '15/03/2030',Impex Security Review - WAF
Medium,Date stored as text,AIP on ACHE Site 3 Years 3-5,334,End Date is text '15/03/2030',Impex Security Review - GitLab
Medium,Date stored as text,AIP on ACHE Site 3 Years 3-5,335,End Date is text '15/03/2030',Impex Security Review - Ansible Deployment Container
Medium,Date stored as text,AIP on ACHE Site 3 Years 3-5,336,End Date is text '15/03/2030',Impex Security Review - Kubernetes Deployment Boxes
Medium,Date stored as text,AIP on ACHE Site 3 Years 3-5,337,End Date is text '15/03/2030',Deployment - Beyond Trust
Medium,Date stored as text,AIP on ACHE Site 3 Years 3-5,338,End Date is text '15/03/2030',Deployment - Tenable
Medium,Date stored as text,AIP on ACHE Site 3 Years 3-5,339,End Date is text '15/03/2030',Deployment - Elastic Stack
Medium,Date stored as text,AIP on ACHE Site 3 Years 3-5,340,End Date is text '15/03/2030',Deployment - Vault
Medium,Date stored as text,AIP on ACHE Site 3 Years 3-5,341,End Date is text '15/03/2030',Deployment - Keycloak
Medium,Date stored as text,AIP on ACHE Site 3 Years 3-5,342,End Date is text '15/03/2030',Deployment - WAF
Medium,Date stored as text,AIP on ACHE Site 3 Years 3-5,343,End Date is text '15/03/2030',Deployment - GitLab
Medium,Date stored as text,AIP on ACHE Site 3 Years 3-5,344,End Date is text '15/03/2030',Deployment - Ansible Deployment Container
Medium,Date stored as text,AIP on ACHE Site 3 Years 3-5,345,End Date is text '15/03/2030',Deployment - Kubernetes Deployment Boxes
Medium,Date stored as text,AIP on ACHE Site 3 Years 3-5,346,End Date is text '15/03/2030',Deployment - PostgreSQL
Medium,Date stored as text,AIP on ACHE Site 3 Years 3-5,347,End Date is text '01/03/2030',Deployment - Root CA
Medium,Date stored as text,AIP on ACHE Site 3 Years 3-5,348,End Date is text '15/03/2030',Post-Deployment Testing - Beyond Trust
Medium,Date stored as text,AIP on ACHE Site 3 Years 3-5,349,End Date is text '15/03/2030',Post-Deployment Testing - Tenable
Medium,Date stored as text,AIP on ACHE Site 3 Years 3-5,350,End Date is text '15/03/2030',Post-Deployment Testing - Elastic Stack
Medium,Date stored as text,AIP on ACHE Site 3 Years 3-5,351,End Date is text '15/03/2030',Post-Deployment Testing - Keycloak
Medium,Date stored as text,AIP on ACHE Site 3 Years 3-5,353,End Date is text '01/10/2029',Windows
Medium,Date stored as text,AIP on ACHE Site 3 Years 3-5,354,End Date is text '01/10/2029',Beyond Trust
Medium,Date stored as text,AIP on ACHE Site 3 Years 3-5,355,End Date is text '01/10/2029',Tenable
Medium,Date stored as text,AIP on ACHE Site 3 Years 3-5,356,End Date is text '01/10/2029',Elastic Stack
Medium,Date stored as text,AIP on ACHE Site 3 Years 3-5,357,End Date is text '01/10/2029',Vault
Medium,Date stored as text,AIP on ACHE Site 3 Years 3-5,358,End Date is text '01/10/2029',WAF
Medium,Date stored as text,AIP on ACHE Site 3 Years 3-5,359,End Date is text '01/10/2029',GitLab
Medium,Date stored as text,AIP on ACHE Site 3 Years 3-5,361,End Date is text '01/10/2029',Windows
Medium,Date stored as text,AIP on ACHE Site 3 Years 3-5,362,End Date is text '01/10/2029',Beyond Trust
Medium,Date stored as text,AIP on ACHE Site 3 Years 3-5,363,End Date is text '01/10/2029',Tenable
Medium,Date stored as text,AIP on ACHE Site 3 Years 3-5,364,End Date is text '01/10/2029',Elastic Stack
Medium,Date stored as text,AIP on ACHE Site 3 Years 3-5,365,End Date is text '01/10/2029',Vault
Medium,Date stored as text,AIP on ACHE Site 3 Years 3-5,366,End Date is text '01/10/2029',WAF
Medium,Date stored as text,AIP on ACHE Site 3 Years 3-5,367,End Date is text '01/10/2029',GitLab
Medium,Date stored as text,AIP on ACHE Site 3 Years 3-5,369,End Date is text '01/10/2029',Windows VMs
Medium,Date stored as text,AIP on ACHE Site 3 Years 3-5,370,End Date is text '01/10/2029',Linux VMs
Medium,Date stored as text,AIP on ACHE Site 3 Years 3-5,371,End Date is text '01/10/2029',Active Directory
Medium,Date stored as text,AIP on ACHE Site 3 Years 3-5,372,End Date is text '01/10/2029',ADFS
Medium,Date stored as text,AIP on ACHE Site 3 Years 3-5,373,End Date is text '01/10/2029',Beyond Trust
Medium,Date stored as text,AIP on ACHE Site 3 Years 3-5,374,End Date is text '01/10/2029',Tenable
Medium,Date stored as text,AIP on ACHE Site 3 Years 3-5,375,End Date is text '01/10/2029',Elastic Stack
Medium,Date stored as text,AIP on ACHE Site 3 Years 3-5,376,End Date is text '01/10/2029',Impex EUD
Medium,Date stored as text,AIP on ACHE Site 3 Years 3-5,377,End Date is text '01/10/2029',Vault
Medium,Date stored as text,AIP on ACHE Site 3 Years 3-5,378,End Date is text '01/10/2029',Keycloak
Medium,Date stored as text,AIP on ACHE Site 3 Years 3-5,379,End Date is text '01/10/2029',WAF
Medium,Date stored as text,AIP on ACHE Site 3 Years 3-5,380,End Date is text '01/10/2029',GitLab
Medium,Date stored as text,AIP on ACHE Site 3 Years 3-5,381,End Date is text '01/10/2029',Ansible Deployment Container
Medium,Date stored as text,AIP on ACHE Site 3 Years 3-5,382,End Date is text '01/10/2029',Kubernetes Deployment Boxes
Medium,Date stored as text,AIP on ACHE Site 3 Years 3-5,383,End Date is text '01/10/2029',PostgreSQL
Medium,Date stored as text,AIP on ACHE Site 3 Years 3-5,384,End Date is text '01/04/2029',Root CA
Medium,Date stored as text,AIP on ACHE Site 3 Years 3-5,385,End Date is text '01/04/2029',Issuing CA
Medium,Date stored as text,AIP on ACHE Site 3 Years 3-5,386,End Date is text '01/04/2029',Vault Issuing CA
Medium,Date stored as text,AIP on ACHE Site 3 Years 3-5,387,End Date is text '01/10/2029',BPS Gateway
Medium,Date stored as text,AIP on ACHE Site 3 Years 3-5,389,End Date is text '01/10/2029',Windows VMs
Medium,Date stored as text,AIP on ACHE Site 3 Years 3-5,390,End Date is text '01/10/2029',Linux VMs
Medium,Date stored as text,AIP on ACHE Site 3 Years 3-5,391,End Date is text '01/10/2029',Active Directory
Medium,Date stored as text,AIP on ACHE Site 3 Years 3-5,392,End Date is text '01/10/2029',ADFS
Medium,Date stored as text,AIP on ACHE Site 3 Years 3-5,393,End Date is text '01/10/2029',Beyond Trust
Medium,Date stored as text,AIP on ACHE Site 3 Years 3-5,394,End Date is text '01/10/2029',Tenable
Medium,Date stored as text,AIP on ACHE Site 3 Years 3-5,395,End Date is text '01/10/2029',Elastic Stack
Medium,Date stored as text,AIP on ACHE Site 3 Years 3-5,396,End Date is text '01/10/2029',Impex EUD
Medium,Date stored as text,AIP on ACHE Site 3 Years 3-5,397,End Date is text '01/10/2029',Vault
Medium,Date stored as text,AIP on ACHE Site 3 Years 3-5,398,End Date is text '01/10/2029',Keycloak
Medium,Date stored as text,AIP on ACHE Site 3 Years 3-5,399,End Date is text '01/10/2029',WAF
Medium,Date stored as text,AIP on ACHE Site 3 Years 3-5,400,End Date is text '01/10/2029',GitLab
Medium,Date stored as text,AIP on ACHE Site 3 Years 3-5,401,End Date is text '01/10/2029',Ansible Deployment Container
Medium,Date stored as text,AIP on ACHE Site 3 Years 3-5,402,End Date is text '01/10/2029',Kubernetes Deployment Boxes
Medium,Date stored as text,AIP on ACHE Site 3 Years 3-5,403,End Date is text '01/10/2029',PostgreSQL
Medium,Date stored as text,AIP on ACHE Site 3 Years 3-5,404,End Date is text '01/04/2029',Root CA
Medium,Date stored as text,AIP on ACHE Site 3 Years 3-5,405,End Date is text '01/04/2029',Issuing CA
Medium,Date stored as text,AIP on ACHE Site 3 Years 3-5,406,End Date is text '01/04/2029',Vault Issuing CA
Medium,Date stored as text,AIP on ACHE Site 3 Years 3-5,407,End Date is text '01/04/2029',BPS Gateway
Medium,Date stored as text,AIP on ACHE Site 3 Years 3-5,409,End Date is text '15/03/2030',Windows VMs
Medium,Date stored as text,AIP on ACHE Site 3 Years 3-5,410,End Date is text '15/03/2030',Linux VMs
Medium,Date stored as text,AIP on ACHE Site 3 Years 3-5,411,End Date is text '15/03/2030',Active Directory
Medium,Date stored as text,AIP on ACHE Site 3 Years 3-5,412,End Date is text '15/03/2030',ADFS
Medium,Date stored as text,AIP on ACHE Site 3 Years 3-5,413,End Date is text '15/03/2030',Beyond Trust
Medium,Date stored as text,AIP on ACHE Site 3 Years 3-5,414,End Date is text '15/03/2030',Tenable
Medium,Date stored as text,AIP on ACHE Site 3 Years 3-5,415,End Date is text '15/03/2030',Elastic Stack
Medium,Date stored as text,AIP on ACHE Site 3 Years 3-5,416,End Date is text '15/03/2030',Impex EUD
Medium,Date stored as text,AIP on ACHE Site 3 Years 3-5,417,End Date is text '15/03/2030',Vault
Medium,Date stored as text,AIP on ACHE Site 3 Years 3-5,418,End Date is text '15/03/2030',Keycloak
Medium,Date stored as text,AIP on ACHE Site 3 Years 3-5,419,End Date is text '15/03/2030',WAF
Medium,Date stored as text,AIP on ACHE Site 3 Years 3-5,420,End Date is text '15/03/2030',GitLab
Medium,Date stored as text,AIP on ACHE Site 3 Years 3-5,421,End Date is text '15/03/2030',Ansible Deployment Container
Medium,Date stored as text,AIP on ACHE Site 3 Years 3-5,422,End Date is text '15/03/2030',Kubernetes Deployment Boxes
Medium,Date stored as text,AIP on ACHE Site 3 Years 3-5,423,End Date is text '15/03/2030',PostgreSQL
Medium,Date stored as text,AIP on ACHE Site 3 Years 3-5,424,End Date is text '15/03/2030',Root CA
Medium,Date stored as text,AIP on ACHE Site 3 Years 3-5,425,End Date is text '15/03/2030',Issuing CA
Medium,Date stored as text,AIP on ACHE Site 3 Years 3-5,426,End Date is text '15/03/2030',Vault Issuing CA
Medium,Date stored as text,AIP on ACHE Site 3 Years 3-5,427,End Date is text '01/04/2029',BPS Gateway
Medium,Date stored as text,AIP on ACHE Site 3 Years 3-5,429,End Date is text '15/03/2030',Windows VMs
Medium,Date stored as text,AIP on ACHE Site 3 Years 3-5,430,End Date is text '15/03/2030',Linux VMs
Medium,Date stored as text,AIP on ACHE Site 3 Years 3-5,431,End Date is text '15/03/2030',Active Directory
Medium,Date stored as text,AIP on ACHE Site 3 Years 3-5,432,End Date is text '15/03/2030',ADFS
Medium,Date stored as text,AIP on ACHE Site 3 Years 3-5,433,End Date is text '15/03/2030',Beyond Trust
Medium,Date stored as text,AIP on ACHE Site 3 Years 3-5,434,End Date is text '15/03/2030',Tenable
Medium,Date stored as text,AIP on ACHE Site 3 Years 3-5,435,End Date is text '15/03/2030',Elastic Stack
Medium,Date stored as text,AIP on ACHE Site 3 Years 3-5,436,End Date is text '15/03/2030',Impex EUD
Medium,Date stored as text,AIP on ACHE Site 3 Years 3-5,437,End Date is text '15/03/2030',Vault
Medium,Date stored as text,AIP on ACHE Site 3 Years 3-5,438,End Date is text '15/03/2030',Keycloak
Medium,Date stored as text,AIP on ACHE Site 3 Years 3-5,439,End Date is text '15/03/2030',WAF
Medium,Date stored as text,AIP on ACHE Site 3 Years 3-5,440,End Date is text '15/03/2030',GitLab
Medium,Date stored as text,AIP on ACHE Site 3 Years 3-5,441,End Date is text '15/03/2030',Ansible Deployment Container
Medium,Date stored as text,AIP on ACHE Site 3 Years 3-5,442,End Date is text '15/03/2030',Kubernetes Deployment Boxes
Medium,Date stored as text,AIP on ACHE Site 3 Years 3-5,443,End Date is text '15/03/2030',PostgreSQL
Medium,Date stored as text,AIP on ACHE Site 3 Years 3-5,444,End Date is text '15/03/2030',Root CA
Medium,Date stored as text,AIP on ACHE Site 3 Years 3-5,445,End Date is text '15/03/2030',Issuing CA
Medium,Date stored as text,AIP on ACHE Site 3 Years 3-5,446,End Date is text '15/03/2030',Vault Issuing CA
Medium,Date stored as text,AIP on ACHE Site 3 Years 3-5,447,End Date is text '01/04/2029',BPS Gateway
Medium,Date stored as text,AIP on ACHE Site 3 Years 3-5,449,End Date is text '15/03/2030',Windows VMs
Medium,Date stored as text,AIP on ACHE Site 3 Years 3-5,450,End Date is text '15/03/2030',Linux VMs
Medium,Date stored as text,AIP on ACHE Site 3 Years 3-5,451,End Date is text '15/03/2030',Active Directory
Medium,Date stored as text,AIP on ACHE Site 3 Years 3-5,452,End Date is text '15/03/2030',ADFS
Medium,Date stored as text,AIP on ACHE Site 3 Years 3-5,453,End Date is text '15/03/2030',Beyond Trust
Medium,Date stored as text,AIP on ACHE Site 3 Years 3-5,454,End Date is text '15/03/2030',Tenable
Medium,Date stored as text,AIP on ACHE Site 3 Years 3-5,455,End Date is text '15/03/2030',Elastic Stack
Medium,Date stored as text,AIP on ACHE Site 3 Years 3-5,456,End Date is text '15/03/2030',Impex EUD
Medium,Date stored as text,AIP on ACHE Site 3 Years 3-5,457,End Date is text '15/03/2030',Vault
Medium,Date stored as text,AIP on ACHE Site 3 Years 3-5,458,End Date is text '15/03/2030',Keycloak
Medium,Date stored as text,AIP on ACHE Site 3 Years 3-5,459,End Date is text '15/03/2030',WAF
Medium,Date stored as text,AIP on ACHE Site 3 Years 3-5,460,End Date is text '15/03/2030',GitLab
Medium,Date stored as text,AIP on ACHE Site 3 Years 3-5,461,End Date is text '15/03/2030',Ansible Deployment Container
Medium,Date stored as text,AIP on ACHE Site 3 Years 3-5,462,End Date is text '15/03/2030',Kubernetes Deployment Boxes
Medium,Date stored as text,AIP on ACHE Site 3 Years 3-5,463,End Date is text '15/03/2030',PostgreSQL
Medium,Date stored as text,AIP on ACHE Site 3 Years 3-5,464,End Date is text '15/03/2030',Root CA
Medium,Date stored as text,AIP on ACHE Site 3 Years 3-5,465,End Date is text '15/03/2030',Issuing CA
Medium,Date stored as text,AIP on ACHE Site 3 Years 3-5,466,End Date is text '15/03/2030',Vault Issuing CA
Medium,Date stored as text,AIP on ACHE Site 3 Years 3-5,468,End Date is text '15/03/2030',Windows VMs
Medium,Date stored as text,AIP on ACHE Site 3 Years 3-5,469,End Date is text '15/03/2030',Linux VMs
Medium,Date stored as text,AIP on ACHE Site 3 Years 3-5,470,End Date is text '15/03/2030',Active Directory
Medium,Date stored as text,AIP on ACHE Site 3 Years 3-5,471,End Date is text '15/03/2030',ADFS
Medium,Date stored as text,AIP on ACHE Site 3 Years 3-5,472,End Date is text '15/03/2030',Beyond Trust
Medium,Date stored as text,AIP on ACHE Site 3 Years 3-5,473,End Date is text '15/03/2030',Tenable
Medium,Date stored as text,AIP on ACHE Site 3 Years 3-5,474,End Date is text '15/03/2030',Elastic Stack
Medium,Date stored as text,AIP on ACHE Site 3 Years 3-5,475,End Date is text '15/03/2030',Impex EUD
Medium,Date stored as text,AIP on ACHE Site 3 Years 3-5,476,End Date is text '15/03/2030',Vault
Medium,Date stored as text,AIP on ACHE Site 3 Years 3-5,477,End Date is text '15/03/2030',Keycloak
Medium,Date stored as text,AIP on ACHE Site 3 Years 3-5,478,End Date is text '15/03/2030',WAF
Medium,Date stored as text,AIP on ACHE Site 3 Years 3-5,479,End Date is text '15/03/2030',GitLab
Medium,Date stored as text,AIP on ACHE Site 3 Years 3-5,480,End Date is text '15/03/2030',Ansible Deployment Container
Medium,Date stored as text,AIP on ACHE Site 3 Years 3-5,481,End Date is text '15/03/2030',Kubernetes Deployment Boxes
Medium,Date stored as text,AIP on ACHE Site 3 Years 3-5,482,End Date is text '15/03/2030',PostgreSQL
Medium,Date stored as text,AIP on ACHE Site 3 Years 3-5,483,End Date is text '15/03/2030',Root CA
Medium,Date stored as text,AIP on ACHE Site 3 Years 3-5,484,End Date is text '15/03/2030',Issuing CA
Medium,Date stored as text,AIP on ACHE Site 3 Years 3-5,485,End Date is text '15/03/2030',Vault Issuing CA
Medium,Date stored as text,AIP on ACHE Site 3 Years 3-5,487,End Date is text '15/03/2030',Windows VMs
Medium,Date stored as text,AIP on ACHE Site 3 Years 3-5,488,End Date is text '15/03/2030',Linux VMs
Medium,Date stored as text,AIP on ACHE Site 3 Years 3-5,489,End Date is text '15/03/2030',Active Directory
Medium,Date stored as text,AIP on ACHE Site 3 Years 3-5,490,End Date is text '15/03/2030',ADFS
Medium,Date stored as text,AIP on ACHE Site 3 Years 3-5,491,End Date is text '15/03/2030',Beyond Trust
Medium,Date stored as text,AIP on ACHE Site 3 Years 3-5,492,End Date is text '15/03/2030',Tenable
Medium,Date stored as text,AIP on ACHE Site 3 Years 3-5,493,End Date is text '15/03/2030',Elastic Stack
Medium,Date stored as text,AIP on ACHE Site 3 Years 3-5,494,End Date is text '15/03/2030',Impex EUD
Medium,Date stored as text,AIP on ACHE Site 3 Years 3-5,495,End Date is text '15/03/2030',Vault
Medium,Date stored as text,AIP on ACHE Site 3 Years 3-5,496,End Date is text '15/03/2030',Keycloak
Medium,Date stored as text,AIP on ACHE Site 3 Years 3-5,497,End Date is text '15/03/2030',WAF
Medium,Date stored as text,AIP on ACHE Site 3 Years 3-5,498,End Date is text '15/03/2030',GitLab
Medium,Date stored as text,AIP on ACHE Site 3 Years 3-5,499,End Date is text '15/03/2030',Ansible Deployment Container
Medium,Date stored as text,AIP on ACHE Site 3 Years 3-5,500,End Date is text '15/03/2030',Kubernetes Deployment Boxes
Medium,Date stored as text,AIP on ACHE Site 3 Years 3-5,501,End Date is text '15/03/2030',PostgreSQL
Medium,Date stored as text,AIP on ACHE Site 3 Years 3-5,502,End Date is text '15/03/2030',Root CA
Medium,Date stored as text,AIP on ACHE Site 3 Years 3-5,503,End Date is text '15/03/2030',Issuing CA
Medium,Date stored as text,AIP on ACHE Site 3 Years 3-5,504,End Date is text '15/03/2030',Vault Issuing CA
Medium,Date stored as text,AIP on ACHE Site 3 Years 3-5,506,End Date is text '15/03/2030',Windows VMs
Medium,Date stored as text,AIP on ACHE Site 3 Years 3-5,507,End Date is text '15/03/2030',Linux VMs
Medium,Date stored as text,AIP on ACHE Site 3 Years 3-5,508,End Date is text '15/03/2030',Active Directory
Medium,Date stored as text,AIP on ACHE Site 3 Years 3-5,509,End Date is text '15/03/2030',ADFS
Medium,Date stored as text,AIP on ACHE Site 3 Years 3-5,510,End Date is text '15/03/2030',Beyond Trust
Medium,Date stored as text,AIP on ACHE Site 3 Years 3-5,511,End Date is text '15/03/2030',Tenable
Medium,Date stored as text,AIP on ACHE Site 3 Years 3-5,512,End Date is text '15/03/2030',Elastic Stack
Medium,Date stored as text,AIP on ACHE Site 3 Years 3-5,513,End Date is text '15/03/2030',Impex EUD
Medium,Date stored as text,AIP on ACHE Site 3 Years 3-5,514,End Date is text '15/03/2030',Vault
Medium,Date stored as text,AIP on ACHE Site 3 Years 3-5,515,End Date is text '15/03/2030',Keycloak
Medium,Date stored as text,AIP on ACHE Site 3 Years 3-5,516,End Date is text '15/03/2030',WAF
Medium,Date stored as text,AIP on ACHE Site 3 Years 3-5,517,End Date is text '15/03/2030',GitLab
Medium,Date stored as text,AIP on ACHE Site 3 Years 3-5,518,End Date is text '15/03/2030',Ansible Deployment Container
Medium,Date stored as text,AIP on ACHE Site 3 Years 3-5,519,End Date is text '15/03/2030',Kubernetes Deployment Boxes
Medium,Date stored as text,AIP on ACHE Site 3 Years 3-5,520,End Date is text '15/03/2030',PostgreSQL
Medium,Date stored as text,AIP on ACHE Site 3 Years 3-5,521,End Date is text '15/03/2030',Root CA
Medium,Date stored as text,AIP on ACHE Site 3 Years 3-5,522,End Date is text '15/03/2030',Issuing CA
Medium,Date stored as text,AIP on ACHE Site 3 Years 3-5,523,End Date is text '15/03/2030',Vault Issuing CA
Medium,Date stored as text,AIP on ACHE Site 3 Years 3-5,526,End Date is text '15/03/2031',Change Control - Beyond Trust
Medium,Date stored as text,AIP on ACHE Site 3 Years 3-5,527,End Date is text '15/03/2031',Change Control - Tenable
Medium,Date stored as text,AIP on ACHE Site 3 Years 3-5,528,End Date is text '15/03/2031',Change Control - Elastic Stack
Medium,Date stored as text,AIP on ACHE Site 3 Years 3-5,529,End Date is text '15/03/2031',Change Control - Vault
Medium,Date stored as text,AIP on ACHE Site 3 Years 3-5,530,End Date is text '15/03/2031',Change Control - Keycloak
Medium,Date stored as text,AIP on ACHE Site 3 Years 3-5,531,End Date is text '15/03/2031',Change Control - WAF
Medium,Date stored as text,AIP on ACHE Site 3 Years 3-5,532,End Date is text '15/03/2031',Change Control - GitLab
Medium,Date stored as text,AIP on ACHE Site 3 Years 3-5,533,End Date is text '15/03/2031',Change Control - Ansible Deployment Container
Medium,Date stored as text,AIP on ACHE Site 3 Years 3-5,534,End Date is text '15/03/2031',Change Control - Kubernetes Deployment Boxes
Medium,Date stored as text,AIP on ACHE Site 3 Years 3-5,535,End Date is text '15/03/2031',Change Control - PostgreSQL 
Medium,Date stored as text,AIP on ACHE Site 3 Years 3-5,536,End Date is text '15/03/2031',Impex - Beyond Trust
Medium,Date stored as text,AIP on ACHE Site 3 Years 3-5,537,End Date is text '15/03/2031',Impex - Tenable
Medium,Date stored as text,AIP on ACHE Site 3 Years 3-5,538,End Date is text '15/03/2031',Impex - Elastic Stack
Medium,Date stored as text,AIP on ACHE Site 3 Years 3-5,539,End Date is text '15/03/2031',Impex - Vault
Medium,Date stored as text,AIP on ACHE Site 3 Years 3-5,540,End Date is text '15/03/2031',Impex - Keycloak
Medium,Date stored as text,AIP on ACHE Site 3 Years 3-5,541,End Date is text '15/03/2031',Impex - WAF
Medium,Date stored as text,AIP on ACHE Site 3 Years 3-5,542,End Date is text '15/03/2031',Impex - GitLab
Medium,Date stored as text,AIP on ACHE Site 3 Years 3-5,543,End Date is text '15/03/2031',Impex - Ansible Deployment Container
Medium,Date stored as text,AIP on ACHE Site 3 Years 3-5,544,End Date is text '15/03/2031',Impex - Kubernetes Deployment Boxes
Medium,Date stored as text,AIP on ACHE Site 3 Years 3-5,545,End Date is text '15/03/2031',Impex Security Review - Beyond Trust
Medium,Date stored as text,AIP on ACHE Site 3 Years 3-5,546,End Date is text '15/03/2031',Impex Security Review - Tenable
Medium,Date stored as text,AIP on ACHE Site 3 Years 3-5,547,End Date is text '15/03/2031',Impex Security Review - Elastic Stack
Medium,Date stored as text,AIP on ACHE Site 3 Years 3-5,548,End Date is text '15/03/2031',Impex Security Review - Vault
Medium,Date stored as text,AIP on ACHE Site 3 Years 3-5,549,End Date is text '15/03/2031',Impex Security Review - Keycloak
Medium,Date stored as text,AIP on ACHE Site 3 Years 3-5,550,End Date is text '15/03/2031',Impex Security Review - WAF
Medium,Date stored as text,AIP on ACHE Site 3 Years 3-5,551,End Date is text '15/03/2031',Impex Security Review - GitLab
Medium,Date stored as text,AIP on ACHE Site 3 Years 3-5,552,End Date is text '15/03/2031',Impex Security Review - Ansible Deployment Container
Medium,Date stored as text,AIP on ACHE Site 3 Years 3-5,553,End Date is text '15/03/2031',Impex Security Review - Kubernetes Deployment Boxes
Medium,Date stored as text,AIP on ACHE Site 3 Years 3-5,554,End Date is text '15/03/2031',Deployment - Beyond Trust
Medium,Date stored as text,AIP on ACHE Site 3 Years 3-5,555,End Date is text '15/03/2031',Deployment - Tenable
Medium,Date stored as text,AIP on ACHE Site 3 Years 3-5,556,End Date is text '15/03/2031',Deployment - Elastic Stack
Medium,Date stored as text,AIP on ACHE Site 3 Years 3-5,557,End Date is text '15/03/2031',Deployment - Vault
Medium,Date stored as text,AIP on ACHE Site 3 Years 3-5,558,End Date is text '15/03/2031',Deployment - Keycloak
Medium,Date stored as text,AIP on ACHE Site 3 Years 3-5,559,End Date is text '15/03/2031',Deployment - WAF
Medium,Date stored as text,AIP on ACHE Site 3 Years 3-5,560,End Date is text '15/03/2031',Deployment - GitLab
Medium,Date stored as text,AIP on ACHE Site 3 Years 3-5,561,End Date is text '15/03/2031',Deployment - Ansible Deployment Container
Medium,Date stored as text,AIP on ACHE Site 3 Years 3-5,562,End Date is text '15/03/2031',Deployment - Kubernetes Deployment Boxes
Medium,Date stored as text,AIP on ACHE Site 3 Years 3-5,563,End Date is text '15/03/2031',Deployment - PostgreSQL
Medium,Date stored as text,AIP on ACHE Site 3 Years 3-5,564,End Date is text '01/03/2031',Deployment - Root CA
Medium,Date stored as text,AIP on ACHE Site 3 Years 3-5,565,End Date is text '15/03/2031',Post-Deployment Testing - Beyond Trust
Medium,Date stored as text,AIP on ACHE Site 3 Years 3-5,566,End Date is text '15/03/2031',Post-Deployment Testing - Tenable
Medium,Date stored as text,AIP on ACHE Site 3 Years 3-5,567,End Date is text '15/03/2031',Post-Deployment Testing - Elastic Stack
Medium,Date stored as text,AIP on ACHE Site 3 Years 3-5,568,End Date is text '15/03/2031',Post-Deployment Testing - Keycloak
Medium,Date stored as text,AIP on ACHE Site 3 Years 3-5,570,End Date is text '15/03/2031',Change Control - Beyond Trust
Medium,Date stored as text,AIP on ACHE Site 3 Years 3-5,571,End Date is text '15/03/2031',Change Control - Tenable
Medium,Date stored as text,AIP on ACHE Site 3 Years 3-5,572,End Date is text '15/03/2031',Change Control - Elastic Stack
Medium,Date stored as text,AIP on ACHE Site 3 Years 3-5,573,End Date is text '15/03/2031',Change Control - Vault
Medium,Date stored as text,AIP on ACHE Site 3 Years 3-5,574,End Date is text '15/03/2031',Change Control - Keycloak
Medium,Date stored as text,AIP on ACHE Site 3 Years 3-5,575,End Date is text '15/03/2031',Change Control - WAF
Medium,Date stored as text,AIP on ACHE Site 3 Years 3-5,576,End Date is text '15/03/2031',Change Control - GitLab
Medium,Date stored as text,AIP on ACHE Site 3 Years 3-5,577,End Date is text '15/03/2031',Change Control - Ansible Deployment Container
Medium,Date stored as text,AIP on ACHE Site 3 Years 3-5,578,End Date is text '15/03/2031',Change Control - Kubernetes Deployment Boxes
Medium,Date stored as text,AIP on ACHE Site 3 Years 3-5,579,End Date is text '15/03/2031',Change Control - PostgreSQL 
Medium,Date stored as text,AIP on ACHE Site 3 Years 3-5,580,End Date is text '15/03/2031',Impex - Beyond Trust
Medium,Date stored as text,AIP on ACHE Site 3 Years 3-5,581,End Date is text '15/03/2031',Impex - Tenable
Medium,Date stored as text,AIP on ACHE Site 3 Years 3-5,582,End Date is text '15/03/2031',Impex - Elastic Stack
Medium,Date stored as text,AIP on ACHE Site 3 Years 3-5,583,End Date is text '15/03/2031',Impex - Vault
Medium,Date stored as text,AIP on ACHE Site 3 Years 3-5,584,End Date is text '15/03/2031',Impex - Keycloak
Medium,Date stored as text,AIP on ACHE Site 3 Years 3-5,585,End Date is text '15/03/2031',Impex - WAF
Medium,Date stored as text,AIP on ACHE Site 3 Years 3-5,586,End Date is text '15/03/2031',Impex - GitLab
Medium,Date stored as text,AIP on ACHE Site 3 Years 3-5,587,End Date is text '15/03/2031',Impex - Ansible Deployment Container
Medium,Date stored as text,AIP on ACHE Site 3 Years 3-5,588,End Date is text '15/03/2031',Impex - Kubernetes Deployment Boxes
Medium,Date stored as text,AIP on ACHE Site 3 Years 3-5,589,End Date is text '15/03/2031',Impex Security Review - Beyond Trust
Medium,Date stored as text,AIP on ACHE Site 3 Years 3-5,590,End Date is text '15/03/2031',Impex Security Review - Tenable
Medium,Date stored as text,AIP on ACHE Site 3 Years 3-5,591,End Date is text '15/03/2031',Impex Security Review - Elastic Stack
Medium,Date stored as text,AIP on ACHE Site 3 Years 3-5,592,End Date is text '15/03/2031',Impex Security Review - Vault
Medium,Date stored as text,AIP on ACHE Site 3 Years 3-5,593,End Date is text '15/03/2031',Impex Security Review - Keycloak
Medium,Date stored as text,AIP on ACHE Site 3 Years 3-5,594,End Date is text '15/03/2031',Impex Security Review - WAF
Medium,Date stored as text,AIP on ACHE Site 3 Years 3-5,595,End Date is text '15/03/2031',Impex Security Review - GitLab
Medium,Date stored as text,AIP on ACHE Site 3 Years 3-5,596,End Date is text '15/03/2031',Impex Security Review - Ansible Deployment Container
Medium,Date stored as text,AIP on ACHE Site 3 Years 3-5,597,End Date is text '15/03/2031',Impex Security Review - Kubernetes Deployment Boxes
Medium,Date stored as text,AIP on ACHE Site 3 Years 3-5,598,End Date is text '15/03/2031',Deployment - Beyond Trust
Medium,Date stored as text,AIP on ACHE Site 3 Years 3-5,599,End Date is text '15/03/2031',Deployment - Tenable
Medium,Date stored as text,AIP on ACHE Site 3 Years 3-5,600,End Date is text '15/03/2031',Deployment - Elastic Stack
Medium,Date stored as text,AIP on ACHE Site 3 Years 3-5,601,End Date is text '15/03/2031',Deployment - Vault
Medium,Date stored as text,AIP on ACHE Site 3 Years 3-5,602,End Date is text '15/03/2031',Deployment - Keycloak
Medium,Date stored as text,AIP on ACHE Site 3 Years 3-5,603,End Date is text '15/03/2031',Deployment - WAF
Medium,Date stored as text,AIP on ACHE Site 3 Years 3-5,604,End Date is text '15/03/2031',Deployment - GitLab
Medium,Date stored as text,AIP on ACHE Site 3 Years 3-5,605,End Date is text '15/03/2031',Deployment - Ansible Deployment Container
Medium,Date stored as text,AIP on ACHE Site 3 Years 3-5,606,End Date is text '15/03/2031',Deployment - Kubernetes Deployment Boxes
Medium,Date stored as text,AIP on ACHE Site 3 Years 3-5,607,End Date is text '15/03/2031',Deployment - PostgreSQL
Medium,Date stored as text,AIP on ACHE Site 3 Years 3-5,608,End Date is text '01/03/2031',Deployment - Root CA
Medium,Date stored as text,AIP on ACHE Site 3 Years 3-5,609,End Date is text '15/03/2031',Post-Deployment Testing - Beyond Trust
Medium,Date stored as text,AIP on ACHE Site 3 Years 3-5,610,End Date is text '15/03/2031',Post-Deployment Testing - Tenable
Medium,Date stored as text,AIP on ACHE Site 3 Years 3-5,611,End Date is text '15/03/2031',Post-Deployment Testing - Elastic Stack
Medium,Date stored as text,AIP on ACHE Site 3 Years 3-5,612,End Date is text '15/03/2031',Post-Deployment Testing - Keycloak
Medium,Date stored as text,AIP on ACHE Site 3 Years 3-5,614,End Date is text '01/10/2030',Windows
Medium,Date stored as text,AIP on ACHE Site 3 Years 3-5,615,End Date is text '01/10/2030',Beyond Trust
Medium,Date stored as text,AIP on ACHE Site 3 Years 3-5,616,End Date is text '01/10/2030',Tenable
Medium,Date stored as text,AIP on ACHE Site 3 Years 3-5,617,End Date is text '01/10/2030',Elastic Stack
Medium,Date stored as text,AIP on ACHE Site 3 Years 3-5,618,End Date is text '01/10/2030',Vault
Medium,Date stored as text,AIP on ACHE Site 3 Years 3-5,619,End Date is text '01/10/2030',WAF
Medium,Date stored as text,AIP on ACHE Site 3 Years 3-5,620,End Date is text '01/10/2030',GitLab
Medium,Date stored as text,AIP on ACHE Site 3 Years 3-5,622,End Date is text '01/10/2030',Windows
Medium,Date stored as text,AIP on ACHE Site 3 Years 3-5,623,End Date is text '01/10/2030',Beyond Trust
Medium,Date stored as text,AIP on ACHE Site 3 Years 3-5,624,End Date is text '01/10/2030',Tenable
Medium,Date stored as text,AIP on ACHE Site 3 Years 3-5,625,End Date is text '01/10/2030',Elastic Stack
Medium,Date stored as text,AIP on ACHE Site 3 Years 3-5,626,End Date is text '01/10/2030',Vault
Medium,Date stored as text,AIP on ACHE Site 3 Years 3-5,627,End Date is text '01/10/2030',WAF
Medium,Date stored as text,AIP on ACHE Site 3 Years 3-5,628,End Date is text '01/10/2030',GitLab
Medium,Date stored as text,AIP on ACHE Site 3 Years 3-5,630,End Date is text '01/10/2030',Windows VMs
Medium,Date stored as text,AIP on ACHE Site 3 Years 3-5,631,End Date is text '01/10/2030',Linux VMs
Medium,Date stored as text,AIP on ACHE Site 3 Years 3-5,632,End Date is text '01/10/2030',Active Directory
Medium,Date stored as text,AIP on ACHE Site 3 Years 3-5,633,End Date is text '01/10/2030',ADFS
Medium,Date stored as text,AIP on ACHE Site 3 Years 3-5,634,End Date is text '01/10/2030',Beyond Trust
Medium,Date stored as text,AIP on ACHE Site 3 Years 3-5,635,End Date is text '01/10/2030',Tenable
Medium,Date stored as text,AIP on ACHE Site 3 Years 3-5,636,End Date is text '01/10/2030',Elastic Stack
Medium,Date stored as text,AIP on ACHE Site 3 Years 3-5,637,End Date is text '01/10/2030',Impex EUD
Medium,Date stored as text,AIP on ACHE Site 3 Years 3-5,638,End Date is text '01/10/2030',Vault
Medium,Date stored as text,AIP on ACHE Site 3 Years 3-5,639,End Date is text '01/10/2030',Keycloak
Medium,Date stored as text,AIP on ACHE Site 3 Years 3-5,640,End Date is text '01/10/2030',WAF
Medium,Date stored as text,AIP on ACHE Site 3 Years 3-5,641,End Date is text '01/10/2030',GitLab
Medium,Date stored as text,AIP on ACHE Site 3 Years 3-5,642,End Date is text '01/10/2030',Ansible Deployment Container
Medium,Date stored as text,AIP on ACHE Site 3 Years 3-5,643,End Date is text '01/10/2030',Kubernetes Deployment Boxes
Medium,Date stored as text,AIP on ACHE Site 3 Years 3-5,644,End Date is text '01/10/2030',PostgreSQL
Medium,Date stored as text,AIP on ACHE Site 3 Years 3-5,645,End Date is text '01/04/2030',Root CA
Medium,Date stored as text,AIP on ACHE Site 3 Years 3-5,646,End Date is text '01/04/2030',Issuing CA
Medium,Date stored as text,AIP on ACHE Site 3 Years 3-5,647,End Date is text '01/04/2030',Vault Issuing CA
Medium,Date stored as text,AIP on ACHE Site 3 Years 3-5,648,End Date is text '01/10/2030',BPS Gateway
Medium,Date stored as text,AIP on ACHE Site 3 Years 3-5,650,End Date is text '01/10/2030',Windows VMs
Medium,Date stored as text,AIP on ACHE Site 3 Years 3-5,651,End Date is text '01/10/2030',Linux VMs
Medium,Date stored as text,AIP on ACHE Site 3 Years 3-5,652,End Date is text '01/10/2030',Active Directory
Medium,Date stored as text,AIP on ACHE Site 3 Years 3-5,653,End Date is text '01/10/2030',ADFS
Medium,Date stored as text,AIP on ACHE Site 3 Years 3-5,654,End Date is text '01/10/2030',Beyond Trust
Medium,Date stored as text,AIP on ACHE Site 3 Years 3-5,655,End Date is text '01/10/2030',Tenable
Medium,Date stored as text,AIP on ACHE Site 3 Years 3-5,656,End Date is text '01/10/2030',Elastic Stack
Medium,Date stored as text,AIP on ACHE Site 3 Years 3-5,657,End Date is text '01/10/2030',Impex EUD
Medium,Date stored as text,AIP on ACHE Site 3 Years 3-5,658,End Date is text '01/10/2030',Vault
Medium,Date stored as text,AIP on ACHE Site 3 Years 3-5,659,End Date is text '01/10/2030',Keycloak
Medium,Date stored as text,AIP on ACHE Site 3 Years 3-5,660,End Date is text '01/10/2030',WAF
Medium,Date stored as text,AIP on ACHE Site 3 Years 3-5,661,End Date is text '01/10/2030',GitLab
Medium,Date stored as text,AIP on ACHE Site 3 Years 3-5,662,End Date is text '01/10/2030',Ansible Deployment Container
Medium,Date stored as text,AIP on ACHE Site 3 Years 3-5,663,End Date is text '01/10/2030',Kubernetes Deployment Boxes
Medium,Date stored as text,AIP on ACHE Site 3 Years 3-5,664,End Date is text '01/10/2030',PostgreSQL
Medium,Date stored as text,AIP on ACHE Site 3 Years 3-5,665,End Date is text '01/04/2030',Root CA
Medium,Date stored as text,AIP on ACHE Site 3 Years 3-5,666,End Date is text '01/04/2030',Issuing CA
Medium,Date stored as text,AIP on ACHE Site 3 Years 3-5,667,End Date is text '01/04/2030',Vault Issuing CA
Medium,Date stored as text,AIP on ACHE Site 3 Years 3-5,668,End Date is text '01/04/2030',BPS Gateway
Medium,Date stored as text,AIP on ACHE Site 3 Years 3-5,670,End Date is text '15/03/2031',Windows VMs
Medium,Date stored as text,AIP on ACHE Site 3 Years 3-5,671,End Date is text '15/03/2031',Linux VMs
Medium,Date stored as text,AIP on ACHE Site 3 Years 3-5,672,End Date is text '15/03/2031',Active Directory
Medium,Date stored as text,AIP on ACHE Site 3 Years 3-5,673,End Date is text '15/03/2031',ADFS
Medium,Date stored as text,AIP on ACHE Site 3 Years 3-5,674,End Date is text '15/03/2031',Beyond Trust
Medium,Date stored as text,AIP on ACHE Site 3 Years 3-5,675,End Date is text '15/03/2031',Tenable
Medium,Date stored as text,AIP on ACHE Site 3 Years 3-5,676,End Date is text '15/03/2031',Elastic Stack
Medium,Date stored as text,AIP on ACHE Site 3 Years 3-5,677,End Date is text '15/03/2031',Impex EUD
Medium,Date stored as text,AIP on ACHE Site 3 Years 3-5,678,End Date is text '15/03/2031',Vault
Medium,Date stored as text,AIP on ACHE Site 3 Years 3-5,679,End Date is text '15/03/2031',Keycloak
Medium,Date stored as text,AIP on ACHE Site 3 Years 3-5,680,End Date is text '15/03/2031',WAF
Medium,Date stored as text,AIP on ACHE Site 3 Years 3-5,681,End Date is text '15/03/2031',GitLab
Medium,Date stored as text,AIP on ACHE Site 3 Years 3-5,682,End Date is text '15/03/2031',Ansible Deployment Container
Medium,Date stored as text,AIP on ACHE Site 3 Years 3-5,683,End Date is text '15/03/2031',Kubernetes Deployment Boxes
Medium,Date stored as text,AIP on ACHE Site 3 Years 3-5,684,End Date is text '15/03/2031',PostgreSQL
Medium,Date stored as text,AIP on ACHE Site 3 Years 3-5,685,End Date is text '15/03/2031',Root CA
Medium,Date stored as text,AIP on ACHE Site 3 Years 3-5,686,End Date is text '15/03/2031',Issuing CA
Medium,Date stored as text,AIP on ACHE Site 3 Years 3-5,687,End Date is text '15/03/2031',Vault Issuing CA
Medium,Date stored as text,AIP on ACHE Site 3 Years 3-5,688,End Date is text '01/04/2030',BPS Gateway
Medium,Date stored as text,AIP on ACHE Site 3 Years 3-5,690,End Date is text '15/03/2031',Windows VMs
Medium,Date stored as text,AIP on ACHE Site 3 Years 3-5,691,End Date is text '15/03/2031',Linux VMs
Medium,Date stored as text,AIP on ACHE Site 3 Years 3-5,692,End Date is text '15/03/2031',Active Directory
Medium,Date stored as text,AIP on ACHE Site 3 Years 3-5,693,End Date is text '15/03/2031',ADFS
Medium,Date stored as text,AIP on ACHE Site 3 Years 3-5,694,End Date is text '15/03/2031',Beyond Trust
Medium,Date stored as text,AIP on ACHE Site 3 Years 3-5,695,End Date is text '15/03/2031',Tenable
Medium,Date stored as text,AIP on ACHE Site 3 Years 3-5,696,End Date is text '15/03/2031',Elastic Stack
Medium,Date stored as text,AIP on ACHE Site 3 Years 3-5,697,End Date is text '15/03/2031',Impex EUD
Medium,Date stored as text,AIP on ACHE Site 3 Years 3-5,698,End Date is text '15/03/2031',Vault
Medium,Date stored as text,AIP on ACHE Site 3 Years 3-5,699,End Date is text '15/03/2031',Keycloak
Medium,Date stored as text,AIP on ACHE Site 3 Years 3-5,700,End Date is text '15/03/2031',WAF
Medium,Date stored as text,AIP on ACHE Site 3 Years 3-5,701,End Date is text '15/03/2031',GitLab
Medium,Date stored as text,AIP on ACHE Site 3 Years 3-5,702,End Date is text '15/03/2031',Ansible Deployment Container
Medium,Date stored as text,AIP on ACHE Site 3 Years 3-5,703,End Date is text '15/03/2031',Kubernetes Deployment Boxes
Medium,Date stored as text,AIP on ACHE Site 3 Years 3-5,704,End Date is text '15/03/2031',PostgreSQL
Medium,Date stored as text,AIP on ACHE Site 3 Years 3-5,705,End Date is text '15/03/2031',Root CA
Medium,Date stored as text,AIP on ACHE Site 3 Years 3-5,706,End Date is text '15/03/2031',Issuing CA
Medium,Date stored as text,AIP on ACHE Site 3 Years 3-5,707,End Date is text '15/03/2031',Vault Issuing CA
Medium,Date stored as text,AIP on ACHE Site 3 Years 3-5,708,End Date is text '01/04/2030',BPS Gateway
Medium,Date stored as text,AIP on ACHE Site 3 Years 3-5,710,End Date is text '15/03/2031',Windows VMs
Medium,Date stored as text,AIP on ACHE Site 3 Years 3-5,711,End Date is text '15/03/2031',Linux VMs
Medium,Date stored as text,AIP on ACHE Site 3 Years 3-5,712,End Date is text '15/03/2031',Active Directory
Medium,Date stored as text,AIP on ACHE Site 3 Years 3-5,713,End Date is text '15/03/2031',ADFS
Medium,Date stored as text,AIP on ACHE Site 3 Years 3-5,714,End Date is text '15/03/2031',Beyond Trust
Medium,Date stored as text,AIP on ACHE Site 3 Years 3-5,715,End Date is text '15/03/2031',Tenable
Medium,Date stored as text,AIP on ACHE Site 3 Years 3-5,716,End Date is text '15/03/2031',Elastic Stack
Medium,Date stored as text,AIP on ACHE Site 3 Years 3-5,717,End Date is text '15/03/2031',Impex EUD
Medium,Date stored as text,AIP on ACHE Site 3 Years 3-5,718,End Date is text '15/03/2031',Vault
Medium,Date stored as text,AIP on ACHE Site 3 Years 3-5,719,End Date is text '15/03/2031',Keycloak
Medium,Date stored as text,AIP on ACHE Site 3 Years 3-5,720,End Date is text '15/03/2031',WAF
Medium,Date stored as text,AIP on ACHE Site 3 Years 3-5,721,End Date is text '15/03/2031',GitLab
Medium,Date stored as text,AIP on ACHE Site 3 Years 3-5,722,End Date is text '15/03/2031',Ansible Deployment Container
Medium,Date stored as text,AIP on ACHE Site 3 Years 3-5,723,End Date is text '15/03/2031',Kubernetes Deployment Boxes
Medium,Date stored as text,AIP on ACHE Site 3 Years 3-5,724,End Date is text '15/03/2031',PostgreSQL
Medium,Date stored as text,AIP on ACHE Site 3 Years 3-5,725,End Date is text '15/03/2031',Root CA
Medium,Date stored as text,AIP on ACHE Site 3 Years 3-5,726,End Date is text '15/03/2031',Issuing CA
Medium,Date stored as text,AIP on ACHE Site 3 Years 3-5,727,End Date is text '15/03/2031',Vault Issuing CA
Medium,Date stored as text,AIP on ACHE Site 3 Years 3-5,729,End Date is text '15/03/2031',Windows VMs
Medium,Date stored as text,AIP on ACHE Site 3 Years 3-5,730,End Date is text '15/03/2031',Linux VMs
Medium,Date stored as text,AIP on ACHE Site 3 Years 3-5,731,End Date is text '15/03/2031',Active Directory
Medium,Date stored as text,AIP on ACHE Site 3 Years 3-5,732,End Date is text '15/03/2031',ADFS
Medium,Date stored as text,AIP on ACHE Site 3 Years 3-5,733,End Date is text '15/03/2031',Beyond Trust
Medium,Date stored as text,AIP on ACHE Site 3 Years 3-5,734,End Date is text '15/03/2031',Tenable
Medium,Date stored as text,AIP on ACHE Site 3 Years 3-5,735,End Date is text '15/03/2031',Elastic Stack
Medium,Date stored as text,AIP on ACHE Site 3 Years 3-5,736,End Date is text '15/03/2031',Impex EUD
Medium,Date stored as text,AIP on ACHE Site 3 Years 3-5,737,End Date is text '15/03/2031',Vault
Medium,Date stored as text,AIP on ACHE Site 3 Years 3-5,738,End Date is text '15/03/2031',Keycloak
Medium,Date stored as text,AIP on ACHE Site 3 Years 3-5,739,End Date is text '15/03/2031',WAF
Medium,Date stored as text,AIP on ACHE Site 3 Years 3-5,740,End Date is text '15/03/2031',GitLab
Medium,Date stored as text,AIP on ACHE Site 3 Years 3-5,741,End Date is text '15/03/2031',Ansible Deployment Container
Medium,Date stored as text,AIP on ACHE Site 3 Years 3-5,742,End Date is text '15/03/2031',Kubernetes Deployment Boxes
Medium,Date stored as text,AIP on ACHE Site 3 Years 3-5,743,End Date is text '15/03/2031',PostgreSQL
Medium,Date stored as text,AIP on ACHE Site 3 Years 3-5,744,End Date is text '15/03/2031',Root CA
Medium,Date stored as text,AIP on ACHE Site 3 Years 3-5,745,End Date is text '15/03/2031',Issuing CA
Medium,Date stored as text,AIP on ACHE Site 3 Years 3-5,746,End Date is text '15/03/2031',Vault Issuing CA
Medium,Date stored as text,AIP on ACHE Site 3 Years 3-5,748,End Date is text '15/03/2031',Windows VMs
Medium,Date stored as text,AIP on ACHE Site 3 Years 3-5,749,End Date is text '15/03/2031',Linux VMs
Medium,Date stored as text,AIP on ACHE Site 3 Years 3-5,750,End Date is text '15/03/2031',Active Directory
Medium,Date stored as text,AIP on ACHE Site 3 Years 3-5,751,End Date is text '15/03/2031',ADFS
Medium,Date stored as text,AIP on ACHE Site 3 Years 3-5,752,End Date is text '15/03/2031',Beyond Trust
Medium,Date stored as text,AIP on ACHE Site 3 Years 3-5,753,End Date is text '15/03/2031',Tenable
Medium,Date stored as text,AIP on ACHE Site 3 Years 3-5,754,End Date is text '15/03/2031',Elastic Stack
Medium,Date stored as text,AIP on ACHE Site 3 Years 3-5,755,End Date is text '15/03/2031',Impex EUD
Medium,Date stored as text,AIP on ACHE Site 3 Years 3-5,756,End Date is text '15/03/2031',Vault
Medium,Date stored as text,AIP on ACHE Site 3 Years 3-5,757,End Date is text '15/03/2031',Keycloak
Medium,Date stored as text,AIP on ACHE Site 3 Years 3-5,758,End Date is text '15/03/2031',WAF
Medium,Date stored as text,AIP on ACHE Site 3 Years 3-5,759,End Date is text '15/03/2031',GitLab
Medium,Date stored as text,AIP on ACHE Site 3 Years 3-5,760,End Date is text '15/03/2031',Ansible Deployment Container
Medium,Date stored as text,AIP on ACHE Site 3 Years 3-5,761,End Date is text '15/03/2031',Kubernetes Deployment Boxes
Medium,Date stored as text,AIP on ACHE Site 3 Years 3-5,762,End Date is text '15/03/2031',PostgreSQL
Medium,Date stored as text,AIP on ACHE Site 3 Years 3-5,763,End Date is text '15/03/2031',Root CA
Medium,Date stored as text,AIP on ACHE Site 3 Years 3-5,764,End Date is text '15/03/2031',Issuing CA
Medium,Date stored as text,AIP on ACHE Site 3 Years 3-5,765,End Date is text '15/03/2031',Vault Issuing CA
Medium,Date stored as text,AIP on ACHE Site 3 Years 3-5,767,End Date is text '15/03/2031',Windows VMs
Medium,Date stored as text,AIP on ACHE Site 3 Years 3-5,768,End Date is text '15/03/2031',Linux VMs
Medium,Date stored as text,AIP on ACHE Site 3 Years 3-5,769,End Date is text '15/03/2031',Active Directory
Medium,Date stored as text,AIP on ACHE Site 3 Years 3-5,770,End Date is text '15/03/2031',ADFS
Medium,Date stored as text,AIP on ACHE Site 3 Years 3-5,771,End Date is text '15/03/2031',Beyond Trust
Medium,Date stored as text,AIP on ACHE Site 3 Years 3-5,772,End Date is text '15/03/2031',Tenable
Medium,Date stored as text,AIP on ACHE Site 3 Years 3-5,773,End Date is text '15/03/2031',Elastic Stack
Medium,Date stored as text,AIP on ACHE Site 3 Years 3-5,774,End Date is text '15/03/2031',Impex EUD
Medium,Date stored as text,AIP on ACHE Site 3 Years 3-5,775,End Date is text '15/03/2031',Vault
Medium,Date stored as text,AIP on ACHE Site 3 Years 3-5,776,End Date is text '15/03/2031',Keycloak
Medium,Date stored as text,AIP on ACHE Site 3 Years 3-5,777,End Date is text '15/03/2031',WAF
Medium,Date stored as text,AIP on ACHE Site 3 Years 3-5,778,End Date is text '15/03/2031',GitLab
Medium,Date stored as text,AIP on ACHE Site 3 Years 3-5,779,End Date is text '15/03/2031',Ansible Deployment Container
Medium,Date stored as text,AIP on ACHE Site 3 Years 3-5,780,End Date is text '15/03/2031',Kubernetes Deployment Boxes
Medium,Date stored as text,AIP on ACHE Site 3 Years 3-5,781,End Date is text '15/03/2031',PostgreSQL
Medium,Date stored as text,AIP on ACHE Site 3 Years 3-5,782,End Date is text '15/03/2031',Root CA
Medium,Date stored as text,AIP on ACHE Site 3 Years 3-5,783,End Date is text '15/03/2031',Issuing CA
Medium,Date stored as text,AIP on ACHE Site 3 Years 3-5,784,End Date is text '15/03/2031',Vault Issuing CA
Medium,Date stored as text,DARKSTAR OCD Years 1-2,4,End Date is text '15/03/2027',Change Control - Beyond Trust
Medium,Date stored as text,DARKSTAR OCD Years 1-2,5,End Date is text '15/03/2027',Change Control - Tenable
Medium,Date stored as text,DARKSTAR OCD Years 1-2,6,End Date is text '15/03/2027',Change Control - Elastic Stack
Medium,Date stored as text,DARKSTAR OCD Years 1-2,7,End Date is text '15/03/2027',Change Control - Vault
Medium,Date stored as text,DARKSTAR OCD Years 1-2,8,End Date is text '15/03/2027',Change Control - Keycloak
Medium,Date stored as text,DARKSTAR OCD Years 1-2,9,End Date is text '15/03/2027',Change Control - WAF
Medium,Date stored as text,DARKSTAR OCD Years 1-2,10,End Date is text '15/03/2027',Change Control - GitLab
Medium,Date stored as text,DARKSTAR OCD Years 1-2,11,End Date is text '15/03/2027',Change Control - Ansible Deployment Container
Medium,Date stored as text,DARKSTAR OCD Years 1-2,12,End Date is text '15/03/2027',Change Control - Kubernetes Deployment Boxes
Medium,Date stored as text,DARKSTAR OCD Years 1-2,13,End Date is text '15/03/2027',Change Control - PostgreSQL 
Medium,Date stored as text,DARKSTAR OCD Years 1-2,14,End Date is text '15/03/2027',Impex - Beyond Trust
Medium,Date stored as text,DARKSTAR OCD Years 1-2,15,End Date is text '15/03/2027',Impex - Tenable
Medium,Date stored as text,DARKSTAR OCD Years 1-2,16,End Date is text '15/03/2027',Impex - Elastic Stack
Medium,Date stored as text,DARKSTAR OCD Years 1-2,17,End Date is text '15/03/2027',Impex - Vault
Medium,Date stored as text,DARKSTAR OCD Years 1-2,18,End Date is text '15/03/2027',Impex - Keycloak
Medium,Date stored as text,DARKSTAR OCD Years 1-2,19,End Date is text '15/03/2027',Impex - WAF
Medium,Date stored as text,DARKSTAR OCD Years 1-2,20,End Date is text '15/03/2027',Impex - GitLab
Medium,Date stored as text,DARKSTAR OCD Years 1-2,21,End Date is text '15/03/2027',Impex - Ansible Deployment Container
Medium,Date stored as text,DARKSTAR OCD Years 1-2,22,End Date is text '15/03/2027',Impex - Kubernetes Deployment Boxes
Medium,Date stored as text,DARKSTAR OCD Years 1-2,23,End Date is text '15/03/2027',Impex Security Review - Beyond Trust
Medium,Date stored as text,DARKSTAR OCD Years 1-2,24,End Date is text '15/03/2027',Impex Security Review - Tenable
Medium,Date stored as text,DARKSTAR OCD Years 1-2,25,End Date is text '15/03/2027',Impex Security Review - Elastic Stack
Medium,Date stored as text,DARKSTAR OCD Years 1-2,26,End Date is text '15/03/2027',Impex Security Review - Vault
Medium,Date stored as text,DARKSTAR OCD Years 1-2,27,End Date is text '15/03/2027',Impex Security Review - Keycloak
Medium,Date stored as text,DARKSTAR OCD Years 1-2,28,End Date is text '15/03/2027',Impex Security Review - WAF
Medium,Date stored as text,DARKSTAR OCD Years 1-2,29,End Date is text '15/03/2027',Impex Security Review - GitLab
Medium,Date stored as text,DARKSTAR OCD Years 1-2,30,End Date is text '15/03/2027',Impex Security Review - Ansible Deployment Container
Medium,Date stored as text,DARKSTAR OCD Years 1-2,31,End Date is text '15/03/2027',Impex Security Review - Kubernetes Deployment Boxes
Medium,Date stored as text,DARKSTAR OCD Years 1-2,32,End Date is text '15/03/2027',Deployment - Beyond Trust
Medium,Date stored as text,DARKSTAR OCD Years 1-2,33,End Date is text '15/03/2027',Deployment - Tenable
Medium,Date stored as text,DARKSTAR OCD Years 1-2,34,End Date is text '15/03/2027',Deployment - Elastic Stack
Medium,Date stored as text,DARKSTAR OCD Years 1-2,35,End Date is text '15/03/2027',Deployment - Vault
Medium,Date stored as text,DARKSTAR OCD Years 1-2,36,End Date is text '15/03/2027',Deployment - Keycloak
Medium,Date stored as text,DARKSTAR OCD Years 1-2,37,End Date is text '15/03/2027',Deployment - WAF
Medium,Date stored as text,DARKSTAR OCD Years 1-2,38,End Date is text '15/03/2027',Deployment - GitLab
Medium,Date stored as text,DARKSTAR OCD Years 1-2,39,End Date is text '15/03/2027',Deployment - Ansible Deployment Container
Medium,Date stored as text,DARKSTAR OCD Years 1-2,40,End Date is text '15/03/2027',Deployment - Kubernetes Deployment Boxes
Medium,Date stored as text,DARKSTAR OCD Years 1-2,41,End Date is text '15/03/2027',Deployment - PostgreSQL
Medium,Date stored as text,DARKSTAR OCD Years 1-2,42,End Date is text '01/03/2027',Deployment - Root CA
Medium,Date stored as text,DARKSTAR OCD Years 1-2,43,End Date is text '15/03/2027',Post-Deployment Testing - Beyond Trust
Medium,Date stored as text,DARKSTAR OCD Years 1-2,44,End Date is text '15/03/2027',Post-Deployment Testing - Tenable
Medium,Date stored as text,DARKSTAR OCD Years 1-2,45,End Date is text '15/03/2027',Post-Deployment Testing - Elastic Stack
Medium,Date stored as text,DARKSTAR OCD Years 1-2,46,End Date is text '15/03/2027',Post-Deployment Testing - Keycloak
Medium,Date stored as text,DARKSTAR OCD Years 1-2,47,End Date is text '01/03/2027',Change Control - AIX TKGI/VKS
Medium,Date stored as text,DARKSTAR OCD Years 1-2,48,End Date is text '01/03/2027',Change Control - CDS TKGI/VKS
Medium,Date stored as text,DARKSTAR OCD Years 1-2,49,End Date is text '01/03/2027',Impex - TKGI/VKS
Medium,Date stored as text,DARKSTAR OCD Years 1-2,50,End Date is text '01/03/2027',Deployment - AIX TKGI/VKS
Medium,Date stored as text,DARKSTAR OCD Years 1-2,51,End Date is text '01/03/2027',Deployment - CDS TKGI/VKS
Medium,Date stored as text,DARKSTAR OCD Years 1-2,52,End Date is text '01/03/2027',Post-Deployment Testing - AIX TKGI/VKS
Medium,Date stored as text,DARKSTAR OCD Years 1-2,53,End Date is text '01/03/2027',Post-Deployment Testing - CDS TKGI/VKS
Medium,Date stored as text,DARKSTAR OCD Years 1-2,55,End Date is text '15/03/2027',Change Control - Beyond Trust
Medium,Date stored as text,DARKSTAR OCD Years 1-2,56,End Date is text '15/03/2027',Change Control - Tenable
Medium,Date stored as text,DARKSTAR OCD Years 1-2,57,End Date is text '15/03/2027',Change Control - Elastic Stack
Medium,Date stored as text,DARKSTAR OCD Years 1-2,58,End Date is text '15/03/2027',Change Control - Vault
Medium,Date stored as text,DARKSTAR OCD Years 1-2,59,End Date is text '15/03/2027',Change Control - Keycloak
Medium,Date stored as text,DARKSTAR OCD Years 1-2,60,End Date is text '15/03/2027',Change Control - WAF
Medium,Date stored as text,DARKSTAR OCD Years 1-2,61,End Date is text '15/03/2027',Change Control - GitLab
Medium,Date stored as text,DARKSTAR OCD Years 1-2,62,End Date is text '15/03/2027',Change Control - Ansible Deployment Container
Medium,Date stored as text,DARKSTAR OCD Years 1-2,63,End Date is text '15/03/2027',Change Control - Kubernetes Deployment Boxes
Medium,Date stored as text,DARKSTAR OCD Years 1-2,64,End Date is text '15/03/2027',Change Control - PostgreSQL 
Medium,Date stored as text,DARKSTAR OCD Years 1-2,65,End Date is text '15/03/2027',Impex - Beyond Trust
Medium,Date stored as text,DARKSTAR OCD Years 1-2,66,End Date is text '15/03/2027',Impex - Tenable
Medium,Date stored as text,DARKSTAR OCD Years 1-2,67,End Date is text '15/03/2027',Impex - Elastic Stack
Medium,Date stored as text,DARKSTAR OCD Years 1-2,68,End Date is text '15/03/2027',Impex - Vault
Medium,Date stored as text,DARKSTAR OCD Years 1-2,69,End Date is text '15/03/2027',Impex - Keycloak
Medium,Date stored as text,DARKSTAR OCD Years 1-2,70,End Date is text '15/03/2027',Impex - WAF
Medium,Date stored as text,DARKSTAR OCD Years 1-2,71,End Date is text '15/03/2027',Impex - GitLab
Medium,Date stored as text,DARKSTAR OCD Years 1-2,72,End Date is text '15/03/2027',Impex - Ansible Deployment Container
Medium,Date stored as text,DARKSTAR OCD Years 1-2,73,End Date is text '15/03/2027',Impex - Kubernetes Deployment Boxes
Medium,Date stored as text,DARKSTAR OCD Years 1-2,74,End Date is text '15/03/2027',Impex Security Review - Beyond Trust
Medium,Date stored as text,DARKSTAR OCD Years 1-2,75,End Date is text '15/03/2027',Impex Security Review - Tenable
Medium,Date stored as text,DARKSTAR OCD Years 1-2,76,End Date is text '15/03/2027',Impex Security Review - Elastic Stack
Medium,Date stored as text,DARKSTAR OCD Years 1-2,77,End Date is text '15/03/2027',Impex Security Review - Vault
Medium,Date stored as text,DARKSTAR OCD Years 1-2,78,End Date is text '15/03/2027',Impex Security Review - Keycloak
Medium,Date stored as text,DARKSTAR OCD Years 1-2,79,End Date is text '15/03/2027',Impex Security Review - WAF
Medium,Date stored as text,DARKSTAR OCD Years 1-2,80,End Date is text '15/03/2027',Impex Security Review - GitLab
Medium,Date stored as text,DARKSTAR OCD Years 1-2,81,End Date is text '15/03/2027',Impex Security Review - Ansible Deployment Container
Medium,Date stored as text,DARKSTAR OCD Years 1-2,82,End Date is text '15/03/2027',Impex Security Review - Kubernetes Deployment Boxes
Medium,Date stored as text,DARKSTAR OCD Years 1-2,83,End Date is text '15/03/2027',Deployment - Beyond Trust
Medium,Date stored as text,DARKSTAR OCD Years 1-2,84,End Date is text '15/03/2027',Deployment - Tenable
Medium,Date stored as text,DARKSTAR OCD Years 1-2,85,End Date is text '15/03/2027',Deployment - Elastic Stack
Medium,Date stored as text,DARKSTAR OCD Years 1-2,86,End Date is text '15/03/2027',Deployment - Vault
Medium,Date stored as text,DARKSTAR OCD Years 1-2,87,End Date is text '15/03/2027',Deployment - Keycloak
Medium,Date stored as text,DARKSTAR OCD Years 1-2,88,End Date is text '15/03/2027',Deployment - WAF
Medium,Date stored as text,DARKSTAR OCD Years 1-2,89,End Date is text '15/03/2027',Deployment - GitLab
Medium,Date stored as text,DARKSTAR OCD Years 1-2,90,End Date is text '15/03/2027',Deployment - Ansible Deployment Container
Medium,Date stored as text,DARKSTAR OCD Years 1-2,91,End Date is text '15/03/2027',Deployment - Kubernetes Deployment Boxes
Medium,Date stored as text,DARKSTAR OCD Years 1-2,92,End Date is text '15/03/2027',Deployment - PostgreSQL
Medium,Date stored as text,DARKSTAR OCD Years 1-2,93,End Date is text '01/03/2027',Deployment - Root CA
Medium,Date stored as text,DARKSTAR OCD Years 1-2,94,End Date is text '15/03/2027',Post-Deployment Testing - Beyond Trust
Medium,Date stored as text,DARKSTAR OCD Years 1-2,95,End Date is text '15/03/2027',Post-Deployment Testing - Tenable
Medium,Date stored as text,DARKSTAR OCD Years 1-2,96,End Date is text '15/03/2027',Post-Deployment Testing - Elastic Stack
Medium,Date stored as text,DARKSTAR OCD Years 1-2,97,End Date is text '15/03/2027',Post-Deployment Testing - Keycloak
Medium,Date stored as text,DARKSTAR OCD Years 1-2,98,End Date is text '01/03/2027',Change Control - AIX TKGI/VKS
Medium,Date stored as text,DARKSTAR OCD Years 1-2,99,End Date is text '01/03/2027',Change Control - CDS TKGI/VKS
Medium,Date stored as text,DARKSTAR OCD Years 1-2,100,End Date is text '01/03/2027',Impex - TKGI/VKS
Medium,Date stored as text,DARKSTAR OCD Years 1-2,101,End Date is text '01/03/2027',Deployment - AIX TKGI/VKS
Medium,Date stored as text,DARKSTAR OCD Years 1-2,102,End Date is text '01/03/2027',Deployment - CDS TKGI/VKS
Medium,Date stored as text,DARKSTAR OCD Years 1-2,103,End Date is text '01/03/2027',Post-Deployment Testing - AIX TKGI/VKS
Medium,Date stored as text,DARKSTAR OCD Years 1-2,104,End Date is text '01/03/2027',Post-Deployment Testing - CDS TKGI/VKS
Medium,Date stored as text,DARKSTAR OCD Years 1-2,106,End Date is text '01/10/2026',Windows
Medium,Date stored as text,DARKSTAR OCD Years 1-2,107,End Date is text '01/10/2026',Beyond Trust
Medium,Date stored as text,DARKSTAR OCD Years 1-2,108,End Date is text '01/10/2026',Tenable
Medium,Date stored as text,DARKSTAR OCD Years 1-2,109,End Date is text '01/10/2026',Elastic Stack
Medium,Date stored as text,DARKSTAR OCD Years 1-2,110,End Date is text '01/10/2026',Vault
Medium,Date stored as text,DARKSTAR OCD Years 1-2,111,End Date is text '01/10/2026',WAF
Medium,Date stored as text,DARKSTAR OCD Years 1-2,112,End Date is text '01/10/2026',GitLab
Medium,Date stored as text,DARKSTAR OCD Years 1-2,113,End Date is text '01/10/2026',AIX TKGI/VKS
Medium,Date stored as text,DARKSTAR OCD Years 1-2,114,End Date is text '01/10/2026',CDS TKGI/VKS
Medium,Date stored as text,DARKSTAR OCD Years 1-2,116,End Date is text '01/10/2026',Windows
Medium,Date stored as text,DARKSTAR OCD Years 1-2,117,End Date is text '01/10/2026',Beyond Trust
Medium,Date stored as text,DARKSTAR OCD Years 1-2,118,End Date is text '01/10/2026',Tenable
Medium,Date stored as text,DARKSTAR OCD Years 1-2,119,End Date is text '01/10/2026',Elastic Stack
Medium,Date stored as text,DARKSTAR OCD Years 1-2,120,End Date is text '01/10/2026',Vault
Medium,Date stored as text,DARKSTAR OCD Years 1-2,121,End Date is text '01/10/2026',WAF
Medium,Date stored as text,DARKSTAR OCD Years 1-2,122,End Date is text '01/10/2026',GitLab
Medium,Date stored as text,DARKSTAR OCD Years 1-2,123,End Date is text '01/10/2026',AIX TKGI/VKS
Medium,Date stored as text,DARKSTAR OCD Years 1-2,124,End Date is text '01/10/2026',CDS TKGI/VKS
Medium,Date stored as text,DARKSTAR OCD Years 1-2,126,End Date is text '01/10/2026',Windows VMs
Medium,Date stored as text,DARKSTAR OCD Years 1-2,127,End Date is text '01/10/2026',Linux VMs
Medium,Date stored as text,DARKSTAR OCD Years 1-2,128,End Date is text '01/10/2026',Active Directory
Medium,Date stored as text,DARKSTAR OCD Years 1-2,129,End Date is text '01/10/2026',ADFS
Medium,Date stored as text,DARKSTAR OCD Years 1-2,130,End Date is text '01/10/2026',Beyond Trust
Medium,Date stored as text,DARKSTAR OCD Years 1-2,131,End Date is text '01/10/2026',Tenable
Medium,Date stored as text,DARKSTAR OCD Years 1-2,132,End Date is text '01/10/2026',Elastic Stack
Medium,Date stored as text,DARKSTAR OCD Years 1-2,133,End Date is text '01/10/2026',Impex EUD
Medium,Date stored as text,DARKSTAR OCD Years 1-2,134,End Date is text '01/10/2026',Vault
Medium,Date stored as text,DARKSTAR OCD Years 1-2,135,End Date is text '01/10/2026',Keycloak
Medium,Date stored as text,DARKSTAR OCD Years 1-2,136,End Date is text '01/10/2026',WAF
Medium,Date stored as text,DARKSTAR OCD Years 1-2,137,End Date is text '01/10/2026',GitLab
Medium,Date stored as text,DARKSTAR OCD Years 1-2,138,End Date is text '01/10/2026',Ansible Deployment Container
Medium,Date stored as text,DARKSTAR OCD Years 1-2,139,End Date is text '01/10/2026',Kubernetes Deployment Boxes
Medium,Date stored as text,DARKSTAR OCD Years 1-2,140,End Date is text '01/10/2026',PostgreSQL
Medium,Date stored as text,DARKSTAR OCD Years 1-2,141,End Date is text '01/10/2026',Root CA
Medium,Date stored as text,DARKSTAR OCD Years 1-2,142,End Date is text '01/10/2026',Issuing CA
Medium,Date stored as text,DARKSTAR OCD Years 1-2,143,End Date is text '01/10/2026',Vault Issuing CA
Medium,Date stored as text,DARKSTAR OCD Years 1-2,144,End Date is text '01/10/2026',BPS Gateway
Medium,Date stored as text,DARKSTAR OCD Years 1-2,145,End Date is text '01/10/2026',AIX TKGI/VKS
Medium,Date stored as text,DARKSTAR OCD Years 1-2,146,End Date is text '01/10/2026',CDS TKGI/VKS
Medium,Date stored as text,DARKSTAR OCD Years 1-2,148,End Date is text '01/10/2026',Windows VMs
Medium,Date stored as text,DARKSTAR OCD Years 1-2,149,End Date is text '01/10/2026',Linux VMs
Medium,Date stored as text,DARKSTAR OCD Years 1-2,150,End Date is text '01/10/2026',Active Directory
Medium,Date stored as text,DARKSTAR OCD Years 1-2,151,End Date is text '01/10/2026',ADFS
Medium,Date stored as text,DARKSTAR OCD Years 1-2,152,End Date is text '01/10/2026',Beyond Trust
Medium,Date stored as text,DARKSTAR OCD Years 1-2,153,End Date is text '01/10/2026',Tenable
Medium,Date stored as text,DARKSTAR OCD Years 1-2,154,End Date is text '01/10/2026',Elastic Stack
Medium,Date stored as text,DARKSTAR OCD Years 1-2,155,End Date is text '01/10/2026',Impex EUD
Medium,Date stored as text,DARKSTAR OCD Years 1-2,156,End Date is text '01/10/2026',Vault
Medium,Date stored as text,DARKSTAR OCD Years 1-2,157,End Date is text '01/10/2026',Keycloak
Medium,Date stored as text,DARKSTAR OCD Years 1-2,158,End Date is text '01/10/2026',WAF
Medium,Date stored as text,DARKSTAR OCD Years 1-2,159,End Date is text '01/10/2026',GitLab
Medium,Date stored as text,DARKSTAR OCD Years 1-2,160,End Date is text '01/10/2026',Ansible Deployment Container
Medium,Date stored as text,DARKSTAR OCD Years 1-2,161,End Date is text '01/10/2026',Kubernetes Deployment Boxes
Medium,Date stored as text,DARKSTAR OCD Years 1-2,162,End Date is text '01/10/2026',PostgreSQL
Medium,Date stored as text,DARKSTAR OCD Years 1-2,163,End Date is text '01/10/2026',Root CA
Medium,Date stored as text,DARKSTAR OCD Years 1-2,164,End Date is text '01/10/2026',Issuing CA
Medium,Date stored as text,DARKSTAR OCD Years 1-2,165,End Date is text '01/10/2026',Vault Issuing CA
Medium,Date stored as text,DARKSTAR OCD Years 1-2,166,End Date is text '01/10/2026',BPS Gateway
Medium,Date stored as text,DARKSTAR OCD Years 1-2,167,End Date is text '01/10/2026',AIX TKGI/VKS
Medium,Date stored as text,DARKSTAR OCD Years 1-2,168,End Date is text '01/10/2026',CDS TKGI/VKS
Medium,Date stored as text,DARKSTAR OCD Years 1-2,170,End Date is text '15/03/2027',Windows VMs
Medium,Date stored as text,DARKSTAR OCD Years 1-2,171,End Date is text '15/03/2027',Linux VMs
Medium,Date stored as text,DARKSTAR OCD Years 1-2,172,End Date is text '15/03/2027',Active Directory
Medium,Date stored as text,DARKSTAR OCD Years 1-2,173,End Date is text '15/03/2027',ADFS
Medium,Date stored as text,DARKSTAR OCD Years 1-2,174,End Date is text '15/03/2027',Beyond Trust
Medium,Date stored as text,DARKSTAR OCD Years 1-2,175,End Date is text '15/03/2027',Tenable
Medium,Date stored as text,DARKSTAR OCD Years 1-2,176,End Date is text '15/03/2027',Elastic Stack
Medium,Date stored as text,DARKSTAR OCD Years 1-2,177,End Date is text '15/03/2027',Impex EUD
Medium,Date stored as text,DARKSTAR OCD Years 1-2,178,End Date is text '15/03/2027',Vault
Medium,Date stored as text,DARKSTAR OCD Years 1-2,179,End Date is text '15/03/2027',Keycloak
Medium,Date stored as text,DARKSTAR OCD Years 1-2,180,End Date is text '15/03/2027',WAF
Medium,Date stored as text,DARKSTAR OCD Years 1-2,181,End Date is text '15/03/2027',GitLab
Medium,Date stored as text,DARKSTAR OCD Years 1-2,182,End Date is text '15/03/2027',Ansible Deployment Container
Medium,Date stored as text,DARKSTAR OCD Years 1-2,183,End Date is text '15/03/2027',Kubernetes Deployment Boxes
Medium,Date stored as text,DARKSTAR OCD Years 1-2,184,End Date is text '15/03/2027',PostgreSQL
Medium,Date stored as text,DARKSTAR OCD Years 1-2,185,End Date is text '15/03/2027',Root CA
Medium,Date stored as text,DARKSTAR OCD Years 1-2,186,End Date is text '15/03/2027',Issuing CA
Medium,Date stored as text,DARKSTAR OCD Years 1-2,187,End Date is text '15/03/2027',Vault Issuing CA
Medium,Date stored as text,DARKSTAR OCD Years 1-2,188,End Date is text '01/10/2026',BPS Gateway
Medium,Date stored as text,DARKSTAR OCD Years 1-2,189,End Date is text '01/03/2027',AIX TKGI/VKS
Medium,Date stored as text,DARKSTAR OCD Years 1-2,190,End Date is text '01/03/2027',CDS TKGI/VKS
Medium,Date stored as text,DARKSTAR OCD Years 1-2,192,End Date is text '15/03/2027',Windows VMs
Medium,Date stored as text,DARKSTAR OCD Years 1-2,193,End Date is text '15/03/2027',Linux VMs
Medium,Date stored as text,DARKSTAR OCD Years 1-2,194,End Date is text '15/03/2027',Active Directory
Medium,Date stored as text,DARKSTAR OCD Years 1-2,195,End Date is text '15/03/2027',ADFS
Medium,Date stored as text,DARKSTAR OCD Years 1-2,196,End Date is text '15/03/2027',Beyond Trust
Medium,Date stored as text,DARKSTAR OCD Years 1-2,197,End Date is text '15/03/2027',Tenable
Medium,Date stored as text,DARKSTAR OCD Years 1-2,198,End Date is text '15/03/2027',Elastic Stack
Medium,Date stored as text,DARKSTAR OCD Years 1-2,199,End Date is text '15/03/2027',Impex EUD
Medium,Date stored as text,DARKSTAR OCD Years 1-2,200,End Date is text '15/03/2027',Vault
Medium,Date stored as text,DARKSTAR OCD Years 1-2,201,End Date is text '15/03/2027',Keycloak
Medium,Date stored as text,DARKSTAR OCD Years 1-2,202,End Date is text '15/03/2027',WAF
Medium,Date stored as text,DARKSTAR OCD Years 1-2,203,End Date is text '15/03/2027',GitLab
Medium,Date stored as text,DARKSTAR OCD Years 1-2,204,End Date is text '15/03/2027',Ansible Deployment Container
Medium,Date stored as text,DARKSTAR OCD Years 1-2,205,End Date is text '15/03/2027',Kubernetes Deployment Boxes
Medium,Date stored as text,DARKSTAR OCD Years 1-2,206,End Date is text '15/03/2027',PostgreSQL
Medium,Date stored as text,DARKSTAR OCD Years 1-2,207,End Date is text '15/03/2027',Root CA
Medium,Date stored as text,DARKSTAR OCD Years 1-2,208,End Date is text '15/03/2027',Issuing CA
Medium,Date stored as text,DARKSTAR OCD Years 1-2,209,End Date is text '15/03/2027',Vault Issuing CA
Medium,Date stored as text,DARKSTAR OCD Years 1-2,210,End Date is text '01/10/2026',BPS Gateway
Medium,Date stored as text,DARKSTAR OCD Years 1-2,211,End Date is text '01/03/2027',AIX TKGI/VKS
Medium,Date stored as text,DARKSTAR OCD Years 1-2,212,End Date is text '01/03/2027',CDS TKGI/VKS
Medium,Date stored as text,DARKSTAR OCD Years 1-2,214,End Date is text '15/03/2027',Windows VMs
Medium,Date stored as text,DARKSTAR OCD Years 1-2,215,End Date is text '15/03/2027',Linux VMs
Medium,Date stored as text,DARKSTAR OCD Years 1-2,216,End Date is text '15/03/2027',Active Directory
Medium,Date stored as text,DARKSTAR OCD Years 1-2,217,End Date is text '15/03/2027',ADFS
Medium,Date stored as text,DARKSTAR OCD Years 1-2,218,End Date is text '15/03/2027',Beyond Trust
Medium,Date stored as text,DARKSTAR OCD Years 1-2,219,End Date is text '15/03/2027',Tenable
Medium,Date stored as text,DARKSTAR OCD Years 1-2,220,End Date is text '15/03/2027',Elastic Stack
Medium,Date stored as text,DARKSTAR OCD Years 1-2,221,End Date is text '15/03/2027',Impex EUD
Medium,Date stored as text,DARKSTAR OCD Years 1-2,222,End Date is text '15/03/2027',Vault
Medium,Date stored as text,DARKSTAR OCD Years 1-2,223,End Date is text '15/03/2027',Keycloak
Medium,Date stored as text,DARKSTAR OCD Years 1-2,224,End Date is text '15/03/2027',WAF
Medium,Date stored as text,DARKSTAR OCD Years 1-2,225,End Date is text '15/03/2027',GitLab
Medium,Date stored as text,DARKSTAR OCD Years 1-2,226,End Date is text '15/03/2027',Ansible Deployment Container
Medium,Date stored as text,DARKSTAR OCD Years 1-2,227,End Date is text '15/03/2027',Kubernetes Deployment Boxes
Medium,Date stored as text,DARKSTAR OCD Years 1-2,228,End Date is text '15/03/2027',PostgreSQL
Medium,Date stored as text,DARKSTAR OCD Years 1-2,229,End Date is text '15/03/2027',Root CA
Medium,Date stored as text,DARKSTAR OCD Years 1-2,230,End Date is text '15/03/2027',Issuing CA
Medium,Date stored as text,DARKSTAR OCD Years 1-2,231,End Date is text '15/03/2027',Vault Issuing CA
Medium,Date stored as text,DARKSTAR OCD Years 1-2,232,End Date is text '01/03/2027',AIX TKGI/VKS
Medium,Date stored as text,DARKSTAR OCD Years 1-2,233,End Date is text '01/03/2027',CDS TKGI/VKS
Medium,Date stored as text,DARKSTAR OCD Years 1-2,235,End Date is text '15/03/2027',Windows VMs
Medium,Date stored as text,DARKSTAR OCD Years 1-2,236,End Date is text '15/03/2027',Linux VMs
Medium,Date stored as text,DARKSTAR OCD Years 1-2,237,End Date is text '15/03/2027',Active Directory
Medium,Date stored as text,DARKSTAR OCD Years 1-2,238,End Date is text '15/03/2027',ADFS
Medium,Date stored as text,DARKSTAR OCD Years 1-2,239,End Date is text '15/03/2027',Beyond Trust
Medium,Date stored as text,DARKSTAR OCD Years 1-2,240,End Date is text '15/03/2027',Tenable
Medium,Date stored as text,DARKSTAR OCD Years 1-2,241,End Date is text '15/03/2027',Elastic Stack
Medium,Date stored as text,DARKSTAR OCD Years 1-2,242,End Date is text '15/03/2027',Impex EUD
Medium,Date stored as text,DARKSTAR OCD Years 1-2,243,End Date is text '15/03/2027',Vault
Medium,Date stored as text,DARKSTAR OCD Years 1-2,244,End Date is text '15/03/2027',Keycloak
Medium,Date stored as text,DARKSTAR OCD Years 1-2,245,End Date is text '15/03/2027',WAF
Medium,Date stored as text,DARKSTAR OCD Years 1-2,246,End Date is text '15/03/2027',GitLab
Medium,Date stored as text,DARKSTAR OCD Years 1-2,247,End Date is text '15/03/2027',Ansible Deployment Container
Medium,Date stored as text,DARKSTAR OCD Years 1-2,248,End Date is text '15/03/2027',Kubernetes Deployment Boxes
Medium,Date stored as text,DARKSTAR OCD Years 1-2,249,End Date is text '15/03/2027',PostgreSQL
Medium,Date stored as text,DARKSTAR OCD Years 1-2,250,End Date is text '15/03/2027',Root CA
Medium,Date stored as text,DARKSTAR OCD Years 1-2,251,End Date is text '15/03/2027',Issuing CA
Medium,Date stored as text,DARKSTAR OCD Years 1-2,252,End Date is text '15/03/2027',Vault Issuing CA
Medium,Date stored as text,DARKSTAR OCD Years 1-2,253,End Date is text '01/03/2027',AIX TKGI/VKS
Medium,Date stored as text,DARKSTAR OCD Years 1-2,254,End Date is text '01/03/2027',CDS TKGI/VKS
Medium,Date stored as text,DARKSTAR OCD Years 1-2,256,End Date is text '15/03/2027',Windows VMs
Medium,Date stored as text,DARKSTAR OCD Years 1-2,257,End Date is text '15/03/2027',Linux VMs
Medium,Date stored as text,DARKSTAR OCD Years 1-2,258,End Date is text '15/03/2027',Active Directory
Medium,Date stored as text,DARKSTAR OCD Years 1-2,259,End Date is text '15/03/2027',ADFS
Medium,Date stored as text,DARKSTAR OCD Years 1-2,260,End Date is text '15/03/2027',Beyond Trust
Medium,Date stored as text,DARKSTAR OCD Years 1-2,261,End Date is text '15/03/2027',Tenable
Medium,Date stored as text,DARKSTAR OCD Years 1-2,262,End Date is text '15/03/2027',Elastic Stack
Medium,Date stored as text,DARKSTAR OCD Years 1-2,263,End Date is text '15/03/2027',Impex EUD
Medium,Date stored as text,DARKSTAR OCD Years 1-2,264,End Date is text '15/03/2027',Vault
Medium,Date stored as text,DARKSTAR OCD Years 1-2,265,End Date is text '15/03/2027',Keycloak
Medium,Date stored as text,DARKSTAR OCD Years 1-2,266,End Date is text '15/03/2027',WAF
Medium,Date stored as text,DARKSTAR OCD Years 1-2,267,End Date is text '15/03/2027',GitLab
Medium,Date stored as text,DARKSTAR OCD Years 1-2,268,End Date is text '15/03/2027',Ansible Deployment Container
Medium,Date stored as text,DARKSTAR OCD Years 1-2,269,End Date is text '15/03/2027',Kubernetes Deployment Boxes
Medium,Date stored as text,DARKSTAR OCD Years 1-2,270,End Date is text '15/03/2027',PostgreSQL
Medium,Date stored as text,DARKSTAR OCD Years 1-2,271,End Date is text '15/03/2027',Root CA
Medium,Date stored as text,DARKSTAR OCD Years 1-2,272,End Date is text '15/03/2027',Issuing CA
Medium,Date stored as text,DARKSTAR OCD Years 1-2,273,End Date is text '15/03/2027',Vault Issuing CA
Medium,Date stored as text,DARKSTAR OCD Years 1-2,274,End Date is text '01/03/2027',AIX TKGI/VKS
Medium,Date stored as text,DARKSTAR OCD Years 1-2,275,End Date is text '01/03/2027',CDS TKGI/VKS
Medium,Date stored as text,DARKSTAR OCD Years 1-2,277,End Date is text '15/03/2027',Windows VMs
Medium,Date stored as text,DARKSTAR OCD Years 1-2,278,End Date is text '15/03/2027',Linux VMs
Medium,Date stored as text,DARKSTAR OCD Years 1-2,279,End Date is text '15/03/2027',Active Directory
Medium,Date stored as text,DARKSTAR OCD Years 1-2,280,End Date is text '15/03/2027',ADFS
Medium,Date stored as text,DARKSTAR OCD Years 1-2,281,End Date is text '15/03/2027',Beyond Trust
Medium,Date stored as text,DARKSTAR OCD Years 1-2,282,End Date is text '15/03/2027',Tenable
Medium,Date stored as text,DARKSTAR OCD Years 1-2,283,End Date is text '15/03/2027',Elastic Stack
Medium,Date stored as text,DARKSTAR OCD Years 1-2,284,End Date is text '15/03/2027',Impex EUD
Medium,Date stored as text,DARKSTAR OCD Years 1-2,285,End Date is text '15/03/2027',Vault
Medium,Date stored as text,DARKSTAR OCD Years 1-2,286,End Date is text '15/03/2027',Keycloak
Medium,Date stored as text,DARKSTAR OCD Years 1-2,287,End Date is text '15/03/2027',WAF
Medium,Date stored as text,DARKSTAR OCD Years 1-2,288,End Date is text '15/03/2027',GitLab
Medium,Date stored as text,DARKSTAR OCD Years 1-2,289,End Date is text '15/03/2027',Ansible Deployment Container
Medium,Date stored as text,DARKSTAR OCD Years 1-2,290,End Date is text '15/03/2027',Kubernetes Deployment Boxes
Medium,Date stored as text,DARKSTAR OCD Years 1-2,291,End Date is text '15/03/2027',PostgreSQL
Medium,Date stored as text,DARKSTAR OCD Years 1-2,292,End Date is text '15/03/2027',Root CA
Medium,Date stored as text,DARKSTAR OCD Years 1-2,293,End Date is text '15/03/2027',Issuing CA
Medium,Date stored as text,DARKSTAR OCD Years 1-2,294,End Date is text '15/03/2027',Vault Issuing CA
Medium,Date stored as text,DARKSTAR OCD Years 1-2,295,End Date is text '01/03/2027',AIX TKGI/VKS
Medium,Date stored as text,DARKSTAR OCD Years 1-2,296,End Date is text '01/03/2027',CDS TKGI/VKS
Medium,Date stored as text,DARKSTAR OCD Years 1-2,299,End Date is text '15/03/2028',Change Control - Beyond Trust
Medium,Date stored as text,DARKSTAR OCD Years 1-2,300,End Date is text '15/03/2028',Change Control - Tenable
Medium,Date stored as text,DARKSTAR OCD Years 1-2,301,End Date is text '15/03/2028',Change Control - Elastic Stack
Medium,Date stored as text,DARKSTAR OCD Years 1-2,302,End Date is text '15/03/2028',Change Control - Vault
Medium,Date stored as text,DARKSTAR OCD Years 1-2,303,End Date is text '15/03/2028',Change Control - Keycloak
Medium,Date stored as text,DARKSTAR OCD Years 1-2,304,End Date is text '15/03/2028',Change Control - WAF
Medium,Date stored as text,DARKSTAR OCD Years 1-2,305,End Date is text '15/03/2028',Change Control - GitLab
Medium,Date stored as text,DARKSTAR OCD Years 1-2,306,End Date is text '15/03/2028',Change Control - Ansible Deployment Container
Medium,Date stored as text,DARKSTAR OCD Years 1-2,307,End Date is text '15/03/2028',Change Control - Kubernetes Deployment Boxes
Medium,Date stored as text,DARKSTAR OCD Years 1-2,308,End Date is text '15/03/2028',Change Control - PostgreSQL 
Medium,Date stored as text,DARKSTAR OCD Years 1-2,309,End Date is text '15/03/2028',Impex - Beyond Trust
Medium,Date stored as text,DARKSTAR OCD Years 1-2,310,End Date is text '15/03/2028',Impex - Tenable
Medium,Date stored as text,DARKSTAR OCD Years 1-2,311,End Date is text '15/03/2028',Impex - Elastic Stack
Medium,Date stored as text,DARKSTAR OCD Years 1-2,312,End Date is text '15/03/2028',Impex - Vault
Medium,Date stored as text,DARKSTAR OCD Years 1-2,313,End Date is text '15/03/2028',Impex - Keycloak
Medium,Date stored as text,DARKSTAR OCD Years 1-2,314,End Date is text '15/03/2028',Impex - WAF
Medium,Date stored as text,DARKSTAR OCD Years 1-2,315,End Date is text '15/03/2028',Impex - GitLab
Medium,Date stored as text,DARKSTAR OCD Years 1-2,316,End Date is text '15/03/2028',Impex - Ansible Deployment Container
Medium,Date stored as text,DARKSTAR OCD Years 1-2,317,End Date is text '15/03/2028',Impex - Kubernetes Deployment Boxes
Medium,Date stored as text,DARKSTAR OCD Years 1-2,318,End Date is text '15/03/2028',Impex Security Review - Beyond Trust
Medium,Date stored as text,DARKSTAR OCD Years 1-2,319,End Date is text '15/03/2028',Impex Security Review - Tenable
Medium,Date stored as text,DARKSTAR OCD Years 1-2,320,End Date is text '15/03/2028',Impex Security Review - Elastic Stack
Medium,Date stored as text,DARKSTAR OCD Years 1-2,321,End Date is text '15/03/2028',Impex Security Review - Vault
Medium,Date stored as text,DARKSTAR OCD Years 1-2,322,End Date is text '15/03/2028',Impex Security Review - Keycloak
Medium,Date stored as text,DARKSTAR OCD Years 1-2,323,End Date is text '15/03/2028',Impex Security Review - WAF
Medium,Date stored as text,DARKSTAR OCD Years 1-2,324,End Date is text '15/03/2028',Impex Security Review - GitLab
Medium,Date stored as text,DARKSTAR OCD Years 1-2,325,End Date is text '15/03/2028',Impex Security Review - Ansible Deployment Container
Medium,Date stored as text,DARKSTAR OCD Years 1-2,326,End Date is text '15/03/2028',Impex Security Review - Kubernetes Deployment Boxes
Medium,Date stored as text,DARKSTAR OCD Years 1-2,327,End Date is text '15/03/2028',Deployment - Beyond Trust
Medium,Date stored as text,DARKSTAR OCD Years 1-2,328,End Date is text '15/03/2028',Deployment - Tenable
Medium,Date stored as text,DARKSTAR OCD Years 1-2,329,End Date is text '15/03/2028',Deployment - Elastic Stack
Medium,Date stored as text,DARKSTAR OCD Years 1-2,330,End Date is text '15/03/2028',Deployment - Vault
Medium,Date stored as text,DARKSTAR OCD Years 1-2,331,End Date is text '15/03/2028',Deployment - Keycloak
Medium,Date stored as text,DARKSTAR OCD Years 1-2,332,End Date is text '15/03/2028',Deployment - WAF
Medium,Date stored as text,DARKSTAR OCD Years 1-2,333,End Date is text '15/03/2028',Deployment - GitLab
Medium,Date stored as text,DARKSTAR OCD Years 1-2,334,End Date is text '15/03/2028',Deployment - Ansible Deployment Container
Medium,Date stored as text,DARKSTAR OCD Years 1-2,335,End Date is text '15/03/2028',Deployment - Kubernetes Deployment Boxes
Medium,Date stored as text,DARKSTAR OCD Years 1-2,336,End Date is text '15/03/2028',Deployment - PostgreSQL
Medium,Date stored as text,DARKSTAR OCD Years 1-2,337,End Date is text '01/03/2028',Deployment - Root CA
Medium,Date stored as text,DARKSTAR OCD Years 1-2,338,End Date is text '15/03/2028',Post-Deployment Testing - Beyond Trust
Medium,Date stored as text,DARKSTAR OCD Years 1-2,339,End Date is text '15/03/2028',Post-Deployment Testing - Tenable
Medium,Date stored as text,DARKSTAR OCD Years 1-2,340,End Date is text '15/03/2028',Post-Deployment Testing - Elastic Stack
Medium,Date stored as text,DARKSTAR OCD Years 1-2,341,End Date is text '15/03/2028',Post-Deployment Testing - Keycloak
Medium,Date stored as text,DARKSTAR OCD Years 1-2,342,End Date is text '01/03/2028',Change Control - AIX TKGI/VKS
Medium,Date stored as text,DARKSTAR OCD Years 1-2,343,End Date is text '01/03/2028',Change Control - CDS TKGI/VKS
Medium,Date stored as text,DARKSTAR OCD Years 1-2,344,End Date is text '01/03/2028',Impex - TKGI/VKS
Medium,Date stored as text,DARKSTAR OCD Years 1-2,345,End Date is text '01/03/2028',Deployment - AIX TKGI/VKS
Medium,Date stored as text,DARKSTAR OCD Years 1-2,346,End Date is text '01/03/2028',Deployment - CDS TKGI/VKS
Medium,Date stored as text,DARKSTAR OCD Years 1-2,347,End Date is text '01/03/2028',Post-Deployment Testing - AIX TKGI/VKS
Medium,Date stored as text,DARKSTAR OCD Years 1-2,348,End Date is text '01/03/2028',Post-Deployment Testing - CDS TKGI/VKS
Medium,Date stored as text,DARKSTAR OCD Years 1-2,350,End Date is text '15/03/2028',Change Control - Beyond Trust
Medium,Date stored as text,DARKSTAR OCD Years 1-2,351,End Date is text '15/03/2028',Change Control - Tenable
Medium,Date stored as text,DARKSTAR OCD Years 1-2,352,End Date is text '15/03/2028',Change Control - Elastic Stack
Medium,Date stored as text,DARKSTAR OCD Years 1-2,353,End Date is text '15/03/2028',Change Control - Vault
Medium,Date stored as text,DARKSTAR OCD Years 1-2,354,End Date is text '15/03/2028',Change Control - Keycloak
Medium,Date stored as text,DARKSTAR OCD Years 1-2,355,End Date is text '15/03/2028',Change Control - WAF
Medium,Date stored as text,DARKSTAR OCD Years 1-2,356,End Date is text '15/03/2028',Change Control - GitLab
Medium,Date stored as text,DARKSTAR OCD Years 1-2,357,End Date is text '15/03/2028',Change Control - Ansible Deployment Container
Medium,Date stored as text,DARKSTAR OCD Years 1-2,358,End Date is text '15/03/2028',Change Control - Kubernetes Deployment Boxes
Medium,Date stored as text,DARKSTAR OCD Years 1-2,359,End Date is text '15/03/2028',Change Control - PostgreSQL 
Medium,Date stored as text,DARKSTAR OCD Years 1-2,360,End Date is text '15/03/2028',Impex - Beyond Trust
Medium,Date stored as text,DARKSTAR OCD Years 1-2,361,End Date is text '15/03/2028',Impex - Tenable
Medium,Date stored as text,DARKSTAR OCD Years 1-2,362,End Date is text '15/03/2028',Impex - Elastic Stack
Medium,Date stored as text,DARKSTAR OCD Years 1-2,363,End Date is text '15/03/2028',Impex - Vault
Medium,Date stored as text,DARKSTAR OCD Years 1-2,364,End Date is text '15/03/2028',Impex - Keycloak
Medium,Date stored as text,DARKSTAR OCD Years 1-2,365,End Date is text '15/03/2028',Impex - WAF
Medium,Date stored as text,DARKSTAR OCD Years 1-2,366,End Date is text '15/03/2028',Impex - GitLab
Medium,Date stored as text,DARKSTAR OCD Years 1-2,367,End Date is text '15/03/2028',Impex - Ansible Deployment Container
Medium,Date stored as text,DARKSTAR OCD Years 1-2,368,End Date is text '15/03/2028',Impex - Kubernetes Deployment Boxes
Medium,Date stored as text,DARKSTAR OCD Years 1-2,369,End Date is text '15/03/2028',Impex Security Review - Beyond Trust
Medium,Date stored as text,DARKSTAR OCD Years 1-2,370,End Date is text '15/03/2028',Impex Security Review - Tenable
Medium,Date stored as text,DARKSTAR OCD Years 1-2,371,End Date is text '15/03/2028',Impex Security Review - Elastic Stack
Medium,Date stored as text,DARKSTAR OCD Years 1-2,372,End Date is text '15/03/2028',Impex Security Review - Vault
Medium,Date stored as text,DARKSTAR OCD Years 1-2,373,End Date is text '15/03/2028',Impex Security Review - Keycloak
Medium,Date stored as text,DARKSTAR OCD Years 1-2,374,End Date is text '15/03/2028',Impex Security Review - WAF
Medium,Date stored as text,DARKSTAR OCD Years 1-2,375,End Date is text '15/03/2028',Impex Security Review - GitLab
Medium,Date stored as text,DARKSTAR OCD Years 1-2,376,End Date is text '15/03/2028',Impex Security Review - Ansible Deployment Container
Medium,Date stored as text,DARKSTAR OCD Years 1-2,377,End Date is text '15/03/2028',Impex Security Review - Kubernetes Deployment Boxes
Medium,Date stored as text,DARKSTAR OCD Years 1-2,378,End Date is text '15/03/2028',Deployment - Beyond Trust
Medium,Date stored as text,DARKSTAR OCD Years 1-2,379,End Date is text '15/03/2028',Deployment - Tenable
Medium,Date stored as text,DARKSTAR OCD Years 1-2,380,End Date is text '15/03/2028',Deployment - Elastic Stack
Medium,Date stored as text,DARKSTAR OCD Years 1-2,381,End Date is text '15/03/2028',Deployment - Vault
Medium,Date stored as text,DARKSTAR OCD Years 1-2,382,End Date is text '15/03/2028',Deployment - Keycloak
Medium,Date stored as text,DARKSTAR OCD Years 1-2,383,End Date is text '15/03/2028',Deployment - WAF
Medium,Date stored as text,DARKSTAR OCD Years 1-2,384,End Date is text '15/03/2028',Deployment - GitLab
Medium,Date stored as text,DARKSTAR OCD Years 1-2,385,End Date is text '15/03/2028',Deployment - Ansible Deployment Container
Medium,Date stored as text,DARKSTAR OCD Years 1-2,386,End Date is text '15/03/2028',Deployment - Kubernetes Deployment Boxes
Medium,Date stored as text,DARKSTAR OCD Years 1-2,387,End Date is text '15/03/2028',Deployment - PostgreSQL
Medium,Date stored as text,DARKSTAR OCD Years 1-2,388,End Date is text '01/03/2028',Deployment - Root CA
Medium,Date stored as text,DARKSTAR OCD Years 1-2,389,End Date is text '15/03/2028',Post-Deployment Testing - Beyond Trust
Medium,Date stored as text,DARKSTAR OCD Years 1-2,390,End Date is text '15/03/2028',Post-Deployment Testing - Tenable
Medium,Date stored as text,DARKSTAR OCD Years 1-2,391,End Date is text '15/03/2028',Post-Deployment Testing - Elastic Stack
Medium,Date stored as text,DARKSTAR OCD Years 1-2,392,End Date is text '15/03/2028',Post-Deployment Testing - Keycloak
Medium,Date stored as text,DARKSTAR OCD Years 1-2,393,End Date is text '01/03/2028',Change Control - AIX TKGI/VKS
Medium,Date stored as text,DARKSTAR OCD Years 1-2,394,End Date is text '01/03/2028',Change Control - CDS TKGI/VKS
Medium,Date stored as text,DARKSTAR OCD Years 1-2,395,End Date is text '01/03/2028',Impex - TKGI/VKS
Medium,Date stored as text,DARKSTAR OCD Years 1-2,396,End Date is text '01/03/2028',Deployment - AIX TKGI/VKS
Medium,Date stored as text,DARKSTAR OCD Years 1-2,397,End Date is text '01/03/2028',Deployment - CDS TKGI/VKS
Medium,Date stored as text,DARKSTAR OCD Years 1-2,398,End Date is text '01/03/2028',Post-Deployment Testing - AIX TKGI/VKS
Medium,Date stored as text,DARKSTAR OCD Years 1-2,399,End Date is text '01/03/2028',Post-Deployment Testing - CDS TKGI/VKS
Medium,Date stored as text,DARKSTAR OCD Years 1-2,401,End Date is text '01/10/2027',Windows
Medium,Date stored as text,DARKSTAR OCD Years 1-2,402,End Date is text '01/10/2027',Beyond Trust
Medium,Date stored as text,DARKSTAR OCD Years 1-2,403,End Date is text '01/10/2027',Tenable
Medium,Date stored as text,DARKSTAR OCD Years 1-2,404,End Date is text '01/10/2027',Elastic Stack
Medium,Date stored as text,DARKSTAR OCD Years 1-2,405,End Date is text '01/10/2027',Vault
Medium,Date stored as text,DARKSTAR OCD Years 1-2,406,End Date is text '01/10/2027',WAF
Medium,Date stored as text,DARKSTAR OCD Years 1-2,407,End Date is text '01/10/2027',GitLab
Medium,Date stored as text,DARKSTAR OCD Years 1-2,408,End Date is text '01/10/2027',AIX TKGI/VKS
Medium,Date stored as text,DARKSTAR OCD Years 1-2,409,End Date is text '01/10/2027',CDS TKGI/VKS
Medium,Date stored as text,DARKSTAR OCD Years 1-2,411,End Date is text '01/10/2027',Windows
Medium,Date stored as text,DARKSTAR OCD Years 1-2,412,End Date is text '01/10/2027',Beyond Trust
Medium,Date stored as text,DARKSTAR OCD Years 1-2,413,End Date is text '01/10/2027',Tenable
Medium,Date stored as text,DARKSTAR OCD Years 1-2,414,End Date is text '01/10/2027',Elastic Stack
Medium,Date stored as text,DARKSTAR OCD Years 1-2,415,End Date is text '01/10/2027',Vault
Medium,Date stored as text,DARKSTAR OCD Years 1-2,416,End Date is text '01/10/2027',WAF
Medium,Date stored as text,DARKSTAR OCD Years 1-2,417,End Date is text '01/10/2027',GitLab
Medium,Date stored as text,DARKSTAR OCD Years 1-2,418,End Date is text '01/10/2027',AIX TKGI/VKS
Medium,Date stored as text,DARKSTAR OCD Years 1-2,419,End Date is text '01/10/2027',CDS TKGI/VKS
Medium,Date stored as text,DARKSTAR OCD Years 1-2,421,End Date is text '01/10/2027',Windows VMs
Medium,Date stored as text,DARKSTAR OCD Years 1-2,422,End Date is text '01/10/2027',Linux VMs
Medium,Date stored as text,DARKSTAR OCD Years 1-2,423,End Date is text '01/10/2027',Active Directory
Medium,Date stored as text,DARKSTAR OCD Years 1-2,424,End Date is text '01/10/2027',ADFS
Medium,Date stored as text,DARKSTAR OCD Years 1-2,425,End Date is text '01/10/2027',Beyond Trust
Medium,Date stored as text,DARKSTAR OCD Years 1-2,426,End Date is text '01/10/2027',Tenable
Medium,Date stored as text,DARKSTAR OCD Years 1-2,427,End Date is text '01/10/2027',Elastic Stack
Medium,Date stored as text,DARKSTAR OCD Years 1-2,428,End Date is text '01/10/2027',Impex EUD
Medium,Date stored as text,DARKSTAR OCD Years 1-2,429,End Date is text '01/10/2027',Vault
Medium,Date stored as text,DARKSTAR OCD Years 1-2,430,End Date is text '01/10/2027',Keycloak
Medium,Date stored as text,DARKSTAR OCD Years 1-2,431,End Date is text '01/10/2027',WAF
Medium,Date stored as text,DARKSTAR OCD Years 1-2,432,End Date is text '01/10/2027',GitLab
Medium,Date stored as text,DARKSTAR OCD Years 1-2,433,End Date is text '01/10/2027',Ansible Deployment Container
Medium,Date stored as text,DARKSTAR OCD Years 1-2,434,End Date is text '01/10/2027',Kubernetes Deployment Boxes
Medium,Date stored as text,DARKSTAR OCD Years 1-2,435,End Date is text '01/10/2027',PostgreSQL
Medium,Date stored as text,DARKSTAR OCD Years 1-2,436,End Date is text '01/04/2027',Root CA
Medium,Date stored as text,DARKSTAR OCD Years 1-2,437,End Date is text '01/04/2027',Issuing CA
Medium,Date stored as text,DARKSTAR OCD Years 1-2,438,End Date is text '01/04/2027',Vault Issuing CA
Medium,Date stored as text,DARKSTAR OCD Years 1-2,439,End Date is text '01/10/2027',BPS Gateway
Medium,Date stored as text,DARKSTAR OCD Years 1-2,440,End Date is text '01/10/2027',AIX TKGI/VKS
Medium,Date stored as text,DARKSTAR OCD Years 1-2,441,End Date is text '01/10/2027',CDS TKGI/VKS
Medium,Date stored as text,DARKSTAR OCD Years 1-2,443,End Date is text '01/10/2027',Windows VMs
Medium,Date stored as text,DARKSTAR OCD Years 1-2,444,End Date is text '01/10/2027',Linux VMs
Medium,Date stored as text,DARKSTAR OCD Years 1-2,445,End Date is text '01/10/2027',Active Directory
Medium,Date stored as text,DARKSTAR OCD Years 1-2,446,End Date is text '01/10/2027',ADFS
Medium,Date stored as text,DARKSTAR OCD Years 1-2,447,End Date is text '01/10/2027',Beyond Trust
Medium,Date stored as text,DARKSTAR OCD Years 1-2,448,End Date is text '01/10/2027',Tenable
Medium,Date stored as text,DARKSTAR OCD Years 1-2,449,End Date is text '01/10/2027',Elastic Stack
Medium,Date stored as text,DARKSTAR OCD Years 1-2,450,End Date is text '01/10/2027',Impex EUD
Medium,Date stored as text,DARKSTAR OCD Years 1-2,451,End Date is text '01/10/2027',Vault
Medium,Date stored as text,DARKSTAR OCD Years 1-2,452,End Date is text '01/10/2027',Keycloak
Medium,Date stored as text,DARKSTAR OCD Years 1-2,453,End Date is text '01/10/2027',WAF
Medium,Date stored as text,DARKSTAR OCD Years 1-2,454,End Date is text '01/10/2027',GitLab
Medium,Date stored as text,DARKSTAR OCD Years 1-2,455,End Date is text '01/10/2027',Ansible Deployment Container
Medium,Date stored as text,DARKSTAR OCD Years 1-2,456,End Date is text '01/10/2027',Kubernetes Deployment Boxes
Medium,Date stored as text,DARKSTAR OCD Years 1-2,457,End Date is text '01/10/2027',PostgreSQL
Medium,Date stored as text,DARKSTAR OCD Years 1-2,458,End Date is text '01/04/2027',Root CA
Medium,Date stored as text,DARKSTAR OCD Years 1-2,459,End Date is text '01/04/2027',Issuing CA
Medium,Date stored as text,DARKSTAR OCD Years 1-2,460,End Date is text '01/04/2027',Vault Issuing CA
Medium,Date stored as text,DARKSTAR OCD Years 1-2,461,End Date is text '01/04/2027',BPS Gateway
Medium,Date stored as text,DARKSTAR OCD Years 1-2,462,End Date is text '01/10/2027',AIX TKGI/VKS
Medium,Date stored as text,DARKSTAR OCD Years 1-2,463,End Date is text '01/10/2027',CDS TKGI/VKS
Medium,Date stored as text,DARKSTAR OCD Years 1-2,465,End Date is text '15/03/2028',Windows VMs
Medium,Date stored as text,DARKSTAR OCD Years 1-2,466,End Date is text '15/03/2028',Linux VMs
Medium,Date stored as text,DARKSTAR OCD Years 1-2,467,End Date is text '15/03/2028',Active Directory
Medium,Date stored as text,DARKSTAR OCD Years 1-2,468,End Date is text '15/03/2028',ADFS
Medium,Date stored as text,DARKSTAR OCD Years 1-2,469,End Date is text '15/03/2028',Beyond Trust
Medium,Date stored as text,DARKSTAR OCD Years 1-2,470,End Date is text '15/03/2028',Tenable
Medium,Date stored as text,DARKSTAR OCD Years 1-2,471,End Date is text '15/03/2028',Elastic Stack
Medium,Date stored as text,DARKSTAR OCD Years 1-2,472,End Date is text '15/03/2028',Impex EUD
Medium,Date stored as text,DARKSTAR OCD Years 1-2,473,End Date is text '15/03/2028',Vault
Medium,Date stored as text,DARKSTAR OCD Years 1-2,474,End Date is text '15/03/2028',Keycloak
Medium,Date stored as text,DARKSTAR OCD Years 1-2,475,End Date is text '15/03/2028',WAF
Medium,Date stored as text,DARKSTAR OCD Years 1-2,476,End Date is text '15/03/2028',GitLab
Medium,Date stored as text,DARKSTAR OCD Years 1-2,477,End Date is text '15/03/2028',Ansible Deployment Container
Medium,Date stored as text,DARKSTAR OCD Years 1-2,478,End Date is text '15/03/2028',Kubernetes Deployment Boxes
Medium,Date stored as text,DARKSTAR OCD Years 1-2,479,End Date is text '15/03/2028',PostgreSQL
Medium,Date stored as text,DARKSTAR OCD Years 1-2,480,End Date is text '15/03/2028',Root CA
Medium,Date stored as text,DARKSTAR OCD Years 1-2,481,End Date is text '15/03/2028',Issuing CA
Medium,Date stored as text,DARKSTAR OCD Years 1-2,482,End Date is text '15/03/2028',Vault Issuing CA
Medium,Date stored as text,DARKSTAR OCD Years 1-2,483,End Date is text '01/04/2027',BPS Gateway
Medium,Date stored as text,DARKSTAR OCD Years 1-2,484,End Date is text '01/03/2028',AIX TKGI/VKS
Medium,Date stored as text,DARKSTAR OCD Years 1-2,485,End Date is text '01/03/2028',CDS TKGI/VKS
Medium,Date stored as text,DARKSTAR OCD Years 1-2,487,End Date is text '15/03/2028',Windows VMs
Medium,Date stored as text,DARKSTAR OCD Years 1-2,488,End Date is text '15/03/2028',Linux VMs
Medium,Date stored as text,DARKSTAR OCD Years 1-2,489,End Date is text '15/03/2028',Active Directory
Medium,Date stored as text,DARKSTAR OCD Years 1-2,490,End Date is text '15/03/2028',ADFS
Medium,Date stored as text,DARKSTAR OCD Years 1-2,491,End Date is text '15/03/2028',Beyond Trust
Medium,Date stored as text,DARKSTAR OCD Years 1-2,492,End Date is text '15/03/2028',Tenable
Medium,Date stored as text,DARKSTAR OCD Years 1-2,493,End Date is text '15/03/2028',Elastic Stack
Medium,Date stored as text,DARKSTAR OCD Years 1-2,494,End Date is text '15/03/2028',Impex EUD
Medium,Date stored as text,DARKSTAR OCD Years 1-2,495,End Date is text '15/03/2028',Vault
Medium,Date stored as text,DARKSTAR OCD Years 1-2,496,End Date is text '15/03/2028',Keycloak
Medium,Date stored as text,DARKSTAR OCD Years 1-2,497,End Date is text '15/03/2028',WAF
Medium,Date stored as text,DARKSTAR OCD Years 1-2,498,End Date is text '15/03/2028',GitLab
Medium,Date stored as text,DARKSTAR OCD Years 1-2,499,End Date is text '15/03/2028',Ansible Deployment Container
Medium,Date stored as text,DARKSTAR OCD Years 1-2,500,End Date is text '15/03/2028',Kubernetes Deployment Boxes
Medium,Date stored as text,DARKSTAR OCD Years 1-2,501,End Date is text '15/03/2028',PostgreSQL
Medium,Date stored as text,DARKSTAR OCD Years 1-2,502,End Date is text '15/03/2028',Root CA
Medium,Date stored as text,DARKSTAR OCD Years 1-2,503,End Date is text '15/03/2028',Issuing CA
Medium,Date stored as text,DARKSTAR OCD Years 1-2,504,End Date is text '15/03/2028',Vault Issuing CA
Medium,Date stored as text,DARKSTAR OCD Years 1-2,505,End Date is text '01/04/2027',BPS Gateway
Medium,Date stored as text,DARKSTAR OCD Years 1-2,506,End Date is text '01/03/2028',AIX TKGI/VKS
Medium,Date stored as text,DARKSTAR OCD Years 1-2,507,End Date is text '01/03/2028',CDS TKGI/VKS
Medium,Date stored as text,DARKSTAR OCD Years 1-2,509,End Date is text '15/03/2028',Windows VMs
Medium,Date stored as text,DARKSTAR OCD Years 1-2,510,End Date is text '15/03/2028',Linux VMs
Medium,Date stored as text,DARKSTAR OCD Years 1-2,511,End Date is text '15/03/2028',Active Directory
Medium,Date stored as text,DARKSTAR OCD Years 1-2,512,End Date is text '15/03/2028',ADFS
Medium,Date stored as text,DARKSTAR OCD Years 1-2,513,End Date is text '15/03/2028',Beyond Trust
Medium,Date stored as text,DARKSTAR OCD Years 1-2,514,End Date is text '15/03/2028',Tenable
Medium,Date stored as text,DARKSTAR OCD Years 1-2,515,End Date is text '15/03/2028',Elastic Stack
Medium,Date stored as text,DARKSTAR OCD Years 1-2,516,End Date is text '15/03/2028',Impex EUD
Medium,Date stored as text,DARKSTAR OCD Years 1-2,517,End Date is text '15/03/2028',Vault
Medium,Date stored as text,DARKSTAR OCD Years 1-2,518,End Date is text '15/03/2028',Keycloak
Medium,Date stored as text,DARKSTAR OCD Years 1-2,519,End Date is text '15/03/2028',WAF
Medium,Date stored as text,DARKSTAR OCD Years 1-2,520,End Date is text '15/03/2028',GitLab
Medium,Date stored as text,DARKSTAR OCD Years 1-2,521,End Date is text '15/03/2028',Ansible Deployment Container
Medium,Date stored as text,DARKSTAR OCD Years 1-2,522,End Date is text '15/03/2028',Kubernetes Deployment Boxes
Medium,Date stored as text,DARKSTAR OCD Years 1-2,523,End Date is text '15/03/2028',PostgreSQL
Medium,Date stored as text,DARKSTAR OCD Years 1-2,524,End Date is text '15/03/2028',Root CA
Medium,Date stored as text,DARKSTAR OCD Years 1-2,525,End Date is text '15/03/2028',Issuing CA
Medium,Date stored as text,DARKSTAR OCD Years 1-2,526,End Date is text '15/03/2028',Vault Issuing CA
Medium,Date stored as text,DARKSTAR OCD Years 1-2,527,End Date is text '01/03/2028',AIX TKGI/VKS
Medium,Date stored as text,DARKSTAR OCD Years 1-2,528,End Date is text '01/03/2028',CDS TKGI/VKS
Medium,Date stored as text,DARKSTAR OCD Years 1-2,530,End Date is text '15/03/2028',Windows VMs
Medium,Date stored as text,DARKSTAR OCD Years 1-2,531,End Date is text '15/03/2028',Linux VMs
Medium,Date stored as text,DARKSTAR OCD Years 1-2,532,End Date is text '15/03/2028',Active Directory
Medium,Date stored as text,DARKSTAR OCD Years 1-2,533,End Date is text '15/03/2028',ADFS
Medium,Date stored as text,DARKSTAR OCD Years 1-2,534,End Date is text '15/03/2028',Beyond Trust
Medium,Date stored as text,DARKSTAR OCD Years 1-2,535,End Date is text '15/03/2028',Tenable
Medium,Date stored as text,DARKSTAR OCD Years 1-2,536,End Date is text '15/03/2028',Elastic Stack
Medium,Date stored as text,DARKSTAR OCD Years 1-2,537,End Date is text '15/03/2028',Impex EUD
Medium,Date stored as text,DARKSTAR OCD Years 1-2,538,End Date is text '15/03/2028',Vault
Medium,Date stored as text,DARKSTAR OCD Years 1-2,539,End Date is text '15/03/2028',Keycloak
Medium,Date stored as text,DARKSTAR OCD Years 1-2,540,End Date is text '15/03/2028',WAF
Medium,Date stored as text,DARKSTAR OCD Years 1-2,541,End Date is text '15/03/2028',GitLab
Medium,Date stored as text,DARKSTAR OCD Years 1-2,542,End Date is text '15/03/2028',Ansible Deployment Container
Medium,Date stored as text,DARKSTAR OCD Years 1-2,543,End Date is text '15/03/2028',Kubernetes Deployment Boxes
Medium,Date stored as text,DARKSTAR OCD Years 1-2,544,End Date is text '15/03/2028',PostgreSQL
Medium,Date stored as text,DARKSTAR OCD Years 1-2,545,End Date is text '15/03/2028',Root CA
Medium,Date stored as text,DARKSTAR OCD Years 1-2,546,End Date is text '15/03/2028',Issuing CA
Medium,Date stored as text,DARKSTAR OCD Years 1-2,547,End Date is text '15/03/2028',Vault Issuing CA
Medium,Date stored as text,DARKSTAR OCD Years 1-2,548,End Date is text '01/03/2028',AIX TKGI/VKS
Medium,Date stored as text,DARKSTAR OCD Years 1-2,549,End Date is text '01/03/2028',CDS TKGI/VKS
Medium,Date stored as text,DARKSTAR OCD Years 1-2,551,End Date is text '15/03/2028',Windows VMs
Medium,Date stored as text,DARKSTAR OCD Years 1-2,552,End Date is text '15/03/2028',Linux VMs
Medium,Date stored as text,DARKSTAR OCD Years 1-2,553,End Date is text '15/03/2028',Active Directory
Medium,Date stored as text,DARKSTAR OCD Years 1-2,554,End Date is text '15/03/2028',ADFS
Medium,Date stored as text,DARKSTAR OCD Years 1-2,555,End Date is text '15/03/2028',Beyond Trust
Medium,Date stored as text,DARKSTAR OCD Years 1-2,556,End Date is text '15/03/2028',Tenable
Medium,Date stored as text,DARKSTAR OCD Years 1-2,557,End Date is text '15/03/2028',Elastic Stack
Medium,Date stored as text,DARKSTAR OCD Years 1-2,558,End Date is text '15/03/2028',Impex EUD
Medium,Date stored as text,DARKSTAR OCD Years 1-2,559,End Date is text '15/03/2028',Vault
Medium,Date stored as text,DARKSTAR OCD Years 1-2,560,End Date is text '15/03/2028',Keycloak
Medium,Date stored as text,DARKSTAR OCD Years 1-2,561,End Date is text '15/03/2028',WAF
Medium,Date stored as text,DARKSTAR OCD Years 1-2,562,End Date is text '15/03/2028',GitLab
Medium,Date stored as text,DARKSTAR OCD Years 1-2,563,End Date is text '15/03/2028',Ansible Deployment Container
Medium,Date stored as text,DARKSTAR OCD Years 1-2,564,End Date is text '15/03/2028',Kubernetes Deployment Boxes
Medium,Date stored as text,DARKSTAR OCD Years 1-2,565,End Date is text '15/03/2028',PostgreSQL
Medium,Date stored as text,DARKSTAR OCD Years 1-2,566,End Date is text '15/03/2028',Root CA
Medium,Date stored as text,DARKSTAR OCD Years 1-2,567,End Date is text '15/03/2028',Issuing CA
Medium,Date stored as text,DARKSTAR OCD Years 1-2,568,End Date is text '15/03/2028',Vault Issuing CA
Medium,Date stored as text,DARKSTAR OCD Years 1-2,569,End Date is text '01/03/2028',AIX TKGI/VKS
Medium,Date stored as text,DARKSTAR OCD Years 1-2,570,End Date is text '01/03/2028',CDS TKGI/VKS
Medium,Date stored as text,DARKSTAR OCD Years 1-2,572,End Date is text '15/03/2028',Windows VMs
Medium,Date stored as text,DARKSTAR OCD Years 1-2,573,End Date is text '15/03/2028',Linux VMs
Medium,Date stored as text,DARKSTAR OCD Years 1-2,574,End Date is text '15/03/2028',Active Directory
Medium,Date stored as text,DARKSTAR OCD Years 1-2,575,End Date is text '15/03/2028',ADFS
Medium,Date stored as text,DARKSTAR OCD Years 1-2,576,End Date is text '15/03/2028',Beyond Trust
Medium,Date stored as text,DARKSTAR OCD Years 1-2,577,End Date is text '15/03/2028',Tenable
Medium,Date stored as text,DARKSTAR OCD Years 1-2,578,End Date is text '15/03/2028',Elastic Stack
Medium,Date stored as text,DARKSTAR OCD Years 1-2,579,End Date is text '15/03/2028',Impex EUD
Medium,Date stored as text,DARKSTAR OCD Years 1-2,580,End Date is text '15/03/2028',Vault
Medium,Date stored as text,DARKSTAR OCD Years 1-2,581,End Date is text '15/03/2028',Keycloak
Medium,Date stored as text,DARKSTAR OCD Years 1-2,582,End Date is text '15/03/2028',WAF
Medium,Date stored as text,DARKSTAR OCD Years 1-2,583,End Date is text '15/03/2028',GitLab
Medium,Date stored as text,DARKSTAR OCD Years 1-2,584,End Date is text '15/03/2028',Ansible Deployment Container
Medium,Date stored as text,DARKSTAR OCD Years 1-2,585,End Date is text '15/03/2028',Kubernetes Deployment Boxes
Medium,Date stored as text,DARKSTAR OCD Years 1-2,586,End Date is text '15/03/2028',PostgreSQL
Medium,Date stored as text,DARKSTAR OCD Years 1-2,587,End Date is text '15/03/2028',Root CA
Medium,Date stored as text,DARKSTAR OCD Years 1-2,588,End Date is text '15/03/2028',Issuing CA
Medium,Date stored as text,DARKSTAR OCD Years 1-2,589,End Date is text '15/03/2028',Vault Issuing CA
Medium,Date stored as text,DARKSTAR OCD Years 1-2,590,End Date is text '01/03/2028',AIX TKGI/VKS
Medium,Date stored as text,DARKSTAR OCD Years 1-2,591,End Date is text '01/03/2028',CDS TKGI/VKS
Medium,Date stored as text,DLZ Years 1-5,14,End Date is text '15/03/2027',Monitoring & Event Management
Medium,Date stored as text,Governance Years 1-5,4,End Date is text '15/03/2027',Overview & Delivery Assurance
Medium,Date stored as text,Governance Years 1-5,5,End Date is text '01/03/2027',Stakeholder Engagement
Medium,Date stored as text,Governance Years 1-5,6,End Date is text '01/03/2027',Policy Compliance
Medium,Date stored as text,Governance Years 1-5,7,End Date is text '01/03/2027',RAIDO Escalation and Management
Medium,Date stored as text,Governance Years 1-5,8,End Date is text '01/03/2027',QDC Reporting 
Medium,Date stored as text,Governance Years 1-5,9,End Date is text '01/03/2027',SRR Compliance Support 
Medium,Date stored as text,Governance Years 1-5,10,End Date is text '01/03/2027',Deliverable & Milestone Acceptance Management 
Medium,Date stored as text,Governance Years 1-5,11,End Date is text '01/03/2027',SLT Engagement
Medium,Date stored as text,Governance Years 1-5,12,End Date is text '01/03/2027',Service Governance
Medium,Date stored as text,Governance Years 1-5,14,End Date is text '01/10/2026',Project Charter
Medium,Date stored as text,Governance Years 1-5,15,End Date is text '01/10/2026',PMP
Medium,Date stored as text,Governance Years 1-5,16,End Date is text '01/10/2026',Statement of Work 
Medium,Date stored as text,Governance Years 1-5,17,End Date is text '01/10/2026',Statement of Requirements
Medium,Date stored as text,Governance Years 1-5,18,End Date is text '01/10/2026',WBS baseline
Medium,Date stored as text,Governance Years 1-5,19,End Date is text '01/10/2026',WBS Dictionary 
Medium,Date stored as text,Governance Years 1-5,20,End Date is text '01/10/2026',Baseline creation
Medium,Date stored as text,Governance Years 1-5,21,End Date is text '01/10/2026',Compliance Obligation Register
Medium,Date stored as text,Governance Years 1-5,22,End Date is text '01/03/2027',Project Charter
Medium,Date stored as text,Governance Years 1-5,23,End Date is text '01/03/2027',PMP review & revisions
Medium,Date stored as text,Governance Years 1-5,24,End Date is text '01/03/2027',Statement of Work review & revisions
Medium,Date stored as text,Governance Years 1-5,25,End Date is text '01/03/2027',Statement of Requirements review & revisions
Medium,Date stored as text,Governance Years 1-5,26,End Date is text '01/03/2027',WBS baseline review & revisions
Medium,Date stored as text,Governance Years 1-5,27,End Date is text '01/03/2027',WBS Dictionary review & revisions
Medium,Date stored as text,Governance Years 1-5,28,End Date is text '01/03/2027',Baseline tracking & actions
Medium,Date stored as text,Governance Years 1-5,29,End Date is text '01/03/2027',Compliance Obligation Register review updates & revisions
Medium,Date stored as text,Governance Years 1-5,31,End Date is text '01/10/2026',Equipment DLOD WG
Medium,Date stored as text,Governance Years 1-5,32,End Date is text '01/10/2026',Capability Integration WG
Medium,Date stored as text,Governance Years 1-5,33,End Date is text '01/10/2026',Information DLOD WG
Medium,Date stored as text,Governance Years 1-5,34,End Date is text '01/10/2026',Programme WG
Medium,Date stored as text,Governance Years 1-5,35,End Date is text '01/10/2026',Programme Board
Medium,Date stored as text,Governance Years 1-5,36,End Date is text '01/03/2027',Security WG
Medium,Date stored as text,Governance Years 1-5,37,End Date is text '01/10/2026',Safety WG
Medium,Date stored as text,Governance Years 1-5,38,End Date is text '01/03/2027',TDA
Medium,Date stored as text,Governance Years 1-5,39,End Date is text '01/10/2026',Contract Commencement
Medium,Date stored as text,Governance Years 1-5,41,End Date is text '01/10/2026',DD SMP Integration Plan
Medium,Date stored as text,Governance Years 1-5,42,End Date is text '01/10/2026',Quality & Service Management Plan
Medium,Date stored as text,Governance Years 1-5,43,End Date is text '01/10/2026',Continual Service Improvement Plan
Medium,Date stored as text,Governance Years 1-5,44,End Date is text '01/10/2026',Safety & Environmental Management Plan
Medium,Date stored as text,Governance Years 1-5,45,End Date is text '01/10/2026',Safety & Environmental Case Report
Medium,Date stored as text,Governance Years 1-5,46,End Date is text '01/10/2026',Consolidated Service Management Plan
Medium,Date stored as text,Governance Years 1-5,47,End Date is text '01/10/2026',AIP & Containerisation Compliance Report
Medium,Date stored as text,Governance Years 1-5,48,End Date is text '01/10/2026',SoW Completion Report
Medium,Date stored as text,Governance Years 1-5,49,End Date is text '01/10/2026',Resource Utilisation report
Medium,Date stored as text,Governance Years 1-5,50,End Date is text '01/10/2026',Account List
Medium,Date stored as text,Governance Years 1-5,51,End Date is text '01/10/2026',HLD
Medium,Date stored as text,Governance Years 1-5,52,End Date is text '01/10/2026',LLD
Medium,Date stored as text,Governance Years 1-5,54,End Date is text '01/10/2026',DD SMP Integration Plan
Medium,Date stored as text,Governance Years 1-5,55,End Date is text '01/10/2026',Quality & Service Management Plan
Medium,Date stored as text,Governance Years 1-5,56,End Date is text '01/10/2026',Continual Service Improvement Plan
Medium,Date stored as text,Governance Years 1-5,57,End Date is text '01/10/2026',Safety & Environmental Management Plan
Medium,Date stored as text,Governance Years 1-5,58,End Date is text '01/10/2026',Safety & Environmental Case Report
Medium,Date stored as text,Governance Years 1-5,59,End Date is text '01/10/2026',Consolidated Service Management Plan
Medium,Date stored as text,Governance Years 1-5,60,End Date is text '01/10/2026',AIP & Containerisation Compliance Report
Medium,Date stored as text,Governance Years 1-5,61,End Date is text '01/10/2026',SoW Completion Report
Medium,Date stored as text,Governance Years 1-5,62,End Date is text '01/10/2026',Resource Utilisation report
Medium,Date stored as text,Governance Years 1-5,63,End Date is text '01/10/2026',Account List
Medium,Date stored as text,Governance Years 1-5,64,End Date is text '01/10/2026',HLD
Medium,Date stored as text,Governance Years 1-5,65,End Date is text '01/10/2026',LLD
Medium,Date stored as text,Governance Years 1-5,67,End Date is text '01/10/2026',Execution Gate
Medium,Date stored as text,Governance Years 1-5,68,End Date is text '01/10/2026',ITSM Tooling Configuration
Medium,Date stored as text,Governance Years 1-5,69,End Date is text '01/10/2026',WBS Booking Code Creation
Medium,Date stored as text,Governance Years 1-5,70,End Date is text '01/10/2026',Delivery Team Setup & Working Briefs
Medium,Date stored as text,Governance Years 1-5,72,End Date is text '01/10/2026',Internal Design Review (Line 1)
Medium,Date stored as text,Governance Years 1-5,73,End Date is text '01/10/2026',Internal Design Review (Line 2)
Medium,Date stored as text,Governance Years 1-5,74,End Date is text '01/10/2026',Internal Service Gate (Line 1)
Medium,Date stored as text,Governance Years 1-5,75,End Date is text '01/10/2026',Internal Service Gate (Line 2)
Medium,Date stored as text,Governance Years 1-5,76,End Date is text '15/03/2027',Internal Governance Review
Medium,Date stored as text,Governance Years 1-5,77,End Date is text '28/03/2027',Internal Weekly Project Reporting
Medium,Date stored as text,Governance Years 1-5,78,End Date is text '01/10/2026',Project Management Audit
Medium,Date stored as text,Governance Years 1-5,80,End Date is text '28/03/2027',RAIDO Maintenance
Medium,Date stored as text,Governance Years 1-5,81,End Date is text '15/03/2027',Dependency & GFX tracking
Medium,Date stored as text,Governance Years 1-5,82,End Date is text '28/03/2027',"Resource Forecasting, Availability & Utilisation"
Medium,Date stored as text,Governance Years 1-5,83,End Date is text '28/03/2027',Versioning & Document Management
Medium,Date stored as text,Governance Years 1-5,84,End Date is text '28/03/2027',Audit & Record Retention
Medium,Date stored as text,Governance Years 1-5,85,End Date is text '15/03/2027',Onboarding/Offboarding
Medium,Date stored as text,Governance Years 1-5,86,End Date is text '28/03/2027',Governance & Reporting Updates
Medium,Date stored as text,Governance Years 1-5,88,End Date is text '31/03/2027',Financial Tracking & Forecasting
Medium,Date stored as text,Governance Years 1-5,89,End Date is text '01/03/2027',QDC  & SCCR Assurance 
Medium,Date stored as text,Governance Years 1-5,90,End Date is text '01/03/2027',Finance Board
Medium,Date stored as text,Governance Years 1-5,91,End Date is text '01/03/2027',DEFCON Compliance & Reporting
Medium,Date stored as text,Governance Years 1-5,93,End Date is text '01/03/2027',Contract Compliance Tracking
Medium,Date stored as text,Governance Years 1-5,94,End Date is text '01/10/2026',Contract Change Control
Medium,Date stored as text,Governance Years 1-5,95,End Date is text '01/10/2026',Mobilisation
Medium,Date stored as text,Governance Years 1-5,96,End Date is text '01/10/2026',Milestone Management
Medium,Date stored as text,Governance Years 1-5,97,End Date is text '01/10/2026',Underpinning Contracts
Medium,Date stored as text,Governance Years 1-5,98,End Date is text '01/10/2026',Procurement
Medium,Date stored as text,Governance Years 1-5,99,End Date is text '01/10/2026',Supply Chain & Supplier Performance
Medium,Date stored as text,Governance Years 1-5,101,End Date is text '01/03/2027',Interface Management
Medium,Date stored as text,Governance Years 1-5,102,End Date is text '01/03/2027',Supplier Management
Medium,Date stored as text,Governance Years 1-5,103,End Date is text '01/10/2026',OLA Implementation
Medium,Date stored as text,Governance Years 1-5,104,End Date is text '01/03/2027',OLA Review
Medium,Date stored as text,Governance Years 1-5,106,End Date is text '01/03/2027',Backup Management & Validation
Medium,Date stored as text,Governance Years 1-5,107,End Date is text '01/10/2026',Design Resilience
Medium,Date stored as text,Governance Years 1-5,109,End Date is text '01/10/2026',Internal Audit
Medium,Date stored as text,Governance Years 1-5,110,End Date is text '01/03/2027',Lessons Learned & Retrospectives
Medium,Date stored as text,Governance Years 1-5,111,End Date is text '01/03/2027',End-to-end Quality Assurance
Medium,Date stored as text,Governance Years 1-5,113,End Date is text '01/03/2027',Estate Management
Medium,Date stored as text,Governance Years 1-5,114,End Date is text '01/03/2027',Space Planning
Medium,Date stored as text,Governance Years 1-5,117,End Date is text '15/03/2028',Overview & Delivery Assurance
Medium,Date stored as text,Governance Years 1-5,118,End Date is text '01/03/2028',Stakeholder Engagement
Medium,Date stored as text,Governance Years 1-5,119,End Date is text '01/03/2028',Policy Compliance
Medium,Date stored as text,Governance Years 1-5,120,End Date is text '01/03/2028',RAIDO Escalation and Management
Medium,Date stored as text,Governance Years 1-5,121,End Date is text '01/03/2028',QDC Reporting 
Medium,Date stored as text,Governance Years 1-5,122,End Date is text '01/03/2028',SRR Compliance Support 
Medium,Date stored as text,Governance Years 1-5,123,End Date is text '01/03/2028',Deliverable & Milestone Acceptance Management 
Medium,Date stored as text,Governance Years 1-5,124,End Date is text '01/03/2028',SLT Engagement
Medium,Date stored as text,Governance Years 1-5,125,End Date is text '01/03/2028',Service Governance
Medium,Date stored as text,Governance Years 1-5,127,End Date is text '01/03/2028',Project Charter
Medium,Date stored as text,Governance Years 1-5,128,End Date is text '01/03/2028',PMP review & revisions
Medium,Date stored as text,Governance Years 1-5,129,End Date is text '01/03/2028',Statement of Work review & revisions
Medium,Date stored as text,Governance Years 1-5,130,End Date is text '01/03/2028',Statement of Requirements review & revisions
Medium,Date stored as text,Governance Years 1-5,131,End Date is text '01/03/2028',WBS baseline review & revisions
Medium,Date stored as text,Governance Years 1-5,132,End Date is text '01/03/2028',WBS Dictionary review & revisions
Medium,Date stored as text,Governance Years 1-5,133,End Date is text '01/03/2028',Baseline tracking & actions
Medium,Date stored as text,Governance Years 1-5,134,End Date is text '01/03/2028',Compliance Obligation Register review updates & revisions
Medium,Date stored as text,Governance Years 1-5,136,End Date is text '01/01/2028',Equipment DLOD WG
Medium,Date stored as text,Governance Years 1-5,137,End Date is text '01/01/2028',Capability Integration WG
Medium,Date stored as text,Governance Years 1-5,138,End Date is text '01/01/2028',Information DLOD WG
Medium,Date stored as text,Governance Years 1-5,139,End Date is text '01/01/2028',Programme WG
Medium,Date stored as text,Governance Years 1-5,140,End Date is text '01/01/2028',Programme Board
Medium,Date stored as text,Governance Years 1-5,141,End Date is text '01/03/2028',Security WG
Medium,Date stored as text,Governance Years 1-5,142,End Date is text '01/01/2028',Safety WG
Medium,Date stored as text,Governance Years 1-5,143,End Date is text '01/03/2028',TDA
Medium,Date stored as text,Governance Years 1-5,145,End Date is text '01/01/2028',DD SMP Integration Plan
Medium,Date stored as text,Governance Years 1-5,146,End Date is text '01/01/2028',Quality & Service Management Plan
Medium,Date stored as text,Governance Years 1-5,147,End Date is text '01/01/2028',Continual Service Improvement Plan
Medium,Date stored as text,Governance Years 1-5,148,End Date is text '01/01/2028',Safety & Environmental Management Plan
Medium,Date stored as text,Governance Years 1-5,149,End Date is text '01/01/2028',Safety & Environmental Case Report
Medium,Date stored as text,Governance Years 1-5,150,End Date is text '01/01/2028',Consolidated Service Management Plan
Medium,Date stored as text,Governance Years 1-5,151,End Date is text '01/01/2028',AIP & Containerisation Compliance Report
Medium,Date stored as text,Governance Years 1-5,152,End Date is text '01/01/2028',SoW Completion Report
Medium,Date stored as text,Governance Years 1-5,153,End Date is text '01/01/2028',Resource Utilisation report
Medium,Date stored as text,Governance Years 1-5,154,End Date is text '01/01/2028',Account List
Medium,Date stored as text,Governance Years 1-5,155,End Date is text '01/01/2028',HLD
Medium,Date stored as text,Governance Years 1-5,156,End Date is text '01/01/2028',LLD
Medium,Date stored as text,Governance Years 1-5,158,End Date is text '15/03/2028',Internal Governance Review
Medium,Date stored as text,Governance Years 1-5,159,End Date is text '28/03/2028',Internal Weekly Project Reporting
Medium,Date stored as text,Governance Years 1-5,160,End Date is text '01/01/2028',Project Management Audit
Medium,Date stored as text,Governance Years 1-5,162,End Date is text '28/03/2028',RAIDO Maintenance
Medium,Date stored as text,Governance Years 1-5,163,End Date is text '15/03/2028',Dependency & GFX tracking
Medium,Date stored as text,Governance Years 1-5,164,End Date is text '28/03/2028',"Resource Forecasting, Availability & Utilisation"
Medium,Date stored as text,Governance Years 1-5,165,End Date is text '28/03/2028',Versioning & Document Management
Medium,Date stored as text,Governance Years 1-5,166,End Date is text '28/03/2028',Audit & Record Retention
Medium,Date stored as text,Governance Years 1-5,167,End Date is text '15/03/2028',Onboarding/Offboarding
Medium,Date stored as text,Governance Years 1-5,168,End Date is text '28/03/2028',Governance & Reporting Updates
Medium,Date stored as text,Governance Years 1-5,170,End Date is text '31/03/2028',Financial Tracking & Forecasting
Medium,Date stored as text,Governance Years 1-5,171,End Date is text '01/03/2028',QDC  & SCCR Assurance 
Medium,Date stored as text,Governance Years 1-5,172,End Date is text '01/03/2028',Finance Board
Medium,Date stored as text,Governance Years 1-5,173,End Date is text '01/03/2028',DEFCON Compliance & Reporting
Medium,Date stored as text,Governance Years 1-5,175,End Date is text '01/03/2028',Contract Compliance Tracking
Medium,Date stored as text,Governance Years 1-5,176,End Date is text '01/01/2028',Contract Change Control
Medium,Date stored as text,Governance Years 1-5,177,End Date is text '01/10/2027',Milestone Management
Medium,Date stored as text,Governance Years 1-5,178,End Date is text '01/10/2027',Underpinning Contracts
Medium,Date stored as text,Governance Years 1-5,179,End Date is text '01/01/2028',Procurement
Medium,Date stored as text,Governance Years 1-5,180,End Date is text '01/01/2028',Supply Chain & Supplier Performance
Medium,Date stored as text,Governance Years 1-5,182,End Date is text '01/03/2028',Interface Management
Medium,Date stored as text,Governance Years 1-5,183,End Date is text '01/03/2028',Supplier Management
Medium,Date stored as text,Governance Years 1-5,184,End Date is text '01/03/2028',OLA Review
Medium,Date stored as text,Governance Years 1-5,186,End Date is text '01/03/2028',Backup Management & Validation
Medium,Date stored as text,Governance Years 1-5,187,End Date is text '01/10/2027',Design Resilience
Medium,Date stored as text,Governance Years 1-5,189,End Date is text '01/10/2027',Internal Audit
Medium,Date stored as text,Governance Years 1-5,190,End Date is text '01/03/2028',Lessons Learned & Retrospectives
Medium,Date stored as text,Governance Years 1-5,191,End Date is text '01/03/2028',End-to-end Quality Assurance
Medium,Date stored as text,Governance Years 1-5,193,End Date is text '01/03/2028',Estate Management
Medium,Date stored as text,Governance Years 1-5,194,End Date is text '01/03/2028',Space Planning
Medium,Date stored as text,Governance Years 1-5,197,End Date is text '15/03/2029',Overview & Delivery Assurance
Medium,Date stored as text,Governance Years 1-5,198,End Date is text '01/03/2029',Stakeholder Engagement
Medium,Date stored as text,Governance Years 1-5,199,End Date is text '01/03/2029',Policy Compliance
Medium,Date stored as text,Governance Years 1-5,200,End Date is text '01/03/2029',RAIDO Escalation and Management
Medium,Date stored as text,Governance Years 1-5,201,End Date is text '01/03/2029',QDC Reporting 
Medium,Date stored as text,Governance Years 1-5,202,End Date is text '01/03/2029',SRR Compliance Support 
Medium,Date stored as text,Governance Years 1-5,203,End Date is text '01/03/2029',Deliverable & Milestone Acceptance Management 
Medium,Date stored as text,Governance Years 1-5,204,End Date is text '01/03/2029',SLT Engagement
Medium,Date stored as text,Governance Years 1-5,205,End Date is text '01/03/2029',Service Governance
Medium,Date stored as text,Governance Years 1-5,207,End Date is text '01/03/2029',Project Charter
Medium,Date stored as text,Governance Years 1-5,208,End Date is text '01/03/2029',PMP review & revisions
Medium,Date stored as text,Governance Years 1-5,209,End Date is text '01/03/2029',Statement of Work review & revisions
Medium,Date stored as text,Governance Years 1-5,210,End Date is text '01/03/2029',Statement of Requirements review & revisions
Medium,Date stored as text,Governance Years 1-5,211,End Date is text '01/03/2029',WBS baseline review & revisions
Medium,Date stored as text,Governance Years 1-5,212,End Date is text '01/03/2029',WBS Dictionary review & revisions
Medium,Date stored as text,Governance Years 1-5,213,End Date is text '01/03/2029',Baseline tracking & actions
Medium,Date stored as text,Governance Years 1-5,214,End Date is text '01/03/2029',Compliance Obligation Register review updates & revisions
Medium,Date stored as text,Governance Years 1-5,216,End Date is text '01/01/2029',Equipment DLOD WG
Medium,Date stored as text,Governance Years 1-5,217,End Date is text '01/01/2029',Capability Integration WG
Medium,Date stored as text,Governance Years 1-5,218,End Date is text '01/01/2029',Information DLOD WG
Medium,Date stored as text,Governance Years 1-5,219,End Date is text '01/01/2029',Programme WG
Medium,Date stored as text,Governance Years 1-5,220,End Date is text '01/01/2029',Programme Board
Medium,Date stored as text,Governance Years 1-5,221,End Date is text '01/03/2029',Security WG
Medium,Date stored as text,Governance Years 1-5,222,End Date is text '01/01/2029',Safety WG
Medium,Date stored as text,Governance Years 1-5,223,End Date is text '01/03/2029',TDA
Medium,Date stored as text,Governance Years 1-5,225,End Date is text '01/01/2029',DD SMP Integration Plan
Medium,Date stored as text,Governance Years 1-5,226,End Date is text '01/01/2029',Quality & Service Management Plan
Medium,Date stored as text,Governance Years 1-5,227,End Date is text '01/01/2029',Continual Service Improvement Plan
Medium,Date stored as text,Governance Years 1-5,228,End Date is text '01/01/2029',Safety & Environmental Management Plan
Medium,Date stored as text,Governance Years 1-5,229,End Date is text '01/01/2029',Safety & Environmental Case Report
Medium,Date stored as text,Governance Years 1-5,230,End Date is text '01/01/2029',Consolidated Service Management Plan
Medium,Date stored as text,Governance Years 1-5,231,End Date is text '01/01/2029',AIP & Containerisation Compliance Report
Medium,Date stored as text,Governance Years 1-5,232,End Date is text '01/01/2029',SoW Completion Report
Medium,Date stored as text,Governance Years 1-5,233,End Date is text '01/01/2029',Resource Utilisation report
Medium,Date stored as text,Governance Years 1-5,234,End Date is text '01/01/2029',Account List
Medium,Date stored as text,Governance Years 1-5,235,End Date is text '01/01/2029',HLD
Medium,Date stored as text,Governance Years 1-5,236,End Date is text '01/01/2029',LLD
Medium,Date stored as text,Governance Years 1-5,238,End Date is text '15/03/2029',Internal Governance Review
Medium,Date stored as text,Governance Years 1-5,239,End Date is text '28/03/2029',Internal Weekly Project Reporting
Medium,Date stored as text,Governance Years 1-5,240,End Date is text '01/01/2029',Project Management Audit
Medium,Date stored as text,Governance Years 1-5,242,End Date is text '28/03/2029',RAIDO Maintenance
Medium,Date stored as text,Governance Years 1-5,243,End Date is text '15/03/2029',Dependency & GFX tracking
Medium,Date stored as text,Governance Years 1-5,244,End Date is text '28/03/2029',"Resource Forecasting, Availability & Utilisation"
Medium,Date stored as text,Governance Years 1-5,245,End Date is text '28/03/2029',Versioning & Document Management
Medium,Date stored as text,Governance Years 1-5,246,End Date is text '28/03/2029',Audit & Record Retention
Medium,Date stored as text,Governance Years 1-5,247,End Date is text '15/03/2029',Onboarding/Offboarding
Medium,Date stored as text,Governance Years 1-5,248,End Date is text '28/03/2029',Governance & Reporting Updates
Medium,Date stored as text,Governance Years 1-5,250,End Date is text '31/03/2029',Financial Tracking & Forecasting
Medium,Date stored as text,Governance Years 1-5,251,End Date is text '01/03/2029',QDC  & SCCR Assurance 
Medium,Date stored as text,Governance Years 1-5,252,End Date is text '01/03/2029',Finance Board
Medium,Date stored as text,Governance Years 1-5,253,End Date is text '01/03/2029',DEFCON Compliance & Reporting
Medium,Date stored as text,Governance Years 1-5,255,End Date is text '01/03/2029',Contract Compliance Tracking
Medium,Date stored as text,Governance Years 1-5,256,End Date is text '01/01/2029',Contract Change Control
Medium,Date stored as text,Governance Years 1-5,257,End Date is text '01/10/2028',Milestone Management
Medium,Date stored as text,Governance Years 1-5,258,End Date is text '01/10/2028',Underpinning Contracts
Medium,Date stored as text,Governance Years 1-5,259,End Date is text '01/01/2029',Procurement
Medium,Date stored as text,Governance Years 1-5,260,End Date is text '01/01/2029',Supply Chain & Supplier Performance
Medium,Date stored as text,Governance Years 1-5,262,End Date is text '01/03/2029',Interface Management
Medium,Date stored as text,Governance Years 1-5,263,End Date is text '01/03/2029',Supplier Management
Medium,Date stored as text,Governance Years 1-5,264,End Date is text '01/03/2029',OLA Review
Medium,Date stored as text,Governance Years 1-5,266,End Date is text '01/03/2029',Backup Management & Validation
Medium,Date stored as text,Governance Years 1-5,267,End Date is text '01/10/2028',Design Resilience
Medium,Date stored as text,Governance Years 1-5,269,End Date is text '01/10/2028',Internal Audit
Medium,Date stored as text,Governance Years 1-5,270,End Date is text '01/03/2029',Lessons Learned & Retrospectives
Medium,Date stored as text,Governance Years 1-5,271,End Date is text '01/03/2029',End-to-end Quality Assurance
Medium,Date stored as text,Governance Years 1-5,273,End Date is text '01/03/2029',Estate Management
Medium,Date stored as text,Governance Years 1-5,274,End Date is text '01/03/2029',Space Planning
Medium,Date stored as text,Governance Years 1-5,277,End Date is text '15/03/2030',Overview & Delivery Assurance
Medium,Date stored as text,Governance Years 1-5,278,End Date is text '01/03/2030',Stakeholder Engagement
Medium,Date stored as text,Governance Years 1-5,279,End Date is text '01/03/2030',Policy Compliance
Medium,Date stored as text,Governance Years 1-5,280,End Date is text '01/03/2030',RAIDO Escalation and Management
Medium,Date stored as text,Governance Years 1-5,281,End Date is text '01/03/2030',QDC Reporting 
Medium,Date stored as text,Governance Years 1-5,282,End Date is text '01/03/2030',SRR Compliance Support 
Medium,Date stored as text,Governance Years 1-5,283,End Date is text '01/03/2030',Deliverable & Milestone Acceptance Management 
Medium,Date stored as text,Governance Years 1-5,284,End Date is text '01/03/2030',SLT Engagement
Medium,Date stored as text,Governance Years 1-5,285,End Date is text '01/03/2030',Service Governance
Medium,Date stored as text,Governance Years 1-5,287,End Date is text '01/03/2030',Project Charter
Medium,Date stored as text,Governance Years 1-5,288,End Date is text '01/03/2030',PMP review & revisions
Medium,Date stored as text,Governance Years 1-5,289,End Date is text '01/03/2030',Statement of Work review & revisions
Medium,Date stored as text,Governance Years 1-5,290,End Date is text '01/03/2030',Statement of Requirements review & revisions
Medium,Date stored as text,Governance Years 1-5,291,End Date is text '01/03/2030',WBS baseline review & revisions
Medium,Date stored as text,Governance Years 1-5,292,End Date is text '01/03/2030',WBS Dictionary review & revisions
Medium,Date stored as text,Governance Years 1-5,293,End Date is text '01/03/2030',Baseline tracking & actions
Medium,Date stored as text,Governance Years 1-5,294,End Date is text '01/03/2030',Compliance Obligation Register review updates & revisions
Medium,Date stored as text,Governance Years 1-5,296,End Date is text '01/01/2030',Equipment DLOD WG
Medium,Date stored as text,Governance Years 1-5,297,End Date is text '01/01/2030',Capability Integration WG
Medium,Date stored as text,Governance Years 1-5,298,End Date is text '01/01/2030',Information DLOD WG
Medium,Date stored as text,Governance Years 1-5,299,End Date is text '01/01/2030',Programme WG
Medium,Date stored as text,Governance Years 1-5,300,End Date is text '01/01/2030',Programme Board
Medium,Date stored as text,Governance Years 1-5,301,End Date is text '01/03/2030',Security WG
Medium,Date stored as text,Governance Years 1-5,302,End Date is text '01/01/2030',Safety WG
Medium,Date stored as text,Governance Years 1-5,303,End Date is text '01/03/2030',TDA
Medium,Date stored as text,Governance Years 1-5,305,End Date is text '01/01/2030',DD SMP Integration Plan
Medium,Date stored as text,Governance Years 1-5,306,End Date is text '01/01/2030',Quality & Service Management Plan
Medium,Date stored as text,Governance Years 1-5,307,End Date is text '01/01/2030',Continual Service Improvement Plan
Medium,Date stored as text,Governance Years 1-5,308,End Date is text '01/01/2030',Safety & Environmental Management Plan
Medium,Date stored as text,Governance Years 1-5,309,End Date is text '01/01/2030',Safety & Environmental Case Report
Medium,Date stored as text,Governance Years 1-5,310,End Date is text '01/01/2030',Consolidated Service Management Plan
Medium,Date stored as text,Governance Years 1-5,311,End Date is text '01/01/2030',AIP & Containerisation Compliance Report
Medium,Date stored as text,Governance Years 1-5,312,End Date is text '01/01/2030',SoW Completion Report
Medium,Date stored as text,Governance Years 1-5,313,End Date is text '01/01/2030',Resource Utilisation report
Medium,Date stored as text,Governance Years 1-5,314,End Date is text '01/01/2030',Account List
Medium,Date stored as text,Governance Years 1-5,315,End Date is text '01/01/2030',HLD
Medium,Date stored as text,Governance Years 1-5,316,End Date is text '01/01/2030',LLD
Medium,Date stored as text,Governance Years 1-5,318,End Date is text '15/03/2030',Internal Governance Review
Medium,Date stored as text,Governance Years 1-5,319,End Date is text '28/03/2030',Internal Weekly Project Reporting
Medium,Date stored as text,Governance Years 1-5,320,End Date is text '01/01/2030',Project Management Audit
Medium,Date stored as text,Governance Years 1-5,322,End Date is text '28/03/2030',RAIDO Maintenance
Medium,Date stored as text,Governance Years 1-5,323,End Date is text '15/03/2030',Dependency & GFX tracking
Medium,Date stored as text,Governance Years 1-5,324,End Date is text '28/03/2030',"Resource Forecasting, Availability & Utilisation"
Medium,Date stored as text,Governance Years 1-5,325,End Date is text '28/03/2030',Versioning & Document Management
Medium,Date stored as text,Governance Years 1-5,326,End Date is text '28/03/2030',Audit & Record Retention
Medium,Date stored as text,Governance Years 1-5,327,End Date is text '15/03/2030',Onboarding/Offboarding
Medium,Date stored as text,Governance Years 1-5,328,End Date is text '28/03/2030',Governance & Reporting Updates
Medium,Date stored as text,Governance Years 1-5,330,End Date is text '31/03/2030',Financial Tracking & Forecasting
Medium,Date stored as text,Governance Years 1-5,331,End Date is text '01/03/2030',QDC  & SCCR Assurance 
Medium,Date stored as text,Governance Years 1-5,332,End Date is text '01/03/2030',Finance Board
Medium,Date stored as text,Governance Years 1-5,333,End Date is text '01/03/2030',DEFCON Compliance & Reporting
Medium,Date stored as text,Governance Years 1-5,335,End Date is text '01/03/2030',Contract Compliance Tracking
Medium,Date stored as text,Governance Years 1-5,336,End Date is text '01/01/2030',Contract Change Control
Medium,Date stored as text,Governance Years 1-5,337,End Date is text '01/10/2029',Milestone Management
Medium,Date stored as text,Governance Years 1-5,338,End Date is text '01/10/2029',Underpinning Contracts
Medium,Date stored as text,Governance Years 1-5,339,End Date is text '01/01/2030',Procurement
Medium,Date stored as text,Governance Years 1-5,340,End Date is text '01/01/2030',Supply Chain & Supplier Performance
Medium,Date stored as text,Governance Years 1-5,342,End Date is text '01/03/2030',Interface Management
Medium,Date stored as text,Governance Years 1-5,343,End Date is text '01/03/2030',Supplier Management
Medium,Date stored as text,Governance Years 1-5,344,End Date is text '01/03/2030',OLA Review
Medium,Date stored as text,Governance Years 1-5,346,End Date is text '01/03/2030',Backup Management & Validation
Medium,Date stored as text,Governance Years 1-5,347,End Date is text '01/10/2029',Design Resilience
Medium,Date stored as text,Governance Years 1-5,349,End Date is text '01/10/2029',Internal Audit
Medium,Date stored as text,Governance Years 1-5,350,End Date is text '01/03/2030',Lessons Learned & Retrospectives
Medium,Date stored as text,Governance Years 1-5,351,End Date is text '01/03/2030',End-to-end Quality Assurance
Medium,Date stored as text,Governance Years 1-5,353,End Date is text '01/03/2030',Estate Management
Medium,Date stored as text,Governance Years 1-5,354,End Date is text '01/03/2030',Space Planning
Medium,Date stored as text,Governance Years 1-5,357,End Date is text '15/03/2031',Overview & Delivery Assurance
Medium,Date stored as text,Governance Years 1-5,358,End Date is text '01/03/2031',Stakeholder Engagement
Medium,Date stored as text,Governance Years 1-5,359,End Date is text '01/03/2031',Policy Compliance
Medium,Date stored as text,Governance Years 1-5,360,End Date is text '01/03/2031',RAIDO Escalation and Management
Medium,Date stored as text,Governance Years 1-5,361,End Date is text '01/03/2031',QDC Reporting 
Medium,Date stored as text,Governance Years 1-5,362,End Date is text '01/03/2031',SRR Compliance Support 
Medium,Date stored as text,Governance Years 1-5,363,End Date is text '01/03/2031',Deliverable & Milestone Acceptance Management 
Medium,Date stored as text,Governance Years 1-5,364,End Date is text '01/03/2031',SLT Engagement
Medium,Date stored as text,Governance Years 1-5,365,End Date is text '01/03/2031',Service Governance
Medium,Date stored as text,Governance Years 1-5,367,End Date is text '01/03/2031',Project Charter
Medium,Date stored as text,Governance Years 1-5,368,End Date is text '01/03/2031',PMP review & revisions
Medium,Date stored as text,Governance Years 1-5,369,End Date is text '01/03/2031',Statement of Work review & revisions
Medium,Date stored as text,Governance Years 1-5,370,End Date is text '01/03/2031',Statement of Requirements review & revisions
Medium,Date stored as text,Governance Years 1-5,371,End Date is text '01/03/2031',WBS baseline review & revisions
Medium,Date stored as text,Governance Years 1-5,372,End Date is text '01/03/2031',WBS Dictionary review & revisions
Medium,Date stored as text,Governance Years 1-5,373,End Date is text '01/03/2031',Baseline tracking & actions
Medium,Date stored as text,Governance Years 1-5,374,End Date is text '01/03/2031',Compliance Obligation Register review updates & revisions
Medium,Date stored as text,Governance Years 1-5,376,End Date is text '01/04/2030',Exit / Transition Management plan (outlines approach NOT cost of doing - costs and agreed actions are RFC/CC)
Medium,Date stored as text,Governance Years 1-5,377,End Date is text '01/04/2030',Initiation brief / meeting with Authority
Medium,Date stored as text,Governance Years 1-5,379,End Date is text '01/01/2031',Equipment DLOD WG
Medium,Date stored as text,Governance Years 1-5,380,End Date is text '01/01/2031',Capability Integration WG
Medium,Date stored as text,Governance Years 1-5,381,End Date is text '01/01/2031',Information DLOD WG
Medium,Date stored as text,Governance Years 1-5,382,End Date is text '01/01/2031',Programme WG
Medium,Date stored as text,Governance Years 1-5,383,End Date is text '01/01/2031',Programme Board
Medium,Date stored as text,Governance Years 1-5,384,End Date is text '01/03/2031',Security WG
Medium,Date stored as text,Governance Years 1-5,385,End Date is text '01/01/2031',Safety WG
Medium,Date stored as text,Governance Years 1-5,386,End Date is text '01/03/2031',TDA
Medium,Date stored as text,Governance Years 1-5,388,End Date is text '01/01/2031',DD SMP Integration Plan
Medium,Date stored as text,Governance Years 1-5,389,End Date is text '01/01/2031',Quality & Service Management Plan
Medium,Date stored as text,Governance Years 1-5,390,End Date is text '01/01/2031',Continual Service Improvement Plan
Medium,Date stored as text,Governance Years 1-5,391,End Date is text '01/01/2031',Safety & Environmental Management Plan
Medium,Date stored as text,Governance Years 1-5,392,End Date is text '01/01/2031',Safety & Environmental Case Report
Medium,Date stored as text,Governance Years 1-5,393,End Date is text '01/01/2031',Consolidated Service Management Plan
Medium,Date stored as text,Governance Years 1-5,394,End Date is text '01/01/2031',AIP & Containerisation Compliance Report
Medium,Date stored as text,Governance Years 1-5,395,End Date is text '01/01/2031',SoW Completion Report
Medium,Date stored as text,Governance Years 1-5,396,End Date is text '01/01/2031',Resource Utilisation report
Medium,Date stored as text,Governance Years 1-5,397,End Date is text '01/01/2031',Account List
Medium,Date stored as text,Governance Years 1-5,398,End Date is text '01/01/2031',HLD
Medium,Date stored as text,Governance Years 1-5,399,End Date is text '01/01/2031',LLD
Medium,Date stored as text,Governance Years 1-5,401,End Date is text '15/03/2031',Internal Governance Review
Medium,Date stored as text,Governance Years 1-5,402,End Date is text '28/03/2031',Internal Weekly Project Reporting
Medium,Date stored as text,Governance Years 1-5,403,End Date is text '01/01/2031',Project Management Audit
Medium,Date stored as text,Governance Years 1-5,405,End Date is text '28/03/2031',RAIDO Maintenance
Medium,Date stored as text,Governance Years 1-5,406,End Date is text '15/03/2031',Dependency & GFX tracking
Medium,Date stored as text,Governance Years 1-5,407,End Date is text '28/03/2031',"Resource Forecasting, Availability & Utilisation"
Medium,Date stored as text,Governance Years 1-5,408,End Date is text '28/03/2031',Versioning & Document Management
Medium,Date stored as text,Governance Years 1-5,409,End Date is text '28/03/2031',Audit & Record Retention
Medium,Date stored as text,Governance Years 1-5,410,End Date is text '15/03/2031',Onboarding/Offboarding
Medium,Date stored as text,Governance Years 1-5,411,End Date is text '28/03/2031',Governance & Reporting Updates
Medium,Date stored as text,Governance Years 1-5,413,End Date is text '31/03/2031',Financial Tracking & Forecasting
Medium,Date stored as text,Governance Years 1-5,414,End Date is text '01/03/2031',QDC  & SCCR Assurance 
Medium,Date stored as text,Governance Years 1-5,415,End Date is text '01/03/2031',Finance Board
Medium,Date stored as text,Governance Years 1-5,416,End Date is text '01/03/2031',DEFCON Compliance & Reporting
Medium,Date stored as text,Governance Years 1-5,418,End Date is text '01/03/2031',Contract Compliance Tracking
Medium,Date stored as text,Governance Years 1-5,419,End Date is text '01/01/2031',Contract Change Control
Medium,Date stored as text,Governance Years 1-5,420,End Date is text '01/10/2030',Milestone Management
Medium,Date stored as text,Governance Years 1-5,421,End Date is text '01/10/2030',Underpinning Contracts
Medium,Date stored as text,Governance Years 1-5,422,End Date is text '01/01/2031',Procurement
Medium,Date stored as text,Governance Years 1-5,423,End Date is text '01/01/2031',Supply Chain & Supplier Performance
Medium,Date stored as text,Governance Years 1-5,424,End Date is text '01/04/2030',Exit Management
Medium,Date stored as text,Governance Years 1-5,426,End Date is text '01/03/2031',Interface Management
Medium,Date stored as text,Governance Years 1-5,427,End Date is text '01/03/2031',Supplier Management
Medium,Date stored as text,Governance Years 1-5,428,End Date is text '01/03/2031',OLA Review
Medium,Date stored as text,Governance Years 1-5,430,End Date is text '01/03/2031',Backup Management & Validation
Medium,Date stored as text,Governance Years 1-5,431,End Date is text '01/10/2030',Design Resilience
Medium,Date stored as text,Governance Years 1-5,433,End Date is text '01/10/2030',Internal Audit
Medium,Date stored as text,Governance Years 1-5,434,End Date is text '01/03/2031',Lessons Learned & Retrospectives
Medium,Date stored as text,Governance Years 1-5,435,End Date is text '01/03/2031',End-to-end Quality Assurance
Medium,Date stored as text,Governance Years 1-5,437,End Date is text '01/03/2031',Estate Management
Medium,Date stored as text,Governance Years 1-5,438,End Date is text '01/03/2031',Space Planning
Medium,Date stored as text,Security Years 1-5,4,End Date is text '28/03/2027',Vulnerability Analysis & Management
Medium,Date stored as text,Security Years 1-5,5,End Date is text '01/01/2027',Audit Support
Medium,Date stored as text,Security Years 1-5,6,End Date is text '01/07/2026',ITHC - DS OCD
Medium,Date stored as text,Security Years 1-5,7,End Date is text '31/03/2027',Security Assurance (SbD & 453)
Medium,Date stored as text,Security Years 1-5,8,End Date is text '28/03/2027',Security Incident Management
Medium,Date stored as text,Security Years 1-5,9,End Date is text '31/03/2027',Security Leadership & Stakeholder Management
Medium,Date stored as text,Security Years 1-5,10,End Date is text '28/03/2027',"Hardening, EDR Deployment & Log Collection"
Medium,Date stored as text,Security Years 1-5,12,End Date is text '31/03/2027',SIEM Tuning
Medium,Date stored as text,Security Years 1-5,13,End Date is text '31/03/2027',SIEM Detection
Medium,Date stored as text,Security Years 1-5,14,End Date is text '31/03/2027',Event Correlation
Medium,Date stored as text,Security Years 1-5,15,End Date is text '31/03/2027',Event Analysis
Medium,Date stored as text,Security Years 1-5,16,End Date is text '31/03/2027',Event Investigation
Medium,Date stored as text,Security Years 1-5,17,End Date is text '31/03/2027',Event Reporting
Medium,Date stored as text,Security Years 1-5,18,End Date is text '01/03/2027',Threat Hunting
Medium,Date stored as text,Security Years 1-5,19,End Date is text '31/03/2027',Out-of-hours On-call Support
Medium,Date stored as text,Security Years 1-5,22,End Date is text '28/03/2028',Vulnerability Analysis & Management
Medium,Date stored as text,Security Years 1-5,23,End Date is text '01/01/2028',Audit Support
Medium,Date stored as text,Security Years 1-5,24,End Date is text '01/07/2027',ITHC - AIP on Site 2
Medium,Date stored as text,Security Years 1-5,25,End Date is text '31/03/2028',Security Assurance (SbD & 453)
Medium,Date stored as text,Security Years 1-5,26,End Date is text '28/03/2028',Security Incident Management
Medium,Date stored as text,Security Years 1-5,27,End Date is text '31/03/2028',Security Leadership & Stakeholder Management
Medium,Date stored as text,Security Years 1-5,28,End Date is text '28/03/2028',"Hardening, EDR Deployment & Log Collection"
Medium,Date stored as text,Security Years 1-5,30,End Date is text '31/03/2028',SIEM Tuning
Medium,Date stored as text,Security Years 1-5,31,End Date is text '31/03/2028',SIEM Detection
Medium,Date stored as text,Security Years 1-5,32,End Date is text '31/03/2028',Event Correlation
Medium,Date stored as text,Security Years 1-5,33,End Date is text '31/03/2028',Event Analysis
Medium,Date stored as text,Security Years 1-5,34,End Date is text '31/03/2028',Event Investigation
Medium,Date stored as text,Security Years 1-5,35,End Date is text '31/03/2028',Event Reporting
Medium,Date stored as text,Security Years 1-5,36,End Date is text '01/03/2028',Threat Hunting
Medium,Date stored as text,Security Years 1-5,37,End Date is text '31/03/2028',Out-of-hours On-call Support
Medium,Date stored as text,Security Years 1-5,40,End Date is text '28/03/2029',Vulnerability Analysis & Management
Medium,Date stored as text,Security Years 1-5,41,End Date is text '01/01/2029',Audit Support
Medium,Date stored as text,Security Years 1-5,42,End Date is text '01/07/2028',ITHC - AIP on Site 2
Medium,Date stored as text,Security Years 1-5,43,End Date is text '01/07/2028',ITHC - AIP on Site 3
Medium,Date stored as text,Security Years 1-5,44,End Date is text '31/03/2029',Security Assurance (SbD & 453)
Medium,Date stored as text,Security Years 1-5,45,End Date is text '28/03/2029',Security Incident Management
Medium,Date stored as text,Security Years 1-5,46,End Date is text '31/03/2029',Security Leadership & Stakeholder Management
Medium,Date stored as text,Security Years 1-5,47,End Date is text '28/03/2029',"Hardening, EDR Deployment & Log Collection"
Medium,Date stored as text,Security Years 1-5,49,End Date is text '31/03/2029',SIEM Tuning
Medium,Date stored as text,Security Years 1-5,50,End Date is text '31/03/2029',SIEM Detection
Medium,Date stored as text,Security Years 1-5,51,End Date is text '31/03/2029',Event Correlation
Medium,Date stored as text,Security Years 1-5,52,End Date is text '31/03/2029',Event Analysis
Medium,Date stored as text,Security Years 1-5,53,End Date is text '31/03/2029',Event Investigation
Medium,Date stored as text,Security Years 1-5,54,End Date is text '31/03/2029',Event Reporting
Medium,Date stored as text,Security Years 1-5,55,End Date is text '01/03/2029',Threat Hunting
Medium,Date stored as text,Security Years 1-5,56,End Date is text '31/03/2029',Out-of-hours On-call Support
Medium,Date stored as text,Security Years 1-5,59,End Date is text '28/03/2030',Vulnerability Analysis & Management
Medium,Date stored as text,Security Years 1-5,60,End Date is text '01/01/2030',Audit Support
Medium,Date stored as text,Security Years 1-5,61,End Date is text '01/07/2029',ITHC - AIP on Site 2
Medium,Date stored as text,Security Years 1-5,62,End Date is text '01/07/2029',ITHC - AIP on Site 3
Medium,Date stored as text,Security Years 1-5,63,End Date is text '01/07/2029',ITHC - AIP on Site 1
Medium,Date stored as text,Security Years 1-5,64,End Date is text '31/03/2030',Security Assurance (SbD & 453)
Medium,Date stored as text,Security Years 1-5,65,End Date is text '28/03/2030',Security Incident Management
Medium,Date stored as text,Security Years 1-5,66,End Date is text '31/03/2030',Security Leadership & Stakeholder Management
Medium,Date stored as text,Security Years 1-5,67,End Date is text '28/03/2030',"Hardening, EDR Deployment & Log Collection"
Medium,Date stored as text,Security Years 1-5,69,End Date is text '31/03/2030',SIEM Tuning
Medium,Date stored as text,Security Years 1-5,70,End Date is text '31/03/2030',SIEM Detection
Medium,Date stored as text,Security Years 1-5,71,End Date is text '31/03/2030',Event Correlation
Medium,Date stored as text,Security Years 1-5,72,End Date is text '31/03/2030',Event Analysis
Medium,Date stored as text,Security Years 1-5,73,End Date is text '31/03/2030',Event Investigation
Medium,Date stored as text,Security Years 1-5,74,End Date is text '31/03/2030',Event Reporting
Medium,Date stored as text,Security Years 1-5,75,End Date is text '01/03/2030',Threat Hunting
Medium,Date stored as text,Security Years 1-5,76,End Date is text '31/03/2030',Out-of-hours On-call Support
Medium,Date stored as text,Security Years 1-5,79,End Date is text '28/03/2031',Vulnerability Analysis & Management
Medium,Date stored as text,Security Years 1-5,80,End Date is text '01/01/2031',Audit Support
Medium,Date stored as text,Security Years 1-5,81,End Date is text '01/07/2029',ITHC - AIP on Site 2
Medium,Date stored as text,Security Years 1-5,82,End Date is text '01/07/2029',ITHC - AIP on Site 3
Medium,Date stored as text,Security Years 1-5,83,End Date is text '01/07/2029',ITHC - AIP on Site 1
Medium,Date stored as text,Security Years 1-5,84,End Date is text '31/03/2031',Security Assurance (SbD & 453)
Medium,Date stored as text,Security Years 1-5,85,End Date is text '28/03/2031',Security Incident Management
Medium,Date stored as text,Security Years 1-5,86,End Date is text '31/03/2031',Security Leadership & Stakeholder Management
Medium,Date stored as text,Security Years 1-5,87,End Date is text '28/03/2031',"Hardening, EDR Deployment & Log Collection"
Medium,Date stored as text,Security Years 1-5,89,End Date is text '31/03/2031',SIEM Tuning
Medium,Date stored as text,Security Years 1-5,90,End Date is text '31/03/2031',SIEM Detection
Medium,Date stored as text,Security Years 1-5,91,End Date is text '31/03/2031',Event Correlation
Medium,Date stored as text,Security Years 1-5,92,End Date is text '31/03/2031',Event Analysis
Medium,Date stored as text,Security Years 1-5,93,End Date is text '31/03/2031',Event Investigation
Medium,Date stored as text,Security Years 1-5,94,End Date is text '31/03/2031',Event Reporting
Medium,Date stored as text,Security Years 1-5,95,End Date is text '01/03/2031',Threat Hunting
Medium,Date stored as text,Security Years 1-5,96,End Date is text '31/03/2031',Out-of-hours On-call Support
Medium,Date stored as text,Service Desk Years 1-5,4,End Date is text '15/03/2027',Onboarding
Medium,Date stored as text,Service Desk Years 1-5,5,End Date is text '01/03/2027',Offboarding
Medium,Date stored as text,Service Desk Years 1-5,6,End Date is text '28/03/2027',User Management
Medium,Date stored as text,Service Desk Years 1-5,7,End Date is text '15/03/2027',MODNet LSO User Management
Medium,Date stored as text,Service Desk Years 1-5,8,End Date is text '01/03/2027',Data Export
Medium,Date stored as text,Service Desk Years 1-5,9,End Date is text '31/03/2027',WP5 Vector Triage
Medium,Date stored as text,Service Desk Years 1-5,10,End Date is text '15/03/2027',WP5 Vector Impex
Medium,Date stored as text,Service Desk Years 1-5,12,End Date is text '31/03/2027',Triage
Medium,Date stored as text,Service Desk Years 1-5,13,End Date is text '31/03/2027',Investigation
Medium,Date stored as text,Service Desk Years 1-5,14,End Date is text '31/03/2027',Fix & Resolution
Medium,Date stored as text,Service Desk Years 1-5,15,End Date is text '31/03/2027',User Communication
Medium,Date stored as text,Service Desk Years 1-5,16,End Date is text '28/03/2027',Escalation
Medium,Date stored as text,Service Desk Years 1-5,17,End Date is text '28/03/2027',Stakeholder Communication
Medium,Date stored as text,Service Desk Years 1-5,18,End Date is text '28/03/2027',Problem Creation
Medium,Date stored as text,Service Desk Years 1-5,19,End Date is text '01/03/2027',Major Incident Engagement
Medium,Date stored as text,Service Desk Years 1-5,20,End Date is text '31/03/2027',Third Line Support (Working Hours)
Medium,Date stored as text,Service Desk Years 1-5,21,End Date is text '31/03/2027',WP5 Vector Triage
Medium,Date stored as text,Service Desk Years 1-5,23,End Date is text '28/03/2027',User Guide Creation
Medium,Date stored as text,Service Desk Years 1-5,24,End Date is text '01/03/2027',User Guide Review
Medium,Date stored as text,Service Desk Years 1-5,25,End Date is text '01/03/2027',User Guide Updates
Medium,Date stored as text,Service Desk Years 1-5,26,End Date is text '28/03/2027',Work Instruction Creation
Medium,Date stored as text,Service Desk Years 1-5,27,End Date is text '01/03/2027',Work Instruction Review
Medium,Date stored as text,Service Desk Years 1-5,28,End Date is text '01/03/2027',Work Instruction Updates
Medium,Date stored as text,Service Desk Years 1-5,31,End Date is text '15/03/2028',Onboarding
Medium,Date stored as text,Service Desk Years 1-5,32,End Date is text '01/03/2028',Offboarding
Medium,Date stored as text,Service Desk Years 1-5,33,End Date is text '28/03/2028',User Management
Medium,Date stored as text,Service Desk Years 1-5,34,End Date is text '15/03/2028',MODNet LSO User Management
Medium,Date stored as text,Service Desk Years 1-5,35,End Date is text '01/03/2028',Data Export
Medium,Date stored as text,Service Desk Years 1-5,36,End Date is text '31/03/2028',WP5 Vector Triage
Medium,Date stored as text,Service Desk Years 1-5,37,End Date is text '15/03/2028',WP5 Vector Impex
Medium,Date stored as text,Service Desk Years 1-5,39,End Date is text '31/03/2028',Triage
Medium,Date stored as text,Service Desk Years 1-5,40,End Date is text '31/03/2028',Investigation
Medium,Date stored as text,Service Desk Years 1-5,41,End Date is text '31/03/2028',Fix & Resolution
Medium,Date stored as text,Service Desk Years 1-5,42,End Date is text '31/03/2028',User Communication
Medium,Date stored as text,Service Desk Years 1-5,43,End Date is text '28/03/2028',Escalation
Medium,Date stored as text,Service Desk Years 1-5,44,End Date is text '28/03/2028',Stakeholder Communication
Medium,Date stored as text,Service Desk Years 1-5,45,End Date is text '28/03/2028',Problem Creation
Medium,Date stored as text,Service Desk Years 1-5,46,End Date is text '01/03/2028',Major Incident Engagement
Medium,Date stored as text,Service Desk Years 1-5,47,End Date is text '31/03/2028',Third Line Support (Working Hours)
Medium,Date stored as text,Service Desk Years 1-5,48,End Date is text '31/03/2028',WP5 Vector Triage
Medium,Date stored as text,Service Desk Years 1-5,50,End Date is text '28/03/2028',User Guide Creation
Medium,Date stored as text,Service Desk Years 1-5,51,End Date is text '01/03/2028',User Guide Review
Medium,Date stored as text,Service Desk Years 1-5,52,End Date is text '01/03/2028',User Guide Updates
Medium,Date stored as text,Service Desk Years 1-5,53,End Date is text '28/03/2028',Work Instruction Creation
Medium,Date stored as text,Service Desk Years 1-5,54,End Date is text '01/03/2028',Work Instruction Review
Medium,Date stored as text,Service Desk Years 1-5,55,End Date is text '01/03/2028',Work Instruction Updates
Medium,Date stored as text,Service Desk Years 1-5,58,End Date is text '15/03/2029',Onboarding
Medium,Date stored as text,Service Desk Years 1-5,59,End Date is text '01/03/2029',Offboarding
Medium,Date stored as text,Service Desk Years 1-5,60,End Date is text '28/03/2029',User Management
Medium,Date stored as text,Service Desk Years 1-5,61,End Date is text '15/03/2029',MODNet LSO User Management
Medium,Date stored as text,Service Desk Years 1-5,62,End Date is text '01/03/2029',Data Export
Medium,Date stored as text,Service Desk Years 1-5,63,End Date is text '31/03/2029',WP5 Vector Triage
Medium,Date stored as text,Service Desk Years 1-5,64,End Date is text '15/03/2029',WP5 Vector Impex
Medium,Date stored as text,Service Desk Years 1-5,66,End Date is text '31/03/2029',Triage
Medium,Date stored as text,Service Desk Years 1-5,67,End Date is text '31/03/2029',Investigation
Medium,Date stored as text,Service Desk Years 1-5,68,End Date is text '31/03/2029',Fix & Resolution
Medium,Date stored as text,Service Desk Years 1-5,69,End Date is text '31/03/2029',User Communication
Medium,Date stored as text,Service Desk Years 1-5,70,End Date is text '28/03/2029',Escalation
Medium,Date stored as text,Service Desk Years 1-5,71,End Date is text '28/03/2029',Stakeholder Communication
Medium,Date stored as text,Service Desk Years 1-5,72,End Date is text '28/03/2029',Problem Creation
Medium,Date stored as text,Service Desk Years 1-5,73,End Date is text '01/03/2029',Major Incident Engagement
Medium,Date stored as text,Service Desk Years 1-5,74,End Date is text '31/03/2029',Third Line Support (Working Hours)
Medium,Date stored as text,Service Desk Years 1-5,75,End Date is text '31/03/2029',WP5 Vector Triage
Medium,Date stored as text,Service Desk Years 1-5,77,End Date is text '28/03/2029',User Guide Creation
Medium,Date stored as text,Service Desk Years 1-5,78,End Date is text '01/03/2029',User Guide Review
Medium,Date stored as text,Service Desk Years 1-5,79,End Date is text '01/03/2029',User Guide Updates
Medium,Date stored as text,Service Desk Years 1-5,80,End Date is text '28/03/2029',Work Instruction Creation
Medium,Date stored as text,Service Desk Years 1-5,81,End Date is text '01/03/2029',Work Instruction Review
Medium,Date stored as text,Service Desk Years 1-5,82,End Date is text '01/03/2029',Work Instruction Updates
Medium,Date stored as text,Service Desk Years 1-5,85,End Date is text '15/03/2030',Onboarding
Medium,Date stored as text,Service Desk Years 1-5,86,End Date is text '01/03/2030',Offboarding
Medium,Date stored as text,Service Desk Years 1-5,87,End Date is text '28/03/2030',User Management
Medium,Date stored as text,Service Desk Years 1-5,88,End Date is text '15/03/2030',MODNet LSO User Management
Medium,Date stored as text,Service Desk Years 1-5,89,End Date is text '01/03/2030',Data Export
Medium,Date stored as text,Service Desk Years 1-5,90,End Date is text '31/03/2030',WP5 Vector Triage
Medium,Date stored as text,Service Desk Years 1-5,91,End Date is text '15/03/2030',WP5 Vector Impex
Medium,Date stored as text,Service Desk Years 1-5,93,End Date is text '31/03/2030',Triage
Medium,Date stored as text,Service Desk Years 1-5,94,End Date is text '31/03/2030',Investigation
Medium,Date stored as text,Service Desk Years 1-5,95,End Date is text '31/03/2030',Fix & Resolution
Medium,Date stored as text,Service Desk Years 1-5,96,End Date is text '31/03/2030',User Communication
Medium,Date stored as text,Service Desk Years 1-5,97,End Date is text '28/03/2030',Escalation
Medium,Date stored as text,Service Desk Years 1-5,98,End Date is text '28/03/2030',Stakeholder Communication
Medium,Date stored as text,Service Desk Years 1-5,99,End Date is text '28/03/2030',Problem Creation
Medium,Date stored as text,Service Desk Years 1-5,100,End Date is text '01/03/2030',Major Incident Engagement
Medium,Date stored as text,Service Desk Years 1-5,101,End Date is text '31/03/2030',Third Line Support (Working Hours)
Medium,Date stored as text,Service Desk Years 1-5,102,End Date is text '31/03/2030',WP5 Vector Triage
Medium,Date stored as text,Service Desk Years 1-5,104,End Date is text '28/03/2030',User Guide Creation
Medium,Date stored as text,Service Desk Years 1-5,105,End Date is text '01/03/2030',User Guide Review
Medium,Date stored as text,Service Desk Years 1-5,106,End Date is text '01/03/2030',User Guide Updates
Medium,Date stored as text,Service Desk Years 1-5,107,End Date is text '28/03/2030',Work Instruction Creation
Medium,Date stored as text,Service Desk Years 1-5,108,End Date is text '01/03/2030',Work Instruction Review
Medium,Date stored as text,Service Desk Years 1-5,109,End Date is text '01/03/2030',Work Instruction Updates
Medium,Date stored as text,Service Desk Years 1-5,112,End Date is text '15/03/2031',Onboarding
Medium,Date stored as text,Service Desk Years 1-5,113,End Date is text '01/03/2031',Offboarding
Medium,Date stored as text,Service Desk Years 1-5,114,End Date is text '28/03/2031',User Management
Medium,Date stored as text,Service Desk Years 1-5,115,End Date is text '15/03/2031',MODNet LSO User Management
Medium,Date stored as text,Service Desk Years 1-5,116,End Date is text '01/03/2031',Data Export
Medium,Date stored as text,Service Desk Years 1-5,117,End Date is text '31/03/2031',WP5 Vector Triage
Medium,Date stored as text,Service Desk Years 1-5,118,End Date is text '15/03/2031',WP5 Vector Impex
Medium,Date stored as text,Service Desk Years 1-5,120,End Date is text '31/03/2031',Triage
Medium,Date stored as text,Service Desk Years 1-5,121,End Date is text '31/03/2031',Investigation
Medium,Date stored as text,Service Desk Years 1-5,122,End Date is text '31/03/2031',Fix & Resolution
Medium,Date stored as text,Service Desk Years 1-5,123,End Date is text '31/03/2031',User Communication
Medium,Date stored as text,Service Desk Years 1-5,124,End Date is text '28/03/2031',Escalation
Medium,Date stored as text,Service Desk Years 1-5,125,End Date is text '28/03/2031',Stakeholder Communication
Medium,Date stored as text,Service Desk Years 1-5,126,End Date is text '28/03/2031',Problem Creation
Medium,Date stored as text,Service Desk Years 1-5,127,End Date is text '01/03/2031',Major Incident Engagement
Medium,Date stored as text,Service Desk Years 1-5,128,End Date is text '31/03/2031',Third Line Support (Working Hours)
Medium,Date stored as text,Service Desk Years 1-5,129,End Date is text '31/03/2031',WP5 Vector Triage
Medium,Date stored as text,Service Desk Years 1-5,131,End Date is text '28/03/2031',User Guide Creation
Medium,Date stored as text,Service Desk Years 1-5,132,End Date is text '01/03/2031',User Guide Review
Medium,Date stored as text,Service Desk Years 1-5,133,End Date is text '01/03/2031',User Guide Updates
Medium,Date stored as text,Service Desk Years 1-5,134,End Date is text '28/03/2031',Work Instruction Creation
Medium,Date stored as text,Service Desk Years 1-5,135,End Date is text '01/03/2031',Work Instruction Review
Medium,Date stored as text,Service Desk Years 1-5,136,End Date is text '01/03/2031',Work Instruction Updates
Medium,Date stored as text,Service Management Years 1-5,4,End Date is text '01/03/2027',Data Landing Zone
Medium,Date stored as text,Service Management Years 1-5,5,End Date is text '01/03/2027',Strata
Medium,Date stored as text,Service Management Years 1-5,6,End Date is text '01/03/2027',Nexus
Medium,Date stored as text,Service Management Years 1-5,7,End Date is text '01/03/2027',Black Knight
Medium,Date stored as text,Service Management Years 1-5,8,End Date is text '15/03/2027',Black Platform
Medium,Date stored as text,Service Management Years 1-5,9,End Date is text '15/03/2027',Red Platform
Medium,Date stored as text,Service Management Years 1-5,10,End Date is text '01/03/2027',Asset Review & Reporting
Medium,Date stored as text,Service Management Years 1-5,11,End Date is text '01/10/2026',Obsolescence Reporting
Medium,Date stored as text,Service Management Years 1-5,13,End Date is text '01/03/2027',Data Landing Zone
Medium,Date stored as text,Service Management Years 1-5,14,End Date is text '01/03/2027',Strata
Medium,Date stored as text,Service Management Years 1-5,15,End Date is text '01/03/2027',Nexus
Medium,Date stored as text,Service Management Years 1-5,16,End Date is text '01/03/2027',Black Knight
Medium,Date stored as text,Service Management Years 1-5,17,End Date is text '15/03/2027',Black Platform
Medium,Date stored as text,Service Management Years 1-5,18,End Date is text '15/03/2027',Red Platform
Medium,Date stored as text,Service Management Years 1-5,19,End Date is text '01/03/2027',Config Review & Reporting
Medium,Date stored as text,Service Management Years 1-5,21,End Date is text '01/03/2027',Data Landing Zone
Medium,Date stored as text,Service Management Years 1-5,22,End Date is text '01/03/2027',Nexus
Medium,Date stored as text,Service Management Years 1-5,23,End Date is text '01/03/2027',Black Knight
Medium,Date stored as text,Service Management Years 1-5,24,End Date is text '01/03/2027',Data Feeds
Medium,Date stored as text,Service Management Years 1-5,25,End Date is text '01/03/2027',Data Reporting
Medium,Date stored as text,Service Management Years 1-5,27,End Date is text '28/03/2027',CAB
Medium,Date stored as text,Service Management Years 1-5,28,End Date is text '28/03/2027',FSC & Change Calendar
Medium,Date stored as text,Service Management Years 1-5,29,End Date is text '15/03/2027',ECAB
Medium,Date stored as text,Service Management Years 1-5,30,End Date is text '28/03/2027',Authority CAB
Medium,Date stored as text,Service Management Years 1-5,31,End Date is text '28/03/2027',WP Provider CAB
Medium,Date stored as text,Service Management Years 1-5,32,End Date is text '28/03/2027',Pre-Approved Change Review
Medium,Date stored as text,Service Management Years 1-5,33,End Date is text '28/03/2027',Stakeholder Communications
Medium,Date stored as text,Service Management Years 1-5,35,End Date is text '15/03/2027',Deployment Lifecycle Management
Medium,Date stored as text,Service Management Years 1-5,37,End Date is text '15/03/2027',Release Planning & Scheduling
Medium,Date stored as text,Service Management Years 1-5,38,End Date is text '15/03/2027',Stakeholder Communications
Medium,Date stored as text,Service Management Years 1-5,40,End Date is text '31/03/2027',Incident Prioritisation & Management
Medium,Date stored as text,Service Management Years 1-5,41,End Date is text '31/03/2027',Incident Trending & Analysis
Medium,Date stored as text,Service Management Years 1-5,42,End Date is text '28/03/2027',Incident Reporting
Medium,Date stored as text,Service Management Years 1-5,43,End Date is text '28/03/2027',Stakeholder Communications
Medium,Date stored as text,Service Management Years 1-5,44,End Date is text '01/03/2027',Major Incident Management
Medium,Date stored as text,Service Management Years 1-5,45,End Date is text '01/03/2027',Major Incident Washup
Medium,Date stored as text,Service Management Years 1-5,46,End Date is text '01/03/2027',Major Incident Reporting
Medium,Date stored as text,Service Management Years 1-5,48,End Date is text '31/03/2027',Proactive Problem Management
Medium,Date stored as text,Service Management Years 1-5,49,End Date is text '31/03/2027',Reactive Problem Management
Medium,Date stored as text,Service Management Years 1-5,50,End Date is text '28/03/2027',Root Cause Analysis
Medium,Date stored as text,Service Management Years 1-5,51,End Date is text '28/03/2027',Problem Analysis & Prioritisation
Medium,Date stored as text,Service Management Years 1-5,52,End Date is text '15/03/2027',Problem Reporting
Medium,Date stored as text,Service Management Years 1-5,54,End Date is text '28/03/2027',CI Analysis & Prioritisation
Medium,Date stored as text,Service Management Years 1-5,55,End Date is text '01/03/2027',CI Reporting
Medium,Date stored as text,Service Management Years 1-5,57,End Date is text '31/03/2027',Availability Tracking
Medium,Date stored as text,Service Management Years 1-5,58,End Date is text '31/03/2027',Availability Analysis
Medium,Date stored as text,Service Management Years 1-5,59,End Date is text '01/03/2027',Availability Reporting
Medium,Date stored as text,Service Management Years 1-5,61,End Date is text '31/03/2027',Capacity Tracking
Medium,Date stored as text,Service Management Years 1-5,62,End Date is text '31/03/2027',Capacity Trending & Analysis
Medium,Date stored as text,Service Management Years 1-5,63,End Date is text '01/03/2027',Capacity Reporting
Medium,Date stored as text,Service Management Years 1-5,65,End Date is text '01/03/2027',Data Landing Zone Performance Analysis
Medium,Date stored as text,Service Management Years 1-5,66,End Date is text '01/03/2027',Nexus Performance Analysis
Medium,Date stored as text,Service Management Years 1-5,67,End Date is text '01/03/2027',Black Knight Performance Analysis
Medium,Date stored as text,Service Management Years 1-5,68,End Date is text '01/03/2027',Performance Reporting
Medium,Date stored as text,Service Management Years 1-5,70,End Date is text '15/03/2027',Demand Tracking
Medium,Date stored as text,Service Management Years 1-5,71,End Date is text '15/03/2027',Demand Analysis
Medium,Date stored as text,Service Management Years 1-5,72,End Date is text '15/03/2027',Demand Reporting
Medium,Date stored as text,Service Management Years 1-5,74,End Date is text '01/10/2026',DR & SC Planning & Review (Line 1)
Medium,Date stored as text,Service Management Years 1-5,75,End Date is text '01/10/2026',DR & SC Planning & Review (Line 2)
Medium,Date stored as text,Service Management Years 1-5,76,End Date is text '01/10/2026',DR & SC Exercise (Line 1)
Medium,Date stored as text,Service Management Years 1-5,77,End Date is text '01/10/2026',DR & SC Exercise (Line 2)
Medium,Date stored as text,Service Management Years 1-5,79,End Date is text '28/03/2027',Quality Assurance Planning & Scheduling
Medium,Date stored as text,Service Management Years 1-5,81,End Date is text '28/03/2027',SLA Tracking
Medium,Date stored as text,Service Management Years 1-5,82,End Date is text '28/03/2027',KPI Tracking
Medium,Date stored as text,Service Management Years 1-5,84,End Date is text '01/03/2027',Monthly Service Review
Medium,Date stored as text,Service Management Years 1-5,86,End Date is text '31/03/2027',Daily Standup & Oversight
Medium,Date stored as text,Service Management Years 1-5,88,End Date is text '01/03/2027',Service Request Catalogue Updates & Review
Medium,Date stored as text,Service Management Years 1-5,90,End Date is text '01/01/2027',Process & Policy Review
Medium,Date stored as text,Service Management Years 1-5,93,End Date is text '01/03/2028',Data Landing Zone
Medium,Date stored as text,Service Management Years 1-5,94,End Date is text '01/03/2028',Strata
Medium,Date stored as text,Service Management Years 1-5,95,End Date is text '01/03/2028',Nexus
Medium,Date stored as text,Service Management Years 1-5,96,End Date is text '01/03/2028',Black Knight
Medium,Date stored as text,Service Management Years 1-5,97,End Date is text '15/03/2028',Black Platform
Medium,Date stored as text,Service Management Years 1-5,98,End Date is text '15/03/2028',Red Platform
Medium,Date stored as text,Service Management Years 1-5,99,End Date is text '01/03/2028',Asset Review & Reporting
Medium,Date stored as text,Service Management Years 1-5,100,End Date is text '01/01/2028',Obsolescence Reporting
Medium,Date stored as text,Service Management Years 1-5,102,End Date is text '01/03/2028',Data Landing Zone
Medium,Date stored as text,Service Management Years 1-5,103,End Date is text '01/03/2028',Strata
Medium,Date stored as text,Service Management Years 1-5,104,End Date is text '01/03/2028',Nexus
Medium,Date stored as text,Service Management Years 1-5,105,End Date is text '01/03/2028',Black Knight
Medium,Date stored as text,Service Management Years 1-5,106,End Date is text '15/03/2028',Black Platform
Medium,Date stored as text,Service Management Years 1-5,107,End Date is text '15/03/2028',Red Platform
Medium,Date stored as text,Service Management Years 1-5,108,End Date is text '01/03/2028',Config Review & Reporting
Medium,Date stored as text,Service Management Years 1-5,110,End Date is text '01/03/2028',Data Landing Zone
Medium,Date stored as text,Service Management Years 1-5,111,End Date is text '01/03/2028',Nexus
Medium,Date stored as text,Service Management Years 1-5,112,End Date is text '01/03/2028',Black Knight
Medium,Date stored as text,Service Management Years 1-5,113,End Date is text '01/03/2028',Data Feeds
Medium,Date stored as text,Service Management Years 1-5,114,End Date is text '01/03/2028',Data Reporting
Medium,Date stored as text,Service Management Years 1-5,116,End Date is text '28/03/2028',CAB
Medium,Date stored as text,Service Management Years 1-5,117,End Date is text '28/03/2028',FSC & Change Calendar
Medium,Date stored as text,Service Management Years 1-5,118,End Date is text '15/03/2028',ECAB
Medium,Date stored as text,Service Management Years 1-5,119,End Date is text '28/03/2028',Authority CAB
Medium,Date stored as text,Service Management Years 1-5,120,End Date is text '28/03/2028',WP Provider CAB
Medium,Date stored as text,Service Management Years 1-5,121,End Date is text '28/03/2028',Pre-Approved Change Review
Medium,Date stored as text,Service Management Years 1-5,122,End Date is text '28/03/2028',Stakeholder Communications
Medium,Date stored as text,Service Management Years 1-5,124,End Date is text '15/03/2028',Deployment Lifecycle Management
Medium,Date stored as text,Service Management Years 1-5,126,End Date is text '15/03/2028',Release Planning & Scheduling
Medium,Date stored as text,Service Management Years 1-5,127,End Date is text '15/03/2028',Stakeholder Communications
Medium,Date stored as text,Service Management Years 1-5,129,End Date is text '31/03/2028',Incident Prioritisation & Management
Medium,Date stored as text,Service Management Years 1-5,130,End Date is text '31/03/2028',Incident Trending & Analysis
Medium,Date stored as text,Service Management Years 1-5,131,End Date is text '28/03/2028',Incident Reporting
Medium,Date stored as text,Service Management Years 1-5,132,End Date is text '28/03/2028',Stakeholder Communications
Medium,Date stored as text,Service Management Years 1-5,133,End Date is text '01/03/2028',Major Incident Management
Medium,Date stored as text,Service Management Years 1-5,134,End Date is text '01/03/2028',Major Incident Washup
Medium,Date stored as text,Service Management Years 1-5,135,End Date is text '01/03/2028',Major Incident Reporting
Medium,Date stored as text,Service Management Years 1-5,137,End Date is text '31/03/2028',Proactive Problem Management
Medium,Date stored as text,Service Management Years 1-5,138,End Date is text '31/03/2028',Reactive Problem Management
Medium,Date stored as text,Service Management Years 1-5,139,End Date is text '28/03/2028',Root Cause Analysis
Medium,Date stored as text,Service Management Years 1-5,140,End Date is text '28/03/2028',Problem Analysis & Prioritisation
Medium,Date stored as text,Service Management Years 1-5,141,End Date is text '15/03/2028',Problem Reporting
Medium,Date stored as text,Service Management Years 1-5,143,End Date is text '28/03/2028',CI Analysis & Prioritisation
Medium,Date stored as text,Service Management Years 1-5,144,End Date is text '01/03/2028',CI Reporting
Medium,Date stored as text,Service Management Years 1-5,146,End Date is text '31/03/2028',Availability Tracking
Medium,Date stored as text,Service Management Years 1-5,147,End Date is text '31/03/2028',Availability Analysis
Medium,Date stored as text,Service Management Years 1-5,148,End Date is text '01/03/2028',Availability Reporting
Medium,Date stored as text,Service Management Years 1-5,150,End Date is text '31/03/2028',Capacity Tracking
Medium,Date stored as text,Service Management Years 1-5,151,End Date is text '31/03/2028',Capacity Trending & Analysis
Medium,Date stored as text,Service Management Years 1-5,152,End Date is text '01/03/2028',Capacity Reporting
Medium,Date stored as text,Service Management Years 1-5,154,End Date is text '01/03/2028',Data Landing Zone Performance Analysis
Medium,Date stored as text,Service Management Years 1-5,155,End Date is text '01/03/2028',Nexus Performance Analysis
Medium,Date stored as text,Service Management Years 1-5,156,End Date is text '01/03/2028',Black Knight Performance Analysis
Medium,Date stored as text,Service Management Years 1-5,157,End Date is text '01/03/2028',Performance Reporting
Medium,Date stored as text,Service Management Years 1-5,159,End Date is text '15/03/2028',Demand Tracking
Medium,Date stored as text,Service Management Years 1-5,160,End Date is text '15/03/2028',Demand Analysis
Medium,Date stored as text,Service Management Years 1-5,161,End Date is text '15/03/2028',Demand Reporting
Medium,Date stored as text,Service Management Years 1-5,163,End Date is text '01/01/2028',DR & SC Planning & Review (Line 1)
Medium,Date stored as text,Service Management Years 1-5,164,End Date is text '01/01/2028',DR & SC Planning & Review (Line 2)
Medium,Date stored as text,Service Management Years 1-5,165,End Date is text '01/10/2027',DR & SC Exercise (Line 1)
Medium,Date stored as text,Service Management Years 1-5,166,End Date is text '01/10/2027',DR & SC Exercise (Line 2)
Medium,Date stored as text,Service Management Years 1-5,168,End Date is text '28/03/2028',Quality Assurance Planning & Scheduling
Medium,Date stored as text,Service Management Years 1-5,170,End Date is text '28/03/2028',SLA Tracking
Medium,Date stored as text,Service Management Years 1-5,171,End Date is text '28/03/2028',KPI Tracking
Medium,Date stored as text,Service Management Years 1-5,173,End Date is text '01/03/2028',Monthly Service Review
Medium,Date stored as text,Service Management Years 1-5,175,End Date is text '31/03/2028',Daily Standup & Oversight
Medium,Date stored as text,Service Management Years 1-5,177,End Date is text '01/03/2028',Service Request Catalogue Updates & Review
Medium,Date stored as text,Service Management Years 1-5,179,End Date is text '01/01/2027',Process & Policy Review
Medium,Date stored as text,Service Management Years 1-5,182,End Date is text '01/03/2029',Data Landing Zone
Medium,Date stored as text,Service Management Years 1-5,183,End Date is text '01/03/2029',Strata
Medium,Date stored as text,Service Management Years 1-5,184,End Date is text '01/03/2029',Nexus
Medium,Date stored as text,Service Management Years 1-5,185,End Date is text '01/03/2029',Black Knight
Medium,Date stored as text,Service Management Years 1-5,186,End Date is text '15/03/2029',Black Platform
Medium,Date stored as text,Service Management Years 1-5,187,End Date is text '15/03/2029',Red Platform
Medium,Date stored as text,Service Management Years 1-5,188,End Date is text '01/03/2029',Asset Review & Reporting
Medium,Date stored as text,Service Management Years 1-5,189,End Date is text '01/01/2029',Obsolescence Reporting
Medium,Date stored as text,Service Management Years 1-5,191,End Date is text '01/03/2029',Data Landing Zone
Medium,Date stored as text,Service Management Years 1-5,192,End Date is text '01/03/2029',Strata
Medium,Date stored as text,Service Management Years 1-5,193,End Date is text '01/03/2029',Nexus
Medium,Date stored as text,Service Management Years 1-5,194,End Date is text '01/03/2029',Black Knight
Medium,Date stored as text,Service Management Years 1-5,195,End Date is text '15/03/2029',Black Platform
Medium,Date stored as text,Service Management Years 1-5,196,End Date is text '15/03/2029',Red Platform
Medium,Date stored as text,Service Management Years 1-5,197,End Date is text '01/03/2029',Config Review & Reporting
Medium,Date stored as text,Service Management Years 1-5,199,End Date is text '01/03/2029',Data Landing Zone
Medium,Date stored as text,Service Management Years 1-5,200,End Date is text '01/03/2029',Nexus
Medium,Date stored as text,Service Management Years 1-5,201,End Date is text '01/03/2029',Black Knight
Medium,Date stored as text,Service Management Years 1-5,202,End Date is text '01/03/2029',Data Feeds
Medium,Date stored as text,Service Management Years 1-5,203,End Date is text '01/03/2029',Data Reporting
Medium,Date stored as text,Service Management Years 1-5,205,End Date is text '28/03/2029',CAB
Medium,Date stored as text,Service Management Years 1-5,206,End Date is text '28/03/2029',FSC & Change Calendar
Medium,Date stored as text,Service Management Years 1-5,207,End Date is text '15/03/2029',ECAB
Medium,Date stored as text,Service Management Years 1-5,208,End Date is text '28/03/2029',Authority CAB
Medium,Date stored as text,Service Management Years 1-5,209,End Date is text '28/03/2029',WP Provider CAB
Medium,Date stored as text,Service Management Years 1-5,210,End Date is text '28/03/2029',Pre-Approved Change Review
Medium,Date stored as text,Service Management Years 1-5,211,End Date is text '28/03/2029',Stakeholder Communications
Medium,Date stored as text,Service Management Years 1-5,213,End Date is text '15/03/2029',Deployment Lifecycle Management
Medium,Date stored as text,Service Management Years 1-5,215,End Date is text '15/03/2029',Release Planning & Scheduling
Medium,Date stored as text,Service Management Years 1-5,216,End Date is text '15/03/2029',Stakeholder Communications
Medium,Date stored as text,Service Management Years 1-5,218,End Date is text '31/03/2029',Incident Prioritisation & Management
Medium,Date stored as text,Service Management Years 1-5,219,End Date is text '31/03/2029',Incident Trending & Analysis
Medium,Date stored as text,Service Management Years 1-5,220,End Date is text '28/03/2029',Incident Reporting
Medium,Date stored as text,Service Management Years 1-5,221,End Date is text '28/03/2029',Stakeholder Communications
Medium,Date stored as text,Service Management Years 1-5,222,End Date is text '01/03/2029',Major Incident Management
Medium,Date stored as text,Service Management Years 1-5,223,End Date is text '01/03/2029',Major Incident Washup
Medium,Date stored as text,Service Management Years 1-5,224,End Date is text '01/03/2029',Major Incident Reporting
Medium,Date stored as text,Service Management Years 1-5,226,End Date is text '31/03/2029',Proactive Problem Management
Medium,Date stored as text,Service Management Years 1-5,227,End Date is text '31/03/2029',Reactive Problem Management
Medium,Date stored as text,Service Management Years 1-5,228,End Date is text '28/03/2029',Root Cause Analysis
Medium,Date stored as text,Service Management Years 1-5,229,End Date is text '28/03/2029',Problem Analysis & Prioritisation
Medium,Date stored as text,Service Management Years 1-5,230,End Date is text '15/03/2029',Problem Reporting
Medium,Date stored as text,Service Management Years 1-5,232,End Date is text '28/03/2029',CI Analysis & Prioritisation
Medium,Date stored as text,Service Management Years 1-5,233,End Date is text '01/03/2029',CI Reporting
Medium,Date stored as text,Service Management Years 1-5,235,End Date is text '31/03/2029',Availability Tracking
Medium,Date stored as text,Service Management Years 1-5,236,End Date is text '31/03/2029',Availability Analysis
Medium,Date stored as text,Service Management Years 1-5,237,End Date is text '01/03/2029',Availability Reporting
Medium,Date stored as text,Service Management Years 1-5,239,End Date is text '31/03/2029',Capacity Tracking
Medium,Date stored as text,Service Management Years 1-5,240,End Date is text '31/03/2029',Capacity Trending & Analysis
Medium,Date stored as text,Service Management Years 1-5,241,End Date is text '01/03/2029',Capacity Reporting
Medium,Date stored as text,Service Management Years 1-5,243,End Date is text '01/03/2029',Data Landing Zone Performance Analysis
Medium,Date stored as text,Service Management Years 1-5,244,End Date is text '01/03/2029',Nexus Performance Analysis
Medium,Date stored as text,Service Management Years 1-5,245,End Date is text '01/03/2029',Black Knight Performance Analysis
Medium,Date stored as text,Service Management Years 1-5,246,End Date is text '01/03/2029',Performance Reporting
Medium,Date stored as text,Service Management Years 1-5,248,End Date is text '15/03/2029',Demand Tracking
Medium,Date stored as text,Service Management Years 1-5,249,End Date is text '15/03/2029',Demand Analysis
Medium,Date stored as text,Service Management Years 1-5,250,End Date is text '15/03/2029',Demand Reporting
Medium,Date stored as text,Service Management Years 1-5,252,End Date is text '01/01/2029',DR & SC Planning & Review (Line 1)
Medium,Date stored as text,Service Management Years 1-5,253,End Date is text '01/01/2029',DR & SC Planning & Review (Line 2)
Medium,Date stored as text,Service Management Years 1-5,254,End Date is text '01/10/2028',DR & SC Exercise (Line 1)
Medium,Date stored as text,Service Management Years 1-5,255,End Date is text '01/10/2028',DR & SC Exercise (Line 2)
Medium,Date stored as text,Service Management Years 1-5,257,End Date is text '28/03/2029',Quality Assurance Planning & Scheduling
Medium,Date stored as text,Service Management Years 1-5,259,End Date is text '28/03/2029',SLA Tracking
Medium,Date stored as text,Service Management Years 1-5,260,End Date is text '28/03/2029',KPI Tracking
Medium,Date stored as text,Service Management Years 1-5,262,End Date is text '01/03/2029',Monthly Service Review
Medium,Date stored as text,Service Management Years 1-5,264,End Date is text '31/03/2029',Daily Standup & Oversight
Medium,Date stored as text,Service Management Years 1-5,266,End Date is text '01/03/2029',Service Request Catalogue Updates & Review
Medium,Date stored as text,Service Management Years 1-5,268,End Date is text '01/01/2029',Process & Policy Review
Medium,Date stored as text,Service Management Years 1-5,269,End Date is text '01/03/2029',Process Oversight
Medium,Date stored as text,Service Management Years 1-5,272,End Date is text '01/03/2030',Data Landing Zone
Medium,Date stored as text,Service Management Years 1-5,273,End Date is text '01/03/2030',Strata
Medium,Date stored as text,Service Management Years 1-5,274,End Date is text '01/03/2030',Nexus
Medium,Date stored as text,Service Management Years 1-5,275,End Date is text '01/03/2030',Black Knight
Medium,Date stored as text,Service Management Years 1-5,276,End Date is text '15/03/2030',Black Platform
Medium,Date stored as text,Service Management Years 1-5,277,End Date is text '15/03/2030',Red Platform
Medium,Date stored as text,Service Management Years 1-5,278,End Date is text '01/03/2030',Asset Review & Reporting
Medium,Date stored as text,Service Management Years 1-5,279,End Date is text '01/01/2030',Obsolescence Reporting
Medium,Date stored as text,Service Management Years 1-5,281,End Date is text '01/03/2030',Data Landing Zone
Medium,Date stored as text,Service Management Years 1-5,282,End Date is text '01/03/2030',Strata
Medium,Date stored as text,Service Management Years 1-5,283,End Date is text '01/03/2030',Nexus
Medium,Date stored as text,Service Management Years 1-5,284,End Date is text '01/03/2030',Black Knight
Medium,Date stored as text,Service Management Years 1-5,285,End Date is text '15/03/2030',Black Platform
Medium,Date stored as text,Service Management Years 1-5,286,End Date is text '15/03/2030',Red Platform
Medium,Date stored as text,Service Management Years 1-5,287,End Date is text '01/03/2030',Config Review & Reporting
Medium,Date stored as text,Service Management Years 1-5,289,End Date is text '01/03/2030',Data Landing Zone
Medium,Date stored as text,Service Management Years 1-5,290,End Date is text '01/03/2030',Nexus
Medium,Date stored as text,Service Management Years 1-5,291,End Date is text '01/03/2030',Black Knight
Medium,Date stored as text,Service Management Years 1-5,292,End Date is text '01/03/2030',Data Feeds
Medium,Date stored as text,Service Management Years 1-5,293,End Date is text '01/03/2030',Data Reporting
Medium,Date stored as text,Service Management Years 1-5,295,End Date is text '28/03/2030',CAB
Medium,Date stored as text,Service Management Years 1-5,296,End Date is text '28/03/2030',FSC & Change Calendar
Medium,Date stored as text,Service Management Years 1-5,297,End Date is text '15/03/2030',ECAB
Medium,Date stored as text,Service Management Years 1-5,298,End Date is text '28/03/2030',Authority CAB
Medium,Date stored as text,Service Management Years 1-5,299,End Date is text '28/03/2030',WP Provider CAB
Medium,Date stored as text,Service Management Years 1-5,300,End Date is text '28/03/2030',Pre-Approved Change Review
Medium,Date stored as text,Service Management Years 1-5,301,End Date is text '28/03/2030',Stakeholder Communications
Medium,Date stored as text,Service Management Years 1-5,303,End Date is text '15/03/2030',Deployment Lifecycle Management
Medium,Date stored as text,Service Management Years 1-5,305,End Date is text '15/03/2030',Release Planning & Scheduling
Medium,Date stored as text,Service Management Years 1-5,306,End Date is text '15/03/2030',Stakeholder Communications
Medium,Date stored as text,Service Management Years 1-5,308,End Date is text '31/03/2030',Incident Prioritisation & Management
Medium,Date stored as text,Service Management Years 1-5,309,End Date is text '31/03/2030',Incident Trending & Analysis
Medium,Date stored as text,Service Management Years 1-5,310,End Date is text '28/03/2030',Incident Reporting
Medium,Date stored as text,Service Management Years 1-5,311,End Date is text '28/03/2030',Stakeholder Communications
Medium,Date stored as text,Service Management Years 1-5,312,End Date is text '01/03/2030',Major Incident Management
Medium,Date stored as text,Service Management Years 1-5,313,End Date is text '01/03/2030',Major Incident Washup
Medium,Date stored as text,Service Management Years 1-5,314,End Date is text '01/03/2030',Major Incident Reporting
Medium,Date stored as text,Service Management Years 1-5,316,End Date is text '31/03/2030',Proactive Problem Management
Medium,Date stored as text,Service Management Years 1-5,317,End Date is text '31/03/2030',Reactive Problem Management
Medium,Date stored as text,Service Management Years 1-5,318,End Date is text '28/03/2030',Root Cause Analysis
Medium,Date stored as text,Service Management Years 1-5,319,End Date is text '28/03/2030',Problem Analysis & Prioritisation
Medium,Date stored as text,Service Management Years 1-5,320,End Date is text '15/03/2030',Problem Reporting
Medium,Date stored as text,Service Management Years 1-5,322,End Date is text '28/03/2030',CI Analysis & Prioritisation
Medium,Date stored as text,Service Management Years 1-5,323,End Date is text '01/03/2030',CI Reporting
Medium,Date stored as text,Service Management Years 1-5,325,End Date is text '31/03/2030',Availability Tracking
Medium,Date stored as text,Service Management Years 1-5,326,End Date is text '31/03/2030',Availability Analysis
Medium,Date stored as text,Service Management Years 1-5,327,End Date is text '01/03/2030',Availability Reporting
Medium,Date stored as text,Service Management Years 1-5,329,End Date is text '31/03/2030',Capacity Tracking
Medium,Date stored as text,Service Management Years 1-5,330,End Date is text '31/03/2030',Capacity Trending & Analysis
Medium,Date stored as text,Service Management Years 1-5,331,End Date is text '01/03/2030',Capacity Reporting
Medium,Date stored as text,Service Management Years 1-5,333,End Date is text '01/03/2030',Data Landing Zone Performance Analysis
Medium,Date stored as text,Service Management Years 1-5,334,End Date is text '01/03/2030',Nexus Performance Analysis
Medium,Date stored as text,Service Management Years 1-5,335,End Date is text '01/03/2030',Black Knight Performance Analysis
Medium,Date stored as text,Service Management Years 1-5,336,End Date is text '01/03/2030',Performance Reporting
Medium,Date stored as text,Service Management Years 1-5,338,End Date is text '15/03/2030',Demand Tracking
Medium,Date stored as text,Service Management Years 1-5,339,End Date is text '15/03/2030',Demand Analysis
Medium,Date stored as text,Service Management Years 1-5,340,End Date is text '15/03/2030',Demand Reporting
Medium,Date stored as text,Service Management Years 1-5,342,End Date is text '01/01/2030',DR & SC Planning & Review (Line 1)
Medium,Date stored as text,Service Management Years 1-5,343,End Date is text '01/01/2030',DR & SC Planning & Review (Line 2)
Medium,Date stored as text,Service Management Years 1-5,344,End Date is text '01/10/2029',DR & SC Exercise (Line 1)
Medium,Date stored as text,Service Management Years 1-5,345,End Date is text '01/10/2029',DR & SC Exercise (Line 2)
Medium,Date stored as text,Service Management Years 1-5,347,End Date is text '28/03/2030',Quality Assurance Planning & Scheduling
Medium,Date stored as text,Service Management Years 1-5,349,End Date is text '28/03/2030',SLA Tracking
Medium,Date stored as text,Service Management Years 1-5,350,End Date is text '28/03/2030',KPI Tracking
Medium,Date stored as text,Service Management Years 1-5,352,End Date is text '01/03/2030',Monthly Service Review
Medium,Date stored as text,Service Management Years 1-5,354,End Date is text '31/03/2030',Daily Standup & Oversight
Medium,Date stored as text,Service Management Years 1-5,356,End Date is text '01/03/2030',Service Request Catalogue Updates & Review
Medium,Date stored as text,Service Management Years 1-5,358,End Date is text '01/01/2030',Process & Policy Review
Medium,Date stored as text,Service Management Years 1-5,359,End Date is text '01/03/2030',Process Oversight
Medium,Date stored as text,Service Management Years 1-5,362,End Date is text '01/03/2031',Data Landing Zone
Medium,Date stored as text,Service Management Years 1-5,363,End Date is text '01/03/2031',Strata
Medium,Date stored as text,Service Management Years 1-5,364,End Date is text '01/03/2031',Nexus
Medium,Date stored as text,Service Management Years 1-5,365,End Date is text '01/03/2031',Black Knight
Medium,Date stored as text,Service Management Years 1-5,366,End Date is text '15/03/2031',Black Platform
Medium,Date stored as text,Service Management Years 1-5,367,End Date is text '15/03/2031',Red Platform
Medium,Date stored as text,Service Management Years 1-5,368,End Date is text '01/03/2031',Asset Review & Reporting
Medium,Date stored as text,Service Management Years 1-5,369,End Date is text '01/01/2031',Obsolescence Reporting
Medium,Date stored as text,Service Management Years 1-5,371,End Date is text '01/03/2031',Data Landing Zone
Medium,Date stored as text,Service Management Years 1-5,372,End Date is text '01/03/2031',Strata
Medium,Date stored as text,Service Management Years 1-5,373,End Date is text '01/03/2031',Nexus
Medium,Date stored as text,Service Management Years 1-5,374,End Date is text '01/03/2031',Black Knight
Medium,Date stored as text,Service Management Years 1-5,375,End Date is text '15/03/2031',Black Platform
Medium,Date stored as text,Service Management Years 1-5,376,End Date is text '15/03/2031',Red Platform
Medium,Date stored as text,Service Management Years 1-5,377,End Date is text '01/03/2031',Config Review & Reporting
Medium,Date stored as text,Service Management Years 1-5,379,End Date is text '01/03/2031',Data Landing Zone
Medium,Date stored as text,Service Management Years 1-5,380,End Date is text '01/03/2031',Nexus
Medium,Date stored as text,Service Management Years 1-5,381,End Date is text '01/03/2031',Black Knight
Medium,Date stored as text,Service Management Years 1-5,382,End Date is text '01/03/2031',Data Feeds
Medium,Date stored as text,Service Management Years 1-5,383,End Date is text '01/03/2031',Data Reporting
Medium,Date stored as text,Service Management Years 1-5,385,End Date is text '28/03/2031',CAB
Medium,Date stored as text,Service Management Years 1-5,386,End Date is text '28/03/2031',FSC & Change Calendar
Medium,Date stored as text,Service Management Years 1-5,387,End Date is text '15/03/2031',ECAB
Medium,Date stored as text,Service Management Years 1-5,388,End Date is text '28/03/2031',Authority CAB
Medium,Date stored as text,Service Management Years 1-5,389,End Date is text '28/03/2031',WP Provider CAB
Medium,Date stored as text,Service Management Years 1-5,390,End Date is text '28/03/2031',Pre-Approved Change Review
Medium,Date stored as text,Service Management Years 1-5,391,End Date is text '28/03/2031',Stakeholder Communications
Medium,Date stored as text,Service Management Years 1-5,393,End Date is text '15/03/2031',Deployment Lifecycle Management
Medium,Date stored as text,Service Management Years 1-5,395,End Date is text '15/03/2031',Release Planning & Scheduling
Medium,Date stored as text,Service Management Years 1-5,396,End Date is text '15/03/2031',Stakeholder Communications
Medium,Date stored as text,Service Management Years 1-5,398,End Date is text '31/03/2031',Incident Prioritisation & Management
Medium,Date stored as text,Service Management Years 1-5,399,End Date is text '31/03/2031',Incident Trending & Analysis
Medium,Date stored as text,Service Management Years 1-5,400,End Date is text '28/03/2031',Incident Reporting
Medium,Date stored as text,Service Management Years 1-5,401,End Date is text '28/03/2031',Stakeholder Communications
Medium,Date stored as text,Service Management Years 1-5,402,End Date is text '01/03/2031',Major Incident Management
Medium,Date stored as text,Service Management Years 1-5,403,End Date is text '01/03/2031',Major Incident Washup
Medium,Date stored as text,Service Management Years 1-5,404,End Date is text '01/03/2031',Major Incident Reporting
Medium,Date stored as text,Service Management Years 1-5,406,End Date is text '31/03/2031',Proactive Problem Management
Medium,Date stored as text,Service Management Years 1-5,407,End Date is text '31/03/2031',Reactive Problem Management
Medium,Date stored as text,Service Management Years 1-5,408,End Date is text '28/03/2031',Root Cause Analysis
Medium,Date stored as text,Service Management Years 1-5,409,End Date is text '28/03/2031',Problem Analysis & Prioritisation
Medium,Date stored as text,Service Management Years 1-5,410,End Date is text '15/03/2031',Problem Reporting
Medium,Date stored as text,Service Management Years 1-5,412,End Date is text '28/03/2031',CI Analysis & Prioritisation
Medium,Date stored as text,Service Management Years 1-5,413,End Date is text '01/03/2031',CI Reporting
Medium,Date stored as text,Service Management Years 1-5,415,End Date is text '31/03/2031',Availability Tracking
Medium,Date stored as text,Service Management Years 1-5,416,End Date is text '31/03/2031',Availability Analysis
Medium,Date stored as text,Service Management Years 1-5,417,End Date is text '01/03/2031',Availability Reporting
Medium,Date stored as text,Service Management Years 1-5,419,End Date is text '31/03/2031',Capacity Tracking
Medium,Date stored as text,Service Management Years 1-5,420,End Date is text '31/03/2031',Capacity Trending & Analysis
Medium,Date stored as text,Service Management Years 1-5,421,End Date is text '01/03/2031',Capacity Reporting
Medium,Date stored as text,Service Management Years 1-5,423,End Date is text '01/03/2031',Data Landing Zone Performance Analysis
Medium,Date stored as text,Service Management Years 1-5,424,End Date is text '01/03/2031',Nexus Performance Analysis
Medium,Date stored as text,Service Management Years 1-5,425,End Date is text '01/03/2031',Black Knight Performance Analysis
Medium,Date stored as text,Service Management Years 1-5,426,End Date is text '01/03/2031',Performance Reporting
Medium,Date stored as text,Service Management Years 1-5,428,End Date is text '15/03/2031',Demand Tracking
Medium,Date stored as text,Service Management Years 1-5,429,End Date is text '15/03/2031',Demand Analysis
Medium,Date stored as text,Service Management Years 1-5,430,End Date is text '15/03/2031',Demand Reporting
Medium,Date stored as text,Service Management Years 1-5,432,End Date is text '01/01/2031',DR & SC Planning & Review (Line 1)
Medium,Date stored as text,Service Management Years 1-5,433,End Date is text '01/01/2031',DR & SC Planning & Review (Line 2)
Medium,Date stored as text,Service Management Years 1-5,434,End Date is text '01/10/2030',DR & SC Exercise (Line 1)
Medium,Date stored as text,Service Management Years 1-5,435,End Date is text '01/10/2030',DR & SC Exercise (Line 2)
Medium,Date stored as text,Service Management Years 1-5,437,End Date is text '28/03/2031',Quality Assurance Planning & Scheduling
Medium,Date stored as text,Service Management Years 1-5,439,End Date is text '28/03/2031',SLA Tracking
Medium,Date stored as text,Service Management Years 1-5,440,End Date is text '28/03/2031',KPI Tracking
Medium,Date stored as text,Service Management Years 1-5,442,End Date is text '01/03/2031',Monthly Service Review
Medium,Date stored as text,Service Management Years 1-5,444,End Date is text '31/03/2031',Daily Standup & Oversight
Medium,Date stored as text,Service Management Years 1-5,446,End Date is text '01/03/2031',Service Request Catalogue Updates & Review
Medium,Date stored as text,Service Management Years 1-5,448,End Date is text '01/01/2031',Process & Policy Review
Medium,Date stored as text,Service Management Years 1-5,449,End Date is text '01/03/2031',Process Oversight
Medium,Date stored as text,T&R on ACHE Site 2 Years 2-5,4,End Date is text '15/03/2028',Change Control - Beyond Trust
Medium,Date stored as text,T&R on ACHE Site 2 Years 2-5,5,End Date is text '15/03/2028',Change Control - Tenable
Medium,Date stored as text,T&R on ACHE Site 2 Years 2-5,6,End Date is text '15/03/2028',Change Control - Elastic Stack
Medium,Date stored as text,T&R on ACHE Site 2 Years 2-5,7,End Date is text '15/03/2028',Change Control - Vault
Medium,Date stored as text,T&R on ACHE Site 2 Years 2-5,8,End Date is text '15/03/2028',Change Control - Keycloak
Medium,Date stored as text,T&R on ACHE Site 2 Years 2-5,9,End Date is text '15/03/2028',Change Control - WAF
Medium,Date stored as text,T&R on ACHE Site 2 Years 2-5,10,End Date is text '15/03/2028',Change Control - GitLab
Medium,Date stored as text,T&R on ACHE Site 2 Years 2-5,11,End Date is text '15/03/2028',Change Control - Ansible Deployment Container
Medium,Date stored as text,T&R on ACHE Site 2 Years 2-5,12,End Date is text '15/03/2028',Change Control - Kubernetes Deployment Boxes
Medium,Date stored as text,T&R on ACHE Site 2 Years 2-5,13,End Date is text '15/03/2028',Change Control - PostgreSQL 
Medium,Date stored as text,T&R on ACHE Site 2 Years 2-5,14,End Date is text '15/03/2028',Impex - Beyond Trust
Medium,Date stored as text,T&R on ACHE Site 2 Years 2-5,15,End Date is text '15/03/2028',Impex - Tenable
Medium,Date stored as text,T&R on ACHE Site 2 Years 2-5,16,End Date is text '15/03/2028',Impex - Elastic Stack
Medium,Date stored as text,T&R on ACHE Site 2 Years 2-5,17,End Date is text '15/03/2028',Impex - Vault
Medium,Date stored as text,T&R on ACHE Site 2 Years 2-5,18,End Date is text '15/03/2028',Impex - Keycloak
Medium,Date stored as text,T&R on ACHE Site 2 Years 2-5,19,End Date is text '15/03/2028',Impex - WAF
Medium,Date stored as text,T&R on ACHE Site 2 Years 2-5,20,End Date is text '15/03/2028',Impex - GitLab
Medium,Date stored as text,T&R on ACHE Site 2 Years 2-5,21,End Date is text '15/03/2028',Impex - Ansible Deployment Container
Medium,Date stored as text,T&R on ACHE Site 2 Years 2-5,22,End Date is text '15/03/2028',Impex - Kubernetes Deployment Boxes
Medium,Date stored as text,T&R on ACHE Site 2 Years 2-5,23,End Date is text '15/03/2028',Impex Security Review - Beyond Trust
Medium,Date stored as text,T&R on ACHE Site 2 Years 2-5,24,End Date is text '15/03/2028',Impex Security Review - Tenable
Medium,Date stored as text,T&R on ACHE Site 2 Years 2-5,25,End Date is text '15/03/2028',Impex Security Review - Elastic Stack
Medium,Date stored as text,T&R on ACHE Site 2 Years 2-5,26,End Date is text '15/03/2028',Impex Security Review - Vault
Medium,Date stored as text,T&R on ACHE Site 2 Years 2-5,27,End Date is text '15/03/2028',Impex Security Review - Keycloak
Medium,Date stored as text,T&R on ACHE Site 2 Years 2-5,28,End Date is text '15/03/2028',Impex Security Review - WAF
Medium,Date stored as text,T&R on ACHE Site 2 Years 2-5,29,End Date is text '15/03/2028',Impex Security Review - GitLab
Medium,Date stored as text,T&R on ACHE Site 2 Years 2-5,30,End Date is text '15/03/2028',Impex Security Review - Ansible Deployment Container
Medium,Date stored as text,T&R on ACHE Site 2 Years 2-5,31,End Date is text '15/03/2028',Impex Security Review - Kubernetes Deployment Boxes
Medium,Date stored as text,T&R on ACHE Site 2 Years 2-5,32,End Date is text '15/03/2028',Deployment - Beyond Trust
Medium,Date stored as text,T&R on ACHE Site 2 Years 2-5,33,End Date is text '15/03/2028',Deployment - Tenable
Medium,Date stored as text,T&R on ACHE Site 2 Years 2-5,34,End Date is text '15/03/2028',Deployment - Elastic Stack
Medium,Date stored as text,T&R on ACHE Site 2 Years 2-5,35,End Date is text '15/03/2028',Deployment - Vault
Medium,Date stored as text,T&R on ACHE Site 2 Years 2-5,36,End Date is text '15/03/2028',Deployment - Keycloak
Medium,Date stored as text,T&R on ACHE Site 2 Years 2-5,37,End Date is text '15/03/2028',Deployment - WAF
Medium,Date stored as text,T&R on ACHE Site 2 Years 2-5,38,End Date is text '15/03/2028',Deployment - GitLab
Medium,Date stored as text,T&R on ACHE Site 2 Years 2-5,39,End Date is text '15/03/2028',Deployment - Ansible Deployment Container
Medium,Date stored as text,T&R on ACHE Site 2 Years 2-5,40,End Date is text '15/03/2028',Deployment - Kubernetes Deployment Boxes
Medium,Date stored as text,T&R on ACHE Site 2 Years 2-5,41,End Date is text '15/03/2028',Deployment - PostgreSQL
Medium,Date stored as text,T&R on ACHE Site 2 Years 2-5,42,End Date is text '01/03/2028',Deployment - Root CA
Medium,Date stored as text,T&R on ACHE Site 2 Years 2-5,43,End Date is text '15/03/2028',Post-Deployment Testing - Beyond Trust
Medium,Date stored as text,T&R on ACHE Site 2 Years 2-5,44,End Date is text '15/03/2028',Post-Deployment Testing - Tenable
Medium,Date stored as text,T&R on ACHE Site 2 Years 2-5,45,End Date is text '15/03/2028',Post-Deployment Testing - Elastic Stack
Medium,Date stored as text,T&R on ACHE Site 2 Years 2-5,46,End Date is text '15/03/2028',Post-Deployment Testing - Keycloak
Medium,Date stored as text,T&R on ACHE Site 2 Years 2-5,48,End Date is text '15/03/2028',Change Control - Beyond Trust
Medium,Date stored as text,T&R on ACHE Site 2 Years 2-5,49,End Date is text '15/03/2028',Change Control - Tenable
Medium,Date stored as text,T&R on ACHE Site 2 Years 2-5,50,End Date is text '15/03/2028',Change Control - Elastic Stack
Medium,Date stored as text,T&R on ACHE Site 2 Years 2-5,51,End Date is text '15/03/2028',Change Control - Vault
Medium,Date stored as text,T&R on ACHE Site 2 Years 2-5,52,End Date is text '15/03/2028',Change Control - Keycloak
Medium,Date stored as text,T&R on ACHE Site 2 Years 2-5,53,End Date is text '15/03/2028',Change Control - WAF
Medium,Date stored as text,T&R on ACHE Site 2 Years 2-5,54,End Date is text '15/03/2028',Change Control - GitLab
Medium,Date stored as text,T&R on ACHE Site 2 Years 2-5,55,End Date is text '15/03/2028',Change Control - Ansible Deployment Container
Medium,Date stored as text,T&R on ACHE Site 2 Years 2-5,56,End Date is text '15/03/2028',Change Control - Kubernetes Deployment Boxes
Medium,Date stored as text,T&R on ACHE Site 2 Years 2-5,57,End Date is text '15/03/2028',Change Control - PostgreSQL 
Medium,Date stored as text,T&R on ACHE Site 2 Years 2-5,58,End Date is text '15/03/2028',Impex - Beyond Trust
Medium,Date stored as text,T&R on ACHE Site 2 Years 2-5,59,End Date is text '15/03/2028',Impex - Tenable
Medium,Date stored as text,T&R on ACHE Site 2 Years 2-5,60,End Date is text '15/03/2028',Impex - Elastic Stack
Medium,Date stored as text,T&R on ACHE Site 2 Years 2-5,61,End Date is text '15/03/2028',Impex - Vault
Medium,Date stored as text,T&R on ACHE Site 2 Years 2-5,62,End Date is text '15/03/2028',Impex - Keycloak
Medium,Date stored as text,T&R on ACHE Site 2 Years 2-5,63,End Date is text '15/03/2028',Impex - WAF
Medium,Date stored as text,T&R on ACHE Site 2 Years 2-5,64,End Date is text '15/03/2028',Impex - GitLab
Medium,Date stored as text,T&R on ACHE Site 2 Years 2-5,65,End Date is text '15/03/2028',Impex - Ansible Deployment Container
Medium,Date stored as text,T&R on ACHE Site 2 Years 2-5,66,End Date is text '15/03/2028',Impex - Kubernetes Deployment Boxes
Medium,Date stored as text,T&R on ACHE Site 2 Years 2-5,67,End Date is text '15/03/2028',Impex Security Review - Beyond Trust
Medium,Date stored as text,T&R on ACHE Site 2 Years 2-5,68,End Date is text '15/03/2028',Impex Security Review - Tenable
Medium,Date stored as text,T&R on ACHE Site 2 Years 2-5,69,End Date is text '15/03/2028',Impex Security Review - Elastic Stack
Medium,Date stored as text,T&R on ACHE Site 2 Years 2-5,70,End Date is text '15/03/2028',Impex Security Review - Vault
Medium,Date stored as text,T&R on ACHE Site 2 Years 2-5,71,End Date is text '15/03/2028',Impex Security Review - Keycloak
Medium,Date stored as text,T&R on ACHE Site 2 Years 2-5,72,End Date is text '15/03/2028',Impex Security Review - WAF
Medium,Date stored as text,T&R on ACHE Site 2 Years 2-5,73,End Date is text '15/03/2028',Impex Security Review - GitLab
Medium,Date stored as text,T&R on ACHE Site 2 Years 2-5,74,End Date is text '15/03/2028',Impex Security Review - Ansible Deployment Container
Medium,Date stored as text,T&R on ACHE Site 2 Years 2-5,75,End Date is text '15/03/2028',Impex Security Review - Kubernetes Deployment Boxes
Medium,Date stored as text,T&R on ACHE Site 2 Years 2-5,76,End Date is text '15/03/2028',Deployment - Beyond Trust
Medium,Date stored as text,T&R on ACHE Site 2 Years 2-5,77,End Date is text '15/03/2028',Deployment - Tenable
Medium,Date stored as text,T&R on ACHE Site 2 Years 2-5,78,End Date is text '15/03/2028',Deployment - Elastic Stack
Medium,Date stored as text,T&R on ACHE Site 2 Years 2-5,79,End Date is text '15/03/2028',Deployment - Vault
Medium,Date stored as text,T&R on ACHE Site 2 Years 2-5,80,End Date is text '15/03/2028',Deployment - Keycloak
Medium,Date stored as text,T&R on ACHE Site 2 Years 2-5,81,End Date is text '15/03/2028',Deployment - WAF
Medium,Date stored as text,T&R on ACHE Site 2 Years 2-5,82,End Date is text '15/03/2028',Deployment - GitLab
Medium,Date stored as text,T&R on ACHE Site 2 Years 2-5,83,End Date is text '15/03/2028',Deployment - Ansible Deployment Container
Medium,Date stored as text,T&R on ACHE Site 2 Years 2-5,84,End Date is text '15/03/2028',Deployment - Kubernetes Deployment Boxes
Medium,Date stored as text,T&R on ACHE Site 2 Years 2-5,85,End Date is text '15/03/2028',Deployment - PostgreSQL
Medium,Date stored as text,T&R on ACHE Site 2 Years 2-5,86,End Date is text '01/03/2028',Deployment - Root CA
Medium,Date stored as text,T&R on ACHE Site 2 Years 2-5,87,End Date is text '15/03/2028',Post-Deployment Testing - Beyond Trust
Medium,Date stored as text,T&R on ACHE Site 2 Years 2-5,88,End Date is text '15/03/2028',Post-Deployment Testing - Tenable
Medium,Date stored as text,T&R on ACHE Site 2 Years 2-5,89,End Date is text '15/03/2028',Post-Deployment Testing - Elastic Stack
Medium,Date stored as text,T&R on ACHE Site 2 Years 2-5,90,End Date is text '15/03/2028',Post-Deployment Testing - Keycloak
Medium,Date stored as text,T&R on ACHE Site 2 Years 2-5,92,End Date is text '01/10/2027',Windows
Medium,Date stored as text,T&R on ACHE Site 2 Years 2-5,93,End Date is text '01/10/2027',Beyond Trust
Medium,Date stored as text,T&R on ACHE Site 2 Years 2-5,94,End Date is text '01/10/2027',Tenable
Medium,Date stored as text,T&R on ACHE Site 2 Years 2-5,95,End Date is text '01/10/2027',Elastic Stack
Medium,Date stored as text,T&R on ACHE Site 2 Years 2-5,96,End Date is text '01/10/2027',Vault
Medium,Date stored as text,T&R on ACHE Site 2 Years 2-5,97,End Date is text '01/10/2027',WAF
Medium,Date stored as text,T&R on ACHE Site 2 Years 2-5,98,End Date is text '01/10/2027',GitLab
Medium,Date stored as text,T&R on ACHE Site 2 Years 2-5,100,End Date is text '01/10/2027',Windows
Medium,Date stored as text,T&R on ACHE Site 2 Years 2-5,101,End Date is text '01/10/2027',Beyond Trust
Medium,Date stored as text,T&R on ACHE Site 2 Years 2-5,102,End Date is text '01/10/2027',Tenable
Medium,Date stored as text,T&R on ACHE Site 2 Years 2-5,103,End Date is text '01/10/2027',Elastic Stack
Medium,Date stored as text,T&R on ACHE Site 2 Years 2-5,104,End Date is text '01/10/2027',Vault
Medium,Date stored as text,T&R on ACHE Site 2 Years 2-5,105,End Date is text '01/10/2027',WAF
Medium,Date stored as text,T&R on ACHE Site 2 Years 2-5,106,End Date is text '01/10/2027',GitLab
Medium,Date stored as text,T&R on ACHE Site 2 Years 2-5,108,End Date is text '01/10/2027',Windows VMs
Medium,Date stored as text,T&R on ACHE Site 2 Years 2-5,109,End Date is text '01/10/2027',Linux VMs
Medium,Date stored as text,T&R on ACHE Site 2 Years 2-5,110,End Date is text '01/10/2027',Active Directory
Medium,Date stored as text,T&R on ACHE Site 2 Years 2-5,111,End Date is text '01/10/2027',ADFS
Medium,Date stored as text,T&R on ACHE Site 2 Years 2-5,112,End Date is text '01/10/2027',Beyond Trust
Medium,Date stored as text,T&R on ACHE Site 2 Years 2-5,113,End Date is text '01/10/2027',Tenable
Medium,Date stored as text,T&R on ACHE Site 2 Years 2-5,114,End Date is text '01/10/2027',Elastic Stack
Medium,Date stored as text,T&R on ACHE Site 2 Years 2-5,115,End Date is text '01/10/2027',Impex EUD
Medium,Date stored as text,T&R on ACHE Site 2 Years 2-5,116,End Date is text '01/10/2027',Vault
Medium,Date stored as text,T&R on ACHE Site 2 Years 2-5,117,End Date is text '01/10/2027',Keycloak
Medium,Date stored as text,T&R on ACHE Site 2 Years 2-5,118,End Date is text '01/10/2027',WAF
Medium,Date stored as text,T&R on ACHE Site 2 Years 2-5,119,End Date is text '01/10/2027',GitLab
Medium,Date stored as text,T&R on ACHE Site 2 Years 2-5,120,End Date is text '01/10/2027',Ansible Deployment Container
Medium,Date stored as text,T&R on ACHE Site 2 Years 2-5,121,End Date is text '01/10/2027',Kubernetes Deployment Boxes
Medium,Date stored as text,T&R on ACHE Site 2 Years 2-5,122,End Date is text '01/10/2027',PostgreSQL
Medium,Date stored as text,T&R on ACHE Site 2 Years 2-5,123,End Date is text '01/10/2027',Root CA
Medium,Date stored as text,T&R on ACHE Site 2 Years 2-5,124,End Date is text '01/10/2027',Issuing CA
Medium,Date stored as text,T&R on ACHE Site 2 Years 2-5,125,End Date is text '01/10/2027',Vault Issuing CA
Medium,Date stored as text,T&R on ACHE Site 2 Years 2-5,126,End Date is text '01/10/2027',BPS Gateway
Medium,Date stored as text,T&R on ACHE Site 2 Years 2-5,128,End Date is text '01/10/2027',Windows VMs
Medium,Date stored as text,T&R on ACHE Site 2 Years 2-5,129,End Date is text '01/10/2027',Linux VMs
Medium,Date stored as text,T&R on ACHE Site 2 Years 2-5,130,End Date is text '01/10/2027',Active Directory
Medium,Date stored as text,T&R on ACHE Site 2 Years 2-5,131,End Date is text '01/10/2027',ADFS
Medium,Date stored as text,T&R on ACHE Site 2 Years 2-5,132,End Date is text '01/10/2027',Beyond Trust
Medium,Date stored as text,T&R on ACHE Site 2 Years 2-5,133,End Date is text '01/10/2027',Tenable
Medium,Date stored as text,T&R on ACHE Site 2 Years 2-5,134,End Date is text '01/10/2027',Elastic Stack
Medium,Date stored as text,T&R on ACHE Site 2 Years 2-5,135,End Date is text '01/10/2027',Impex EUD
Medium,Date stored as text,T&R on ACHE Site 2 Years 2-5,136,End Date is text '01/10/2027',Vault
Medium,Date stored as text,T&R on ACHE Site 2 Years 2-5,137,End Date is text '01/10/2027',Keycloak
Medium,Date stored as text,T&R on ACHE Site 2 Years 2-5,138,End Date is text '01/10/2027',WAF
Medium,Date stored as text,T&R on ACHE Site 2 Years 2-5,139,End Date is text '01/10/2027',GitLab
Medium,Date stored as text,T&R on ACHE Site 2 Years 2-5,140,End Date is text '01/10/2027',Ansible Deployment Container
Medium,Date stored as text,T&R on ACHE Site 2 Years 2-5,141,End Date is text '01/10/2027',Kubernetes Deployment Boxes
Medium,Date stored as text,T&R on ACHE Site 2 Years 2-5,142,End Date is text '01/10/2027',PostgreSQL
Medium,Date stored as text,T&R on ACHE Site 2 Years 2-5,143,End Date is text '01/10/2027',Root CA
Medium,Date stored as text,T&R on ACHE Site 2 Years 2-5,144,End Date is text '01/10/2027',Issuing CA
Medium,Date stored as text,T&R on ACHE Site 2 Years 2-5,145,End Date is text '01/10/2027',Vault Issuing CA
Medium,Date stored as text,T&R on ACHE Site 2 Years 2-5,146,End Date is text '01/10/2027',BPS Gateway
Medium,Date stored as text,T&R on ACHE Site 2 Years 2-5,148,End Date is text '15/03/2028',Windows VMs
Medium,Date stored as text,T&R on ACHE Site 2 Years 2-5,149,End Date is text '15/03/2028',Linux VMs
Medium,Date stored as text,T&R on ACHE Site 2 Years 2-5,150,End Date is text '15/03/2028',Active Directory
Medium,Date stored as text,T&R on ACHE Site 2 Years 2-5,151,End Date is text '15/03/2028',ADFS
Medium,Date stored as text,T&R on ACHE Site 2 Years 2-5,152,End Date is text '15/03/2028',Beyond Trust
Medium,Date stored as text,T&R on ACHE Site 2 Years 2-5,153,End Date is text '15/03/2028',Tenable
Medium,Date stored as text,T&R on ACHE Site 2 Years 2-5,154,End Date is text '15/03/2028',Elastic Stack
Medium,Date stored as text,T&R on ACHE Site 2 Years 2-5,155,End Date is text '15/03/2028',Impex EUD
Medium,Date stored as text,T&R on ACHE Site 2 Years 2-5,156,End Date is text '15/03/2028',Vault
Medium,Date stored as text,T&R on ACHE Site 2 Years 2-5,157,End Date is text '15/03/2028',Keycloak
Medium,Date stored as text,T&R on ACHE Site 2 Years 2-5,158,End Date is text '15/03/2028',WAF
Medium,Date stored as text,T&R on ACHE Site 2 Years 2-5,159,End Date is text '15/03/2028',GitLab
Medium,Date stored as text,T&R on ACHE Site 2 Years 2-5,160,End Date is text '15/03/2028',Ansible Deployment Container
Medium,Date stored as text,T&R on ACHE Site 2 Years 2-5,161,End Date is text '15/03/2028',Kubernetes Deployment Boxes
Medium,Date stored as text,T&R on ACHE Site 2 Years 2-5,162,End Date is text '15/03/2028',PostgreSQL
Medium,Date stored as text,T&R on ACHE Site 2 Years 2-5,163,End Date is text '15/03/2028',Root CA
Medium,Date stored as text,T&R on ACHE Site 2 Years 2-5,164,End Date is text '15/03/2028',Issuing CA
Medium,Date stored as text,T&R on ACHE Site 2 Years 2-5,165,End Date is text '15/03/2028',Vault Issuing CA
Medium,Date stored as text,T&R on ACHE Site 2 Years 2-5,166,End Date is text '01/10/2027',BPS Gateway
Medium,Date stored as text,T&R on ACHE Site 2 Years 2-5,168,End Date is text '15/03/2028',Windows VMs
Medium,Date stored as text,T&R on ACHE Site 2 Years 2-5,169,End Date is text '15/03/2028',Linux VMs
Medium,Date stored as text,T&R on ACHE Site 2 Years 2-5,170,End Date is text '15/03/2028',Active Directory
Medium,Date stored as text,T&R on ACHE Site 2 Years 2-5,171,End Date is text '15/03/2028',ADFS
Medium,Date stored as text,T&R on ACHE Site 2 Years 2-5,172,End Date is text '15/03/2028',Beyond Trust
Medium,Date stored as text,T&R on ACHE Site 2 Years 2-5,173,End Date is text '15/03/2028',Tenable
Medium,Date stored as text,T&R on ACHE Site 2 Years 2-5,174,End Date is text '15/03/2028',Elastic Stack
Medium,Date stored as text,T&R on ACHE Site 2 Years 2-5,175,End Date is text '15/03/2028',Impex EUD
Medium,Date stored as text,T&R on ACHE Site 2 Years 2-5,176,End Date is text '15/03/2028',Vault
Medium,Date stored as text,T&R on ACHE Site 2 Years 2-5,177,End Date is text '15/03/2028',Keycloak
Medium,Date stored as text,T&R on ACHE Site 2 Years 2-5,178,End Date is text '15/03/2028',WAF
Medium,Date stored as text,T&R on ACHE Site 2 Years 2-5,179,End Date is text '15/03/2028',GitLab
Medium,Date stored as text,T&R on ACHE Site 2 Years 2-5,180,End Date is text '15/03/2028',Ansible Deployment Container
Medium,Date stored as text,T&R on ACHE Site 2 Years 2-5,181,End Date is text '15/03/2028',Kubernetes Deployment Boxes
Medium,Date stored as text,T&R on ACHE Site 2 Years 2-5,182,End Date is text '15/03/2028',PostgreSQL
Medium,Date stored as text,T&R on ACHE Site 2 Years 2-5,183,End Date is text '15/03/2028',Root CA
Medium,Date stored as text,T&R on ACHE Site 2 Years 2-5,184,End Date is text '15/03/2028',Issuing CA
Medium,Date stored as text,T&R on ACHE Site 2 Years 2-5,185,End Date is text '15/03/2028',Vault Issuing CA
Medium,Date stored as text,T&R on ACHE Site 2 Years 2-5,186,End Date is text '01/10/2027',BPS Gateway
Medium,Date stored as text,T&R on ACHE Site 2 Years 2-5,188,End Date is text '15/03/2028',Windows VMs
Medium,Date stored as text,T&R on ACHE Site 2 Years 2-5,189,End Date is text '15/03/2028',Linux VMs
Medium,Date stored as text,T&R on ACHE Site 2 Years 2-5,190,End Date is text '15/03/2028',Active Directory
Medium,Date stored as text,T&R on ACHE Site 2 Years 2-5,191,End Date is text '15/03/2028',ADFS
Medium,Date stored as text,T&R on ACHE Site 2 Years 2-5,192,End Date is text '15/03/2028',Beyond Trust
Medium,Date stored as text,T&R on ACHE Site 2 Years 2-5,193,End Date is text '15/03/2028',Tenable
Medium,Date stored as text,T&R on ACHE Site 2 Years 2-5,194,End Date is text '15/03/2028',Elastic Stack
Medium,Date stored as text,T&R on ACHE Site 2 Years 2-5,195,End Date is text '15/03/2028',Impex EUD
Medium,Date stored as text,T&R on ACHE Site 2 Years 2-5,196,End Date is text '15/03/2028',Vault
Medium,Date stored as text,T&R on ACHE Site 2 Years 2-5,197,End Date is text '15/03/2028',Keycloak
Medium,Date stored as text,T&R on ACHE Site 2 Years 2-5,198,End Date is text '15/03/2028',WAF
Medium,Date stored as text,T&R on ACHE Site 2 Years 2-5,199,End Date is text '15/03/2028',GitLab
Medium,Date stored as text,T&R on ACHE Site 2 Years 2-5,200,End Date is text '15/03/2028',Ansible Deployment Container
Medium,Date stored as text,T&R on ACHE Site 2 Years 2-5,201,End Date is text '15/03/2028',Kubernetes Deployment Boxes
Medium,Date stored as text,T&R on ACHE Site 2 Years 2-5,202,End Date is text '15/03/2028',PostgreSQL
Medium,Date stored as text,T&R on ACHE Site 2 Years 2-5,203,End Date is text '15/03/2028',Root CA
Medium,Date stored as text,T&R on ACHE Site 2 Years 2-5,204,End Date is text '15/03/2028',Issuing CA
Medium,Date stored as text,T&R on ACHE Site 2 Years 2-5,205,End Date is text '15/03/2028',Vault Issuing CA
Medium,Date stored as text,T&R on ACHE Site 2 Years 2-5,207,End Date is text '15/03/2028',Windows VMs
Medium,Date stored as text,T&R on ACHE Site 2 Years 2-5,208,End Date is text '15/03/2028',Linux VMs
Medium,Date stored as text,T&R on ACHE Site 2 Years 2-5,209,End Date is text '15/03/2028',Active Directory
Medium,Date stored as text,T&R on ACHE Site 2 Years 2-5,210,End Date is text '15/03/2028',ADFS
Medium,Date stored as text,T&R on ACHE Site 2 Years 2-5,211,End Date is text '15/03/2028',Beyond Trust
Medium,Date stored as text,T&R on ACHE Site 2 Years 2-5,212,End Date is text '15/03/2028',Tenable
Medium,Date stored as text,T&R on ACHE Site 2 Years 2-5,213,End Date is text '15/03/2028',Elastic Stack
Medium,Date stored as text,T&R on ACHE Site 2 Years 2-5,214,End Date is text '15/03/2028',Impex EUD
Medium,Date stored as text,T&R on ACHE Site 2 Years 2-5,215,End Date is text '15/03/2028',Vault
Medium,Date stored as text,T&R on ACHE Site 2 Years 2-5,216,End Date is text '15/03/2028',Keycloak
Medium,Date stored as text,T&R on ACHE Site 2 Years 2-5,217,End Date is text '15/03/2028',WAF
Medium,Date stored as text,T&R on ACHE Site 2 Years 2-5,218,End Date is text '15/03/2028',GitLab
Medium,Date stored as text,T&R on ACHE Site 2 Years 2-5,219,End Date is text '15/03/2028',Ansible Deployment Container
Medium,Date stored as text,T&R on ACHE Site 2 Years 2-5,220,End Date is text '15/03/2028',Kubernetes Deployment Boxes
Medium,Date stored as text,T&R on ACHE Site 2 Years 2-5,221,End Date is text '15/03/2028',PostgreSQL
Medium,Date stored as text,T&R on ACHE Site 2 Years 2-5,222,End Date is text '15/03/2028',Root CA
Medium,Date stored as text,T&R on ACHE Site 2 Years 2-5,223,End Date is text '15/03/2028',Issuing CA
Medium,Date stored as text,T&R on ACHE Site 2 Years 2-5,224,End Date is text '15/03/2028',Vault Issuing CA
Medium,Date stored as text,T&R on ACHE Site 2 Years 2-5,226,End Date is text '15/03/2028',Windows VMs
Medium,Date stored as text,T&R on ACHE Site 2 Years 2-5,227,End Date is text '15/03/2028',Linux VMs
Medium,Date stored as text,T&R on ACHE Site 2 Years 2-5,228,End Date is text '15/03/2028',Active Directory
Medium,Date stored as text,T&R on ACHE Site 2 Years 2-5,229,End Date is text '15/03/2028',ADFS
Medium,Date stored as text,T&R on ACHE Site 2 Years 2-5,230,End Date is text '15/03/2028',Beyond Trust
Medium,Date stored as text,T&R on ACHE Site 2 Years 2-5,231,End Date is text '15/03/2028',Tenable
Medium,Date stored as text,T&R on ACHE Site 2 Years 2-5,232,End Date is text '15/03/2028',Elastic Stack
Medium,Date stored as text,T&R on ACHE Site 2 Years 2-5,233,End Date is text '15/03/2028',Impex EUD
Medium,Date stored as text,T&R on ACHE Site 2 Years 2-5,234,End Date is text '15/03/2028',Vault
Medium,Date stored as text,T&R on ACHE Site 2 Years 2-5,235,End Date is text '15/03/2028',Keycloak
Medium,Date stored as text,T&R on ACHE Site 2 Years 2-5,236,End Date is text '15/03/2028',WAF
Medium,Date stored as text,T&R on ACHE Site 2 Years 2-5,237,End Date is text '15/03/2028',GitLab
Medium,Date stored as text,T&R on ACHE Site 2 Years 2-5,238,End Date is text '15/03/2028',Ansible Deployment Container
Medium,Date stored as text,T&R on ACHE Site 2 Years 2-5,239,End Date is text '15/03/2028',Kubernetes Deployment Boxes
Medium,Date stored as text,T&R on ACHE Site 2 Years 2-5,240,End Date is text '15/03/2028',PostgreSQL
Medium,Date stored as text,T&R on ACHE Site 2 Years 2-5,241,End Date is text '15/03/2028',Root CA
Medium,Date stored as text,T&R on ACHE Site 2 Years 2-5,242,End Date is text '15/03/2028',Issuing CA
Medium,Date stored as text,T&R on ACHE Site 2 Years 2-5,243,End Date is text '15/03/2028',Vault Issuing CA
Medium,Date stored as text,T&R on ACHE Site 2 Years 2-5,245,End Date is text '15/03/2028',Windows VMs
Medium,Date stored as text,T&R on ACHE Site 2 Years 2-5,246,End Date is text '15/03/2028',Linux VMs
Medium,Date stored as text,T&R on ACHE Site 2 Years 2-5,247,End Date is text '15/03/2028',Active Directory
Medium,Date stored as text,T&R on ACHE Site 2 Years 2-5,248,End Date is text '15/03/2028',ADFS
Medium,Date stored as text,T&R on ACHE Site 2 Years 2-5,249,End Date is text '15/03/2028',Beyond Trust
Medium,Date stored as text,T&R on ACHE Site 2 Years 2-5,250,End Date is text '15/03/2028',Tenable
Medium,Date stored as text,T&R on ACHE Site 2 Years 2-5,251,End Date is text '15/03/2028',Elastic Stack
Medium,Date stored as text,T&R on ACHE Site 2 Years 2-5,252,End Date is text '15/03/2028',Impex EUD
Medium,Date stored as text,T&R on ACHE Site 2 Years 2-5,253,End Date is text '15/03/2028',Vault
Medium,Date stored as text,T&R on ACHE Site 2 Years 2-5,254,End Date is text '15/03/2028',Keycloak
Medium,Date stored as text,T&R on ACHE Site 2 Years 2-5,255,End Date is text '15/03/2028',WAF
Medium,Date stored as text,T&R on ACHE Site 2 Years 2-5,256,End Date is text '15/03/2028',GitLab
Medium,Date stored as text,T&R on ACHE Site 2 Years 2-5,257,End Date is text '15/03/2028',Ansible Deployment Container
Medium,Date stored as text,T&R on ACHE Site 2 Years 2-5,258,End Date is text '15/03/2028',Kubernetes Deployment Boxes
Medium,Date stored as text,T&R on ACHE Site 2 Years 2-5,259,End Date is text '15/03/2028',PostgreSQL
Medium,Date stored as text,T&R on ACHE Site 2 Years 2-5,260,End Date is text '15/03/2028',Root CA
Medium,Date stored as text,T&R on ACHE Site 2 Years 2-5,261,End Date is text '15/03/2028',Issuing CA
Medium,Date stored as text,T&R on ACHE Site 2 Years 2-5,262,End Date is text '15/03/2028',Vault Issuing CA
Medium,Date stored as text,T&R on ACHE Site 2 Years 2-5,265,End Date is text '15/03/2029',Change Control - Beyond Trust
Medium,Date stored as text,T&R on ACHE Site 2 Years 2-5,266,End Date is text '15/03/2029',Change Control - Tenable
Medium,Date stored as text,T&R on ACHE Site 2 Years 2-5,267,End Date is text '15/03/2029',Change Control - Elastic Stack
Medium,Date stored as text,T&R on ACHE Site 2 Years 2-5,268,End Date is text '15/03/2029',Change Control - Vault
Medium,Date stored as text,T&R on ACHE Site 2 Years 2-5,269,End Date is text '15/03/2029',Change Control - Keycloak
Medium,Date stored as text,T&R on ACHE Site 2 Years 2-5,270,End Date is text '15/03/2029',Change Control - WAF
Medium,Date stored as text,T&R on ACHE Site 2 Years 2-5,271,End Date is text '15/03/2029',Change Control - GitLab
Medium,Date stored as text,T&R on ACHE Site 2 Years 2-5,272,End Date is text '15/03/2029',Change Control - Ansible Deployment Container
Medium,Date stored as text,T&R on ACHE Site 2 Years 2-5,273,End Date is text '15/03/2029',Change Control - Kubernetes Deployment Boxes
Medium,Date stored as text,T&R on ACHE Site 2 Years 2-5,274,End Date is text '15/03/2029',Change Control - PostgreSQL 
Medium,Date stored as text,T&R on ACHE Site 2 Years 2-5,275,End Date is text '15/03/2029',Impex - Beyond Trust
Medium,Date stored as text,T&R on ACHE Site 2 Years 2-5,276,End Date is text '15/03/2029',Impex - Tenable
Medium,Date stored as text,T&R on ACHE Site 2 Years 2-5,277,End Date is text '15/03/2029',Impex - Elastic Stack
Medium,Date stored as text,T&R on ACHE Site 2 Years 2-5,278,End Date is text '15/03/2029',Impex - Vault
Medium,Date stored as text,T&R on ACHE Site 2 Years 2-5,279,End Date is text '15/03/2029',Impex - Keycloak
Medium,Date stored as text,T&R on ACHE Site 2 Years 2-5,280,End Date is text '15/03/2029',Impex - WAF
Medium,Date stored as text,T&R on ACHE Site 2 Years 2-5,281,End Date is text '15/03/2029',Impex - GitLab
Medium,Date stored as text,T&R on ACHE Site 2 Years 2-5,282,End Date is text '15/03/2029',Impex - Ansible Deployment Container
Medium,Date stored as text,T&R on ACHE Site 2 Years 2-5,283,End Date is text '15/03/2029',Impex - Kubernetes Deployment Boxes
Medium,Date stored as text,T&R on ACHE Site 2 Years 2-5,284,End Date is text '15/03/2029',Impex Security Review - Beyond Trust
Medium,Date stored as text,T&R on ACHE Site 2 Years 2-5,285,End Date is text '15/03/2029',Impex Security Review - Tenable
Medium,Date stored as text,T&R on ACHE Site 2 Years 2-5,286,End Date is text '15/03/2029',Impex Security Review - Elastic Stack
Medium,Date stored as text,T&R on ACHE Site 2 Years 2-5,287,End Date is text '15/03/2029',Impex Security Review - Vault
Medium,Date stored as text,T&R on ACHE Site 2 Years 2-5,288,End Date is text '15/03/2029',Impex Security Review - Keycloak
Medium,Date stored as text,T&R on ACHE Site 2 Years 2-5,289,End Date is text '15/03/2029',Impex Security Review - WAF
Medium,Date stored as text,T&R on ACHE Site 2 Years 2-5,290,End Date is text '15/03/2029',Impex Security Review - GitLab
Medium,Date stored as text,T&R on ACHE Site 2 Years 2-5,291,End Date is text '15/03/2029',Impex Security Review - Ansible Deployment Container
Medium,Date stored as text,T&R on ACHE Site 2 Years 2-5,292,End Date is text '15/03/2029',Impex Security Review - Kubernetes Deployment Boxes
Medium,Date stored as text,T&R on ACHE Site 2 Years 2-5,293,End Date is text '15/03/2029',Deployment - Beyond Trust
Medium,Date stored as text,T&R on ACHE Site 2 Years 2-5,294,End Date is text '15/03/2029',Deployment - Tenable
Medium,Date stored as text,T&R on ACHE Site 2 Years 2-5,295,End Date is text '15/03/2029',Deployment - Elastic Stack
Medium,Date stored as text,T&R on ACHE Site 2 Years 2-5,296,End Date is text '15/03/2029',Deployment - Vault
Medium,Date stored as text,T&R on ACHE Site 2 Years 2-5,297,End Date is text '15/03/2029',Deployment - Keycloak
Medium,Date stored as text,T&R on ACHE Site 2 Years 2-5,298,End Date is text '15/03/2029',Deployment - WAF
Medium,Date stored as text,T&R on ACHE Site 2 Years 2-5,299,End Date is text '15/03/2029',Deployment - GitLab
Medium,Date stored as text,T&R on ACHE Site 2 Years 2-5,300,End Date is text '15/03/2029',Deployment - Ansible Deployment Container
Medium,Date stored as text,T&R on ACHE Site 2 Years 2-5,301,End Date is text '15/03/2029',Deployment - Kubernetes Deployment Boxes
Medium,Date stored as text,T&R on ACHE Site 2 Years 2-5,302,End Date is text '15/03/2029',Deployment - PostgreSQL
Medium,Date stored as text,T&R on ACHE Site 2 Years 2-5,303,End Date is text '01/03/2029',Deployment - Root CA
Medium,Date stored as text,T&R on ACHE Site 2 Years 2-5,304,End Date is text '15/03/2029',Post-Deployment Testing - Beyond Trust
Medium,Date stored as text,T&R on ACHE Site 2 Years 2-5,305,End Date is text '15/03/2029',Post-Deployment Testing - Tenable
Medium,Date stored as text,T&R on ACHE Site 2 Years 2-5,306,End Date is text '15/03/2029',Post-Deployment Testing - Elastic Stack
Medium,Date stored as text,T&R on ACHE Site 2 Years 2-5,307,End Date is text '15/03/2029',Post-Deployment Testing - Keycloak
Medium,Date stored as text,T&R on ACHE Site 2 Years 2-5,309,End Date is text '15/03/2029',Change Control - Beyond Trust
Medium,Date stored as text,T&R on ACHE Site 2 Years 2-5,310,End Date is text '15/03/2029',Change Control - Tenable
Medium,Date stored as text,T&R on ACHE Site 2 Years 2-5,311,End Date is text '15/03/2029',Change Control - Elastic Stack
Medium,Date stored as text,T&R on ACHE Site 2 Years 2-5,312,End Date is text '15/03/2029',Change Control - Vault
Medium,Date stored as text,T&R on ACHE Site 2 Years 2-5,313,End Date is text '15/03/2029',Change Control - Keycloak
Medium,Date stored as text,T&R on ACHE Site 2 Years 2-5,314,End Date is text '15/03/2029',Change Control - WAF
Medium,Date stored as text,T&R on ACHE Site 2 Years 2-5,315,End Date is text '15/03/2029',Change Control - GitLab
Medium,Date stored as text,T&R on ACHE Site 2 Years 2-5,316,End Date is text '15/03/2029',Change Control - Ansible Deployment Container
Medium,Date stored as text,T&R on ACHE Site 2 Years 2-5,317,End Date is text '15/03/2029',Change Control - Kubernetes Deployment Boxes
Medium,Date stored as text,T&R on ACHE Site 2 Years 2-5,318,End Date is text '15/03/2029',Change Control - PostgreSQL 
Medium,Date stored as text,T&R on ACHE Site 2 Years 2-5,319,End Date is text '15/03/2029',Impex - Beyond Trust
Medium,Date stored as text,T&R on ACHE Site 2 Years 2-5,320,End Date is text '15/03/2029',Impex - Tenable
Medium,Date stored as text,T&R on ACHE Site 2 Years 2-5,321,End Date is text '15/03/2029',Impex - Elastic Stack
Medium,Date stored as text,T&R on ACHE Site 2 Years 2-5,322,End Date is text '15/03/2029',Impex - Vault
Medium,Date stored as text,T&R on ACHE Site 2 Years 2-5,323,End Date is text '15/03/2029',Impex - Keycloak
Medium,Date stored as text,T&R on ACHE Site 2 Years 2-5,324,End Date is text '15/03/2029',Impex - WAF
Medium,Date stored as text,T&R on ACHE Site 2 Years 2-5,325,End Date is text '15/03/2029',Impex - GitLab
Medium,Date stored as text,T&R on ACHE Site 2 Years 2-5,326,End Date is text '15/03/2029',Impex - Ansible Deployment Container
Medium,Date stored as text,T&R on ACHE Site 2 Years 2-5,327,End Date is text '15/03/2029',Impex - Kubernetes Deployment Boxes
Medium,Date stored as text,T&R on ACHE Site 2 Years 2-5,328,End Date is text '15/03/2029',Impex Security Review - Beyond Trust
Medium,Date stored as text,T&R on ACHE Site 2 Years 2-5,329,End Date is text '15/03/2029',Impex Security Review - Tenable
Medium,Date stored as text,T&R on ACHE Site 2 Years 2-5,330,End Date is text '15/03/2029',Impex Security Review - Elastic Stack
Medium,Date stored as text,T&R on ACHE Site 2 Years 2-5,331,End Date is text '15/03/2029',Impex Security Review - Vault
Medium,Date stored as text,T&R on ACHE Site 2 Years 2-5,332,End Date is text '15/03/2029',Impex Security Review - Keycloak
Medium,Date stored as text,T&R on ACHE Site 2 Years 2-5,333,End Date is text '15/03/2029',Impex Security Review - WAF
Medium,Date stored as text,T&R on ACHE Site 2 Years 2-5,334,End Date is text '15/03/2029',Impex Security Review - GitLab
Medium,Date stored as text,T&R on ACHE Site 2 Years 2-5,335,End Date is text '15/03/2029',Impex Security Review - Ansible Deployment Container
Medium,Date stored as text,T&R on ACHE Site 2 Years 2-5,336,End Date is text '15/03/2029',Impex Security Review - Kubernetes Deployment Boxes
Medium,Date stored as text,T&R on ACHE Site 2 Years 2-5,337,End Date is text '15/03/2029',Deployment - Beyond Trust
Medium,Date stored as text,T&R on ACHE Site 2 Years 2-5,338,End Date is text '15/03/2029',Deployment - Tenable
Medium,Date stored as text,T&R on ACHE Site 2 Years 2-5,339,End Date is text '15/03/2029',Deployment - Elastic Stack
Medium,Date stored as text,T&R on ACHE Site 2 Years 2-5,340,End Date is text '15/03/2029',Deployment - Vault
Medium,Date stored as text,T&R on ACHE Site 2 Years 2-5,341,End Date is text '15/03/2029',Deployment - Keycloak
Medium,Date stored as text,T&R on ACHE Site 2 Years 2-5,342,End Date is text '15/03/2029',Deployment - WAF
Medium,Date stored as text,T&R on ACHE Site 2 Years 2-5,343,End Date is text '15/03/2029',Deployment - GitLab
Medium,Date stored as text,T&R on ACHE Site 2 Years 2-5,344,End Date is text '15/03/2029',Deployment - Ansible Deployment Container
Medium,Date stored as text,T&R on ACHE Site 2 Years 2-5,345,End Date is text '15/03/2029',Deployment - Kubernetes Deployment Boxes
Medium,Date stored as text,T&R on ACHE Site 2 Years 2-5,346,End Date is text '15/03/2029',Deployment - PostgreSQL
Medium,Date stored as text,T&R on ACHE Site 2 Years 2-5,347,End Date is text '01/03/2029',Deployment - Root CA
Medium,Date stored as text,T&R on ACHE Site 2 Years 2-5,348,End Date is text '15/03/2029',Post-Deployment Testing - Beyond Trust
Medium,Date stored as text,T&R on ACHE Site 2 Years 2-5,349,End Date is text '15/03/2029',Post-Deployment Testing - Tenable
Medium,Date stored as text,T&R on ACHE Site 2 Years 2-5,350,End Date is text '15/03/2029',Post-Deployment Testing - Elastic Stack
Medium,Date stored as text,T&R on ACHE Site 2 Years 2-5,351,End Date is text '15/03/2029',Post-Deployment Testing - Keycloak
Medium,Date stored as text,T&R on ACHE Site 2 Years 2-5,353,End Date is text '01/10/2028',Windows
Medium,Date stored as text,T&R on ACHE Site 2 Years 2-5,354,End Date is text '01/10/2028',Beyond Trust
Medium,Date stored as text,T&R on ACHE Site 2 Years 2-5,355,End Date is text '01/10/2028',Tenable
Medium,Date stored as text,T&R on ACHE Site 2 Years 2-5,356,End Date is text '01/10/2028',Elastic Stack
Medium,Date stored as text,T&R on ACHE Site 2 Years 2-5,357,End Date is text '01/10/2028',Vault
Medium,Date stored as text,T&R on ACHE Site 2 Years 2-5,358,End Date is text '01/10/2028',WAF
Medium,Date stored as text,T&R on ACHE Site 2 Years 2-5,359,End Date is text '01/10/2028',GitLab
Medium,Date stored as text,T&R on ACHE Site 2 Years 2-5,361,End Date is text '01/10/2028',Windows
Medium,Date stored as text,T&R on ACHE Site 2 Years 2-5,362,End Date is text '01/10/2028',Beyond Trust
Medium,Date stored as text,T&R on ACHE Site 2 Years 2-5,363,End Date is text '01/10/2028',Tenable
Medium,Date stored as text,T&R on ACHE Site 2 Years 2-5,364,End Date is text '01/10/2028',Elastic Stack
Medium,Date stored as text,T&R on ACHE Site 2 Years 2-5,365,End Date is text '01/10/2028',Vault
Medium,Date stored as text,T&R on ACHE Site 2 Years 2-5,366,End Date is text '01/10/2028',WAF
Medium,Date stored as text,T&R on ACHE Site 2 Years 2-5,367,End Date is text '01/10/2028',GitLab
Medium,Date stored as text,T&R on ACHE Site 2 Years 2-5,369,End Date is text '01/10/2028',Windows VMs
Medium,Date stored as text,T&R on ACHE Site 2 Years 2-5,370,End Date is text '01/10/2028',Linux VMs
Medium,Date stored as text,T&R on ACHE Site 2 Years 2-5,371,End Date is text '01/10/2028',Active Directory
Medium,Date stored as text,T&R on ACHE Site 2 Years 2-5,372,End Date is text '01/10/2028',ADFS
Medium,Date stored as text,T&R on ACHE Site 2 Years 2-5,373,End Date is text '01/10/2028',Beyond Trust
Medium,Date stored as text,T&R on ACHE Site 2 Years 2-5,374,End Date is text '01/10/2028',Tenable
Medium,Date stored as text,T&R on ACHE Site 2 Years 2-5,375,End Date is text '01/10/2028',Elastic Stack
Medium,Date stored as text,T&R on ACHE Site 2 Years 2-5,376,End Date is text '01/10/2028',Impex EUD
Medium,Date stored as text,T&R on ACHE Site 2 Years 2-5,377,End Date is text '01/10/2028',Vault
Medium,Date stored as text,T&R on ACHE Site 2 Years 2-5,378,End Date is text '01/10/2028',Keycloak
Medium,Date stored as text,T&R on ACHE Site 2 Years 2-5,379,End Date is text '01/10/2028',WAF
Medium,Date stored as text,T&R on ACHE Site 2 Years 2-5,380,End Date is text '01/10/2028',GitLab
Medium,Date stored as text,T&R on ACHE Site 2 Years 2-5,381,End Date is text '01/10/2028',Ansible Deployment Container
Medium,Date stored as text,T&R on ACHE Site 2 Years 2-5,382,End Date is text '01/10/2028',Kubernetes Deployment Boxes
Medium,Date stored as text,T&R on ACHE Site 2 Years 2-5,383,End Date is text '01/10/2028',PostgreSQL
Medium,Date stored as text,T&R on ACHE Site 2 Years 2-5,384,End Date is text '01/04/2028',Root CA
Medium,Date stored as text,T&R on ACHE Site 2 Years 2-5,385,End Date is text '01/04/2028',Issuing CA
Medium,Date stored as text,T&R on ACHE Site 2 Years 2-5,386,End Date is text '01/04/2028',Vault Issuing CA
Medium,Date stored as text,T&R on ACHE Site 2 Years 2-5,387,End Date is text '01/10/2028',BPS Gateway
Medium,Date stored as text,T&R on ACHE Site 2 Years 2-5,389,End Date is text '01/10/2028',Windows VMs
Medium,Date stored as text,T&R on ACHE Site 2 Years 2-5,390,End Date is text '01/10/2028',Linux VMs
Medium,Date stored as text,T&R on ACHE Site 2 Years 2-5,391,End Date is text '01/10/2028',Active Directory
Medium,Date stored as text,T&R on ACHE Site 2 Years 2-5,392,End Date is text '01/10/2028',ADFS
Medium,Date stored as text,T&R on ACHE Site 2 Years 2-5,393,End Date is text '01/10/2028',Beyond Trust
Medium,Date stored as text,T&R on ACHE Site 2 Years 2-5,394,End Date is text '01/10/2028',Tenable
Medium,Date stored as text,T&R on ACHE Site 2 Years 2-5,395,End Date is text '01/10/2028',Elastic Stack
Medium,Date stored as text,T&R on ACHE Site 2 Years 2-5,396,End Date is text '01/10/2028',Impex EUD
Medium,Date stored as text,T&R on ACHE Site 2 Years 2-5,397,End Date is text '01/10/2028',Vault
Medium,Date stored as text,T&R on ACHE Site 2 Years 2-5,398,End Date is text '01/10/2028',Keycloak
Medium,Date stored as text,T&R on ACHE Site 2 Years 2-5,399,End Date is text '01/10/2028',WAF
Medium,Date stored as text,T&R on ACHE Site 2 Years 2-5,400,End Date is text '01/10/2028',GitLab
Medium,Date stored as text,T&R on ACHE Site 2 Years 2-5,401,End Date is text '01/10/2028',Ansible Deployment Container
Medium,Date stored as text,T&R on ACHE Site 2 Years 2-5,402,End Date is text '01/10/2028',Kubernetes Deployment Boxes
Medium,Date stored as text,T&R on ACHE Site 2 Years 2-5,403,End Date is text '01/10/2028',PostgreSQL
Medium,Date stored as text,T&R on ACHE Site 2 Years 2-5,404,End Date is text '01/04/2028',Root CA
Medium,Date stored as text,T&R on ACHE Site 2 Years 2-5,405,End Date is text '01/04/2028',Issuing CA
Medium,Date stored as text,T&R on ACHE Site 2 Years 2-5,406,End Date is text '01/04/2028',Vault Issuing CA
Medium,Date stored as text,T&R on ACHE Site 2 Years 2-5,407,End Date is text '01/04/2028',BPS Gateway
Medium,Date stored as text,T&R on ACHE Site 2 Years 2-5,409,End Date is text '15/03/2029',Windows VMs
Medium,Date stored as text,T&R on ACHE Site 2 Years 2-5,410,End Date is text '15/03/2029',Linux VMs
Medium,Date stored as text,T&R on ACHE Site 2 Years 2-5,411,End Date is text '15/03/2029',Active Directory
Medium,Date stored as text,T&R on ACHE Site 2 Years 2-5,412,End Date is text '15/03/2029',ADFS
Medium,Date stored as text,T&R on ACHE Site 2 Years 2-5,413,End Date is text '15/03/2029',Beyond Trust
Medium,Date stored as text,T&R on ACHE Site 2 Years 2-5,414,End Date is text '15/03/2029',Tenable
Medium,Date stored as text,T&R on ACHE Site 2 Years 2-5,415,End Date is text '15/03/2029',Elastic Stack
Medium,Date stored as text,T&R on ACHE Site 2 Years 2-5,416,End Date is text '15/03/2029',Impex EUD
Medium,Date stored as text,T&R on ACHE Site 2 Years 2-5,417,End Date is text '15/03/2029',Vault
Medium,Date stored as text,T&R on ACHE Site 2 Years 2-5,418,End Date is text '15/03/2029',Keycloak
Medium,Date stored as text,T&R on ACHE Site 2 Years 2-5,419,End Date is text '15/03/2029',WAF
Medium,Date stored as text,T&R on ACHE Site 2 Years 2-5,420,End Date is text '15/03/2029',GitLab
Medium,Date stored as text,T&R on ACHE Site 2 Years 2-5,421,End Date is text '15/03/2029',Ansible Deployment Container
Medium,Date stored as text,T&R on ACHE Site 2 Years 2-5,422,End Date is text '15/03/2029',Kubernetes Deployment Boxes
Medium,Date stored as text,T&R on ACHE Site 2 Years 2-5,423,End Date is text '15/03/2029',PostgreSQL
Medium,Date stored as text,T&R on ACHE Site 2 Years 2-5,424,End Date is text '15/03/2029',Root CA
Medium,Date stored as text,T&R on ACHE Site 2 Years 2-5,425,End Date is text '15/03/2029',Issuing CA
Medium,Date stored as text,T&R on ACHE Site 2 Years 2-5,426,End Date is text '15/03/2029',Vault Issuing CA
Medium,Date stored as text,T&R on ACHE Site 2 Years 2-5,427,End Date is text '01/04/2028',BPS Gateway
Medium,Date stored as text,T&R on ACHE Site 2 Years 2-5,429,End Date is text '15/03/2029',Windows VMs
Medium,Date stored as text,T&R on ACHE Site 2 Years 2-5,430,End Date is text '15/03/2029',Linux VMs
Medium,Date stored as text,T&R on ACHE Site 2 Years 2-5,431,End Date is text '15/03/2029',Active Directory
Medium,Date stored as text,T&R on ACHE Site 2 Years 2-5,432,End Date is text '15/03/2029',ADFS
Medium,Date stored as text,T&R on ACHE Site 2 Years 2-5,433,End Date is text '15/03/2029',Beyond Trust
Medium,Date stored as text,T&R on ACHE Site 2 Years 2-5,434,End Date is text '15/03/2029',Tenable
Medium,Date stored as text,T&R on ACHE Site 2 Years 2-5,435,End Date is text '15/03/2029',Elastic Stack
Medium,Date stored as text,T&R on ACHE Site 2 Years 2-5,436,End Date is text '15/03/2029',Impex EUD
Medium,Date stored as text,T&R on ACHE Site 2 Years 2-5,437,End Date is text '15/03/2029',Vault
Medium,Date stored as text,T&R on ACHE Site 2 Years 2-5,438,End Date is text '15/03/2029',Keycloak
Medium,Date stored as text,T&R on ACHE Site 2 Years 2-5,439,End Date is text '15/03/2029',WAF
Medium,Date stored as text,T&R on ACHE Site 2 Years 2-5,440,End Date is text '15/03/2029',GitLab
Medium,Date stored as text,T&R on ACHE Site 2 Years 2-5,441,End Date is text '15/03/2029',Ansible Deployment Container
Medium,Date stored as text,T&R on ACHE Site 2 Years 2-5,442,End Date is text '15/03/2029',Kubernetes Deployment Boxes
Medium,Date stored as text,T&R on ACHE Site 2 Years 2-5,443,End Date is text '15/03/2029',PostgreSQL
Medium,Date stored as text,T&R on ACHE Site 2 Years 2-5,444,End Date is text '15/03/2029',Root CA
Medium,Date stored as text,T&R on ACHE Site 2 Years 2-5,445,End Date is text '15/03/2029',Issuing CA
Medium,Date stored as text,T&R on ACHE Site 2 Years 2-5,446,End Date is text '15/03/2029',Vault Issuing CA
Medium,Date stored as text,T&R on ACHE Site 2 Years 2-5,447,End Date is text '01/04/2028',BPS Gateway
Medium,Date stored as text,T&R on ACHE Site 2 Years 2-5,449,End Date is text '15/03/2029',Windows VMs
Medium,Date stored as text,T&R on ACHE Site 2 Years 2-5,450,End Date is text '15/03/2029',Linux VMs
Medium,Date stored as text,T&R on ACHE Site 2 Years 2-5,451,End Date is text '15/03/2029',Active Directory
Medium,Date stored as text,T&R on ACHE Site 2 Years 2-5,452,End Date is text '15/03/2029',ADFS
Medium,Date stored as text,T&R on ACHE Site 2 Years 2-5,453,End Date is text '15/03/2029',Beyond Trust
Medium,Date stored as text,T&R on ACHE Site 2 Years 2-5,454,End Date is text '15/03/2029',Tenable
Medium,Date stored as text,T&R on ACHE Site 2 Years 2-5,455,End Date is text '15/03/2029',Elastic Stack
Medium,Date stored as text,T&R on ACHE Site 2 Years 2-5,456,End Date is text '15/03/2029',Impex EUD
Medium,Date stored as text,T&R on ACHE Site 2 Years 2-5,457,End Date is text '15/03/2029',Vault
Medium,Date stored as text,T&R on ACHE Site 2 Years 2-5,458,End Date is text '15/03/2029',Keycloak
Medium,Date stored as text,T&R on ACHE Site 2 Years 2-5,459,End Date is text '15/03/2029',WAF
Medium,Date stored as text,T&R on ACHE Site 2 Years 2-5,460,End Date is text '15/03/2029',GitLab
Medium,Date stored as text,T&R on ACHE Site 2 Years 2-5,461,End Date is text '15/03/2029',Ansible Deployment Container
Medium,Date stored as text,T&R on ACHE Site 2 Years 2-5,462,End Date is text '15/03/2029',Kubernetes Deployment Boxes
Medium,Date stored as text,T&R on ACHE Site 2 Years 2-5,463,End Date is text '15/03/2029',PostgreSQL
Medium,Date stored as text,T&R on ACHE Site 2 Years 2-5,464,End Date is text '15/03/2029',Root CA
Medium,Date stored as text,T&R on ACHE Site 2 Years 2-5,465,End Date is text '15/03/2029',Issuing CA
Medium,Date stored as text,T&R on ACHE Site 2 Years 2-5,466,End Date is text '15/03/2029',Vault Issuing CA
Medium,Date stored as text,T&R on ACHE Site 2 Years 2-5,468,End Date is text '15/03/2029',Windows VMs
Medium,Date stored as text,T&R on ACHE Site 2 Years 2-5,469,End Date is text '15/03/2029',Linux VMs
Medium,Date stored as text,T&R on ACHE Site 2 Years 2-5,470,End Date is text '15/03/2029',Active Directory
Medium,Date stored as text,T&R on ACHE Site 2 Years 2-5,471,End Date is text '15/03/2029',ADFS
Medium,Date stored as text,T&R on ACHE Site 2 Years 2-5,472,End Date is text '15/03/2029',Beyond Trust
Medium,Date stored as text,T&R on ACHE Site 2 Years 2-5,473,End Date is text '15/03/2029',Tenable
Medium,Date stored as text,T&R on ACHE Site 2 Years 2-5,474,End Date is text '15/03/2029',Elastic Stack
Medium,Date stored as text,T&R on ACHE Site 2 Years 2-5,475,End Date is text '15/03/2029',Impex EUD
Medium,Date stored as text,T&R on ACHE Site 2 Years 2-5,476,End Date is text '15/03/2029',Vault
Medium,Date stored as text,T&R on ACHE Site 2 Years 2-5,477,End Date is text '15/03/2029',Keycloak
Medium,Date stored as text,T&R on ACHE Site 2 Years 2-5,478,End Date is text '15/03/2029',WAF
Medium,Date stored as text,T&R on ACHE Site 2 Years 2-5,479,End Date is text '15/03/2029',GitLab
Medium,Date stored as text,T&R on ACHE Site 2 Years 2-5,480,End Date is text '15/03/2029',Ansible Deployment Container
Medium,Date stored as text,T&R on ACHE Site 2 Years 2-5,481,End Date is text '15/03/2029',Kubernetes Deployment Boxes
Medium,Date stored as text,T&R on ACHE Site 2 Years 2-5,482,End Date is text '15/03/2029',PostgreSQL
Medium,Date stored as text,T&R on ACHE Site 2 Years 2-5,483,End Date is text '15/03/2029',Root CA
Medium,Date stored as text,T&R on ACHE Site 2 Years 2-5,484,End Date is text '15/03/2029',Issuing CA
Medium,Date stored as text,T&R on ACHE Site 2 Years 2-5,485,End Date is text '15/03/2029',Vault Issuing CA
Medium,Date stored as text,T&R on ACHE Site 2 Years 2-5,487,End Date is text '15/03/2029',Windows VMs
Medium,Date stored as text,T&R on ACHE Site 2 Years 2-5,488,End Date is text '15/03/2029',Linux VMs
Medium,Date stored as text,T&R on ACHE Site 2 Years 2-5,489,End Date is text '15/03/2029',Active Directory
Medium,Date stored as text,T&R on ACHE Site 2 Years 2-5,490,End Date is text '15/03/2029',ADFS
Medium,Date stored as text,T&R on ACHE Site 2 Years 2-5,491,End Date is text '15/03/2029',Beyond Trust
Medium,Date stored as text,T&R on ACHE Site 2 Years 2-5,492,End Date is text '15/03/2029',Tenable
Medium,Date stored as text,T&R on ACHE Site 2 Years 2-5,493,End Date is text '15/03/2029',Elastic Stack
Medium,Date stored as text,T&R on ACHE Site 2 Years 2-5,494,End Date is text '15/03/2029',Impex EUD
Medium,Date stored as text,T&R on ACHE Site 2 Years 2-5,495,End Date is text '15/03/2029',Vault
Medium,Date stored as text,T&R on ACHE Site 2 Years 2-5,496,End Date is text '15/03/2029',Keycloak
Medium,Date stored as text,T&R on ACHE Site 2 Years 2-5,497,End Date is text '15/03/2029',WAF
Medium,Date stored as text,T&R on ACHE Site 2 Years 2-5,498,End Date is text '15/03/2029',GitLab
Medium,Date stored as text,T&R on ACHE Site 2 Years 2-5,499,End Date is text '15/03/2029',Ansible Deployment Container
Medium,Date stored as text,T&R on ACHE Site 2 Years 2-5,500,End Date is text '15/03/2029',Kubernetes Deployment Boxes
Medium,Date stored as text,T&R on ACHE Site 2 Years 2-5,501,End Date is text '15/03/2029',PostgreSQL
Medium,Date stored as text,T&R on ACHE Site 2 Years 2-5,502,End Date is text '15/03/2029',Root CA
Medium,Date stored as text,T&R on ACHE Site 2 Years 2-5,503,End Date is text '15/03/2029',Issuing CA
Medium,Date stored as text,T&R on ACHE Site 2 Years 2-5,504,End Date is text '15/03/2029',Vault Issuing CA
Medium,Date stored as text,T&R on ACHE Site 2 Years 2-5,506,End Date is text '15/03/2029',Windows VMs
Medium,Date stored as text,T&R on ACHE Site 2 Years 2-5,507,End Date is text '15/03/2029',Linux VMs
Medium,Date stored as text,T&R on ACHE Site 2 Years 2-5,508,End Date is text '15/03/2029',Active Directory
Medium,Date stored as text,T&R on ACHE Site 2 Years 2-5,509,End Date is text '15/03/2029',ADFS
Medium,Date stored as text,T&R on ACHE Site 2 Years 2-5,510,End Date is text '15/03/2029',Beyond Trust
Medium,Date stored as text,T&R on ACHE Site 2 Years 2-5,511,End Date is text '15/03/2029',Tenable
Medium,Date stored as text,T&R on ACHE Site 2 Years 2-5,512,End Date is text '15/03/2029',Elastic Stack
Medium,Date stored as text,T&R on ACHE Site 2 Years 2-5,513,End Date is text '15/03/2029',Impex EUD
Medium,Date stored as text,T&R on ACHE Site 2 Years 2-5,514,End Date is text '15/03/2029',Vault
Medium,Date stored as text,T&R on ACHE Site 2 Years 2-5,515,End Date is text '15/03/2029',Keycloak
Medium,Date stored as text,T&R on ACHE Site 2 Years 2-5,516,End Date is text '15/03/2029',WAF
Medium,Date stored as text,T&R on ACHE Site 2 Years 2-5,517,End Date is text '15/03/2029',GitLab
Medium,Date stored as text,T&R on ACHE Site 2 Years 2-5,518,End Date is text '15/03/2029',Ansible Deployment Container
Medium,Date stored as text,T&R on ACHE Site 2 Years 2-5,519,End Date is text '15/03/2029',Kubernetes Deployment Boxes
Medium,Date stored as text,T&R on ACHE Site 2 Years 2-5,520,End Date is text '15/03/2029',PostgreSQL
Medium,Date stored as text,T&R on ACHE Site 2 Years 2-5,521,End Date is text '15/03/2029',Root CA
Medium,Date stored as text,T&R on ACHE Site 2 Years 2-5,522,End Date is text '15/03/2029',Issuing CA
Medium,Date stored as text,T&R on ACHE Site 2 Years 2-5,523,End Date is text '15/03/2029',Vault Issuing CA
Medium,Date stored as text,T&R on ACHE Site 2 Years 2-5,526,End Date is text '15/03/2030',Change Control - Beyond Trust
Medium,Date stored as text,T&R on ACHE Site 2 Years 2-5,527,End Date is text '15/03/2030',Change Control - Tenable
Medium,Date stored as text,T&R on ACHE Site 2 Years 2-5,528,End Date is text '15/03/2030',Change Control - Elastic Stack
Medium,Date stored as text,T&R on ACHE Site 2 Years 2-5,529,End Date is text '15/03/2030',Change Control - Vault
Medium,Date stored as text,T&R on ACHE Site 2 Years 2-5,530,End Date is text '15/03/2030',Change Control - Keycloak
Medium,Date stored as text,T&R on ACHE Site 2 Years 2-5,531,End Date is text '15/03/2030',Change Control - WAF
Medium,Date stored as text,T&R on ACHE Site 2 Years 2-5,532,End Date is text '15/03/2030',Change Control - GitLab
Medium,Date stored as text,T&R on ACHE Site 2 Years 2-5,533,End Date is text '15/03/2030',Change Control - Ansible Deployment Container
Medium,Date stored as text,T&R on ACHE Site 2 Years 2-5,534,End Date is text '15/03/2030',Change Control - Kubernetes Deployment Boxes
Medium,Date stored as text,T&R on ACHE Site 2 Years 2-5,535,End Date is text '15/03/2030',Change Control - PostgreSQL 
Medium,Date stored as text,T&R on ACHE Site 2 Years 2-5,536,End Date is text '15/03/2030',Impex - Beyond Trust
Medium,Date stored as text,T&R on ACHE Site 2 Years 2-5,537,End Date is text '15/03/2030',Impex - Tenable
Medium,Date stored as text,T&R on ACHE Site 2 Years 2-5,538,End Date is text '15/03/2030',Impex - Elastic Stack
Medium,Date stored as text,T&R on ACHE Site 2 Years 2-5,539,End Date is text '15/03/2030',Impex - Vault
Medium,Date stored as text,T&R on ACHE Site 2 Years 2-5,540,End Date is text '15/03/2030',Impex - Keycloak
Medium,Date stored as text,T&R on ACHE Site 2 Years 2-5,541,End Date is text '15/03/2030',Impex - WAF
Medium,Date stored as text,T&R on ACHE Site 2 Years 2-5,542,End Date is text '15/03/2030',Impex - GitLab
Medium,Date stored as text,T&R on ACHE Site 2 Years 2-5,543,End Date is text '15/03/2030',Impex - Ansible Deployment Container
Medium,Date stored as text,T&R on ACHE Site 2 Years 2-5,544,End Date is text '15/03/2030',Impex - Kubernetes Deployment Boxes
Medium,Date stored as text,T&R on ACHE Site 2 Years 2-5,545,End Date is text '15/03/2030',Impex Security Review - Beyond Trust
Medium,Date stored as text,T&R on ACHE Site 2 Years 2-5,546,End Date is text '15/03/2030',Impex Security Review - Tenable
Medium,Date stored as text,T&R on ACHE Site 2 Years 2-5,547,End Date is text '15/03/2030',Impex Security Review - Elastic Stack
Medium,Date stored as text,T&R on ACHE Site 2 Years 2-5,548,End Date is text '15/03/2030',Impex Security Review - Vault
Medium,Date stored as text,T&R on ACHE Site 2 Years 2-5,549,End Date is text '15/03/2030',Impex Security Review - Keycloak
Medium,Date stored as text,T&R on ACHE Site 2 Years 2-5,550,End Date is text '15/03/2030',Impex Security Review - WAF
Medium,Date stored as text,T&R on ACHE Site 2 Years 2-5,551,End Date is text '15/03/2030',Impex Security Review - GitLab
Medium,Date stored as text,T&R on ACHE Site 2 Years 2-5,552,End Date is text '15/03/2030',Impex Security Review - Ansible Deployment Container
Medium,Date stored as text,T&R on ACHE Site 2 Years 2-5,553,End Date is text '15/03/2030',Impex Security Review - Kubernetes Deployment Boxes
Medium,Date stored as text,T&R on ACHE Site 2 Years 2-5,554,End Date is text '15/03/2030',Deployment - Beyond Trust
Medium,Date stored as text,T&R on ACHE Site 2 Years 2-5,555,End Date is text '15/03/2030',Deployment - Tenable
Medium,Date stored as text,T&R on ACHE Site 2 Years 2-5,556,End Date is text '15/03/2030',Deployment - Elastic Stack
Medium,Date stored as text,T&R on ACHE Site 2 Years 2-5,557,End Date is text '15/03/2030',Deployment - Vault
Medium,Date stored as text,T&R on ACHE Site 2 Years 2-5,558,End Date is text '15/03/2030',Deployment - Keycloak
Medium,Date stored as text,T&R on ACHE Site 2 Years 2-5,559,End Date is text '15/03/2030',Deployment - WAF
Medium,Date stored as text,T&R on ACHE Site 2 Years 2-5,560,End Date is text '15/03/2030',Deployment - GitLab
Medium,Date stored as text,T&R on ACHE Site 2 Years 2-5,561,End Date is text '15/03/2030',Deployment - Ansible Deployment Container
Medium,Date stored as text,T&R on ACHE Site 2 Years 2-5,562,End Date is text '15/03/2030',Deployment - Kubernetes Deployment Boxes
Medium,Date stored as text,T&R on ACHE Site 2 Years 2-5,563,End Date is text '15/03/2030',Deployment - PostgreSQL
Medium,Date stored as text,T&R on ACHE Site 2 Years 2-5,564,End Date is text '01/03/2030',Deployment - Root CA
Medium,Date stored as text,T&R on ACHE Site 2 Years 2-5,565,End Date is text '15/03/2030',Post-Deployment Testing - Beyond Trust
Medium,Date stored as text,T&R on ACHE Site 2 Years 2-5,566,End Date is text '15/03/2030',Post-Deployment Testing - Tenable
Medium,Date stored as text,T&R on ACHE Site 2 Years 2-5,567,End Date is text '15/03/2030',Post-Deployment Testing - Elastic Stack
Medium,Date stored as text,T&R on ACHE Site 2 Years 2-5,568,End Date is text '15/03/2030',Post-Deployment Testing - Keycloak
Medium,Date stored as text,T&R on ACHE Site 2 Years 2-5,570,End Date is text '15/03/2030',Change Control - Beyond Trust
Medium,Date stored as text,T&R on ACHE Site 2 Years 2-5,571,End Date is text '15/03/2030',Change Control - Tenable
Medium,Date stored as text,T&R on ACHE Site 2 Years 2-5,572,End Date is text '15/03/2030',Change Control - Elastic Stack
Medium,Date stored as text,T&R on ACHE Site 2 Years 2-5,573,End Date is text '15/03/2030',Change Control - Vault
Medium,Date stored as text,T&R on ACHE Site 2 Years 2-5,574,End Date is text '15/03/2030',Change Control - Keycloak
Medium,Date stored as text,T&R on ACHE Site 2 Years 2-5,575,End Date is text '15/03/2030',Change Control - WAF
Medium,Date stored as text,T&R on ACHE Site 2 Years 2-5,576,End Date is text '15/03/2030',Change Control - GitLab
Medium,Date stored as text,T&R on ACHE Site 2 Years 2-5,577,End Date is text '15/03/2030',Change Control - Ansible Deployment Container
Medium,Date stored as text,T&R on ACHE Site 2 Years 2-5,578,End Date is text '15/03/2030',Change Control - Kubernetes Deployment Boxes
Medium,Date stored as text,T&R on ACHE Site 2 Years 2-5,579,End Date is text '15/03/2030',Change Control - PostgreSQL 
Medium,Date stored as text,T&R on ACHE Site 2 Years 2-5,580,End Date is text '15/03/2030',Impex - Beyond Trust
Medium,Date stored as text,T&R on ACHE Site 2 Years 2-5,581,End Date is text '15/03/2030',Impex - Tenable
Medium,Date stored as text,T&R on ACHE Site 2 Years 2-5,582,End Date is text '15/03/2030',Impex - Elastic Stack
Medium,Date stored as text,T&R on ACHE Site 2 Years 2-5,583,End Date is text '15/03/2030',Impex - Vault
Medium,Date stored as text,T&R on ACHE Site 2 Years 2-5,584,End Date is text '15/03/2030',Impex - Keycloak
Medium,Date stored as text,T&R on ACHE Site 2 Years 2-5,585,End Date is text '15/03/2030',Impex - WAF
Medium,Date stored as text,T&R on ACHE Site 2 Years 2-5,586,End Date is text '15/03/2030',Impex - GitLab
Medium,Date stored as text,T&R on ACHE Site 2 Years 2-5,587,End Date is text '15/03/2030',Impex - Ansible Deployment Container
Medium,Date stored as text,T&R on ACHE Site 2 Years 2-5,588,End Date is text '15/03/2030',Impex - Kubernetes Deployment Boxes
Medium,Date stored as text,T&R on ACHE Site 2 Years 2-5,589,End Date is text '15/03/2030',Impex Security Review - Beyond Trust
Medium,Date stored as text,T&R on ACHE Site 2 Years 2-5,590,End Date is text '15/03/2030',Impex Security Review - Tenable
Medium,Date stored as text,T&R on ACHE Site 2 Years 2-5,591,End Date is text '15/03/2030',Impex Security Review - Elastic Stack
Medium,Date stored as text,T&R on ACHE Site 2 Years 2-5,592,End Date is text '15/03/2030',Impex Security Review - Vault
Medium,Date stored as text,T&R on ACHE Site 2 Years 2-5,593,End Date is text '15/03/2030',Impex Security Review - Keycloak
Medium,Date stored as text,T&R on ACHE Site 2 Years 2-5,594,End Date is text '15/03/2030',Impex Security Review - WAF
Medium,Date stored as text,T&R on ACHE Site 2 Years 2-5,595,End Date is text '15/03/2030',Impex Security Review - GitLab
Medium,Date stored as text,T&R on ACHE Site 2 Years 2-5,596,End Date is text '15/03/2030',Impex Security Review - Ansible Deployment Container
Medium,Date stored as text,T&R on ACHE Site 2 Years 2-5,597,End Date is text '15/03/2030',Impex Security Review - Kubernetes Deployment Boxes
Medium,Date stored as text,T&R on ACHE Site 2 Years 2-5,598,End Date is text '15/03/2030',Deployment - Beyond Trust
Medium,Date stored as text,T&R on ACHE Site 2 Years 2-5,599,End Date is text '15/03/2030',Deployment - Tenable
Medium,Date stored as text,T&R on ACHE Site 2 Years 2-5,600,End Date is text '15/03/2030',Deployment - Elastic Stack
Medium,Date stored as text,T&R on ACHE Site 2 Years 2-5,601,End Date is text '15/03/2030',Deployment - Vault
Medium,Date stored as text,T&R on ACHE Site 2 Years 2-5,602,End Date is text '15/03/2030',Deployment - Keycloak
Medium,Date stored as text,T&R on ACHE Site 2 Years 2-5,603,End Date is text '15/03/2030',Deployment - WAF
Medium,Date stored as text,T&R on ACHE Site 2 Years 2-5,604,End Date is text '15/03/2030',Deployment - GitLab
Medium,Date stored as text,T&R on ACHE Site 2 Years 2-5,605,End Date is text '15/03/2030',Deployment - Ansible Deployment Container
Medium,Date stored as text,T&R on ACHE Site 2 Years 2-5,606,End Date is text '15/03/2030',Deployment - Kubernetes Deployment Boxes
Medium,Date stored as text,T&R on ACHE Site 2 Years 2-5,607,End Date is text '15/03/2030',Deployment - PostgreSQL
Medium,Date stored as text,T&R on ACHE Site 2 Years 2-5,608,End Date is text '01/03/2030',Deployment - Root CA
Medium,Date stored as text,T&R on ACHE Site 2 Years 2-5,609,End Date is text '15/03/2030',Post-Deployment Testing - Beyond Trust
Medium,Date stored as text,T&R on ACHE Site 2 Years 2-5,610,End Date is text '15/03/2030',Post-Deployment Testing - Tenable
Medium,Date stored as text,T&R on ACHE Site 2 Years 2-5,611,End Date is text '15/03/2030',Post-Deployment Testing - Elastic Stack
Medium,Date stored as text,T&R on ACHE Site 2 Years 2-5,612,End Date is text '15/03/2030',Post-Deployment Testing - Keycloak
Medium,Date stored as text,T&R on ACHE Site 2 Years 2-5,614,End Date is text '01/10/2029',Windows
Medium,Date stored as text,T&R on ACHE Site 2 Years 2-5,615,End Date is text '01/10/2029',Beyond Trust
Medium,Date stored as text,T&R on ACHE Site 2 Years 2-5,616,End Date is text '01/10/2029',Tenable
Medium,Date stored as text,T&R on ACHE Site 2 Years 2-5,617,End Date is text '01/10/2029',Elastic Stack
Medium,Date stored as text,T&R on ACHE Site 2 Years 2-5,618,End Date is text '01/10/2029',Vault
Medium,Date stored as text,T&R on ACHE Site 2 Years 2-5,619,End Date is text '01/10/2029',WAF
Medium,Date stored as text,T&R on ACHE Site 2 Years 2-5,620,End Date is text '01/10/2029',GitLab
Medium,Date stored as text,T&R on ACHE Site 2 Years 2-5,622,End Date is text '01/10/2029',Windows
Medium,Date stored as text,T&R on ACHE Site 2 Years 2-5,623,End Date is text '01/10/2029',Beyond Trust
Medium,Date stored as text,T&R on ACHE Site 2 Years 2-5,624,End Date is text '01/10/2029',Tenable
Medium,Date stored as text,T&R on ACHE Site 2 Years 2-5,625,End Date is text '01/10/2029',Elastic Stack
Medium,Date stored as text,T&R on ACHE Site 2 Years 2-5,626,End Date is text '01/10/2029',Vault
Medium,Date stored as text,T&R on ACHE Site 2 Years 2-5,627,End Date is text '01/10/2029',WAF
Medium,Date stored as text,T&R on ACHE Site 2 Years 2-5,628,End Date is text '01/10/2029',GitLab
Medium,Date stored as text,T&R on ACHE Site 2 Years 2-5,630,End Date is text '01/10/2029',Windows VMs
Medium,Date stored as text,T&R on ACHE Site 2 Years 2-5,631,End Date is text '01/10/2029',Linux VMs
Medium,Date stored as text,T&R on ACHE Site 2 Years 2-5,632,End Date is text '01/10/2029',Active Directory
Medium,Date stored as text,T&R on ACHE Site 2 Years 2-5,633,End Date is text '01/10/2029',ADFS
Medium,Date stored as text,T&R on ACHE Site 2 Years 2-5,634,End Date is text '01/10/2029',Beyond Trust
Medium,Date stored as text,T&R on ACHE Site 2 Years 2-5,635,End Date is text '01/10/2029',Tenable
Medium,Date stored as text,T&R on ACHE Site 2 Years 2-5,636,End Date is text '01/10/2029',Elastic Stack
Medium,Date stored as text,T&R on ACHE Site 2 Years 2-5,637,End Date is text '01/10/2029',Impex EUD
Medium,Date stored as text,T&R on ACHE Site 2 Years 2-5,638,End Date is text '01/10/2029',Vault
Medium,Date stored as text,T&R on ACHE Site 2 Years 2-5,639,End Date is text '01/10/2029',Keycloak
Medium,Date stored as text,T&R on ACHE Site 2 Years 2-5,640,End Date is text '01/10/2029',WAF
Medium,Date stored as text,T&R on ACHE Site 2 Years 2-5,641,End Date is text '01/10/2029',GitLab
Medium,Date stored as text,T&R on ACHE Site 2 Years 2-5,642,End Date is text '01/10/2029',Ansible Deployment Container
Medium,Date stored as text,T&R on ACHE Site 2 Years 2-5,643,End Date is text '01/10/2029',Kubernetes Deployment Boxes
Medium,Date stored as text,T&R on ACHE Site 2 Years 2-5,644,End Date is text '01/10/2029',PostgreSQL
Medium,Date stored as text,T&R on ACHE Site 2 Years 2-5,645,End Date is text '01/04/2029',Root CA
Medium,Date stored as text,T&R on ACHE Site 2 Years 2-5,646,End Date is text '01/04/2029',Issuing CA
Medium,Date stored as text,T&R on ACHE Site 2 Years 2-5,647,End Date is text '01/04/2029',Vault Issuing CA
Medium,Date stored as text,T&R on ACHE Site 2 Years 2-5,648,End Date is text '01/10/2029',BPS Gateway
Medium,Date stored as text,T&R on ACHE Site 2 Years 2-5,650,End Date is text '01/10/2029',Windows VMs
Medium,Date stored as text,T&R on ACHE Site 2 Years 2-5,651,End Date is text '01/10/2029',Linux VMs
Medium,Date stored as text,T&R on ACHE Site 2 Years 2-5,652,End Date is text '01/10/2029',Active Directory
Medium,Date stored as text,T&R on ACHE Site 2 Years 2-5,653,End Date is text '01/10/2029',ADFS
Medium,Date stored as text,T&R on ACHE Site 2 Years 2-5,654,End Date is text '01/10/2029',Beyond Trust
Medium,Date stored as text,T&R on ACHE Site 2 Years 2-5,655,End Date is text '01/10/2029',Tenable
Medium,Date stored as text,T&R on ACHE Site 2 Years 2-5,656,End Date is text '01/10/2029',Elastic Stack
Medium,Date stored as text,T&R on ACHE Site 2 Years 2-5,657,End Date is text '01/10/2029',Impex EUD
Medium,Date stored as text,T&R on ACHE Site 2 Years 2-5,658,End Date is text '01/10/2029',Vault
Medium,Date stored as text,T&R on ACHE Site 2 Years 2-5,659,End Date is text '01/10/2029',Keycloak
Medium,Date stored as text,T&R on ACHE Site 2 Years 2-5,660,End Date is text '01/10/2029',WAF
Medium,Date stored as text,T&R on ACHE Site 2 Years 2-5,661,End Date is text '01/10/2029',GitLab
Medium,Date stored as text,T&R on ACHE Site 2 Years 2-5,662,End Date is text '01/10/2029',Ansible Deployment Container
Medium,Date stored as text,T&R on ACHE Site 2 Years 2-5,663,End Date is text '01/10/2029',Kubernetes Deployment Boxes
Medium,Date stored as text,T&R on ACHE Site 2 Years 2-5,664,End Date is text '01/10/2029',PostgreSQL
Medium,Date stored as text,T&R on ACHE Site 2 Years 2-5,665,End Date is text '01/04/2029',Root CA
Medium,Date stored as text,T&R on ACHE Site 2 Years 2-5,666,End Date is text '01/04/2029',Issuing CA
Medium,Date stored as text,T&R on ACHE Site 2 Years 2-5,667,End Date is text '01/04/2029',Vault Issuing CA
Medium,Date stored as text,T&R on ACHE Site 2 Years 2-5,668,End Date is text '01/04/2029',BPS Gateway
Medium,Date stored as text,T&R on ACHE Site 2 Years 2-5,670,End Date is text '15/03/2030',Windows VMs
Medium,Date stored as text,T&R on ACHE Site 2 Years 2-5,671,End Date is text '15/03/2030',Linux VMs
Medium,Date stored as text,T&R on ACHE Site 2 Years 2-5,672,End Date is text '15/03/2030',Active Directory
Medium,Date stored as text,T&R on ACHE Site 2 Years 2-5,673,End Date is text '15/03/2030',ADFS
Medium,Date stored as text,T&R on ACHE Site 2 Years 2-5,674,End Date is text '15/03/2030',Beyond Trust
Medium,Date stored as text,T&R on ACHE Site 2 Years 2-5,675,End Date is text '15/03/2030',Tenable
Medium,Date stored as text,T&R on ACHE Site 2 Years 2-5,676,End Date is text '15/03/2030',Elastic Stack
Medium,Date stored as text,T&R on ACHE Site 2 Years 2-5,677,End Date is text '15/03/2030',Impex EUD
Medium,Date stored as text,T&R on ACHE Site 2 Years 2-5,678,End Date is text '15/03/2030',Vault
Medium,Date stored as text,T&R on ACHE Site 2 Years 2-5,679,End Date is text '15/03/2030',Keycloak
Medium,Date stored as text,T&R on ACHE Site 2 Years 2-5,680,End Date is text '15/03/2030',WAF
Medium,Date stored as text,T&R on ACHE Site 2 Years 2-5,681,End Date is text '15/03/2030',GitLab
Medium,Date stored as text,T&R on ACHE Site 2 Years 2-5,682,End Date is text '15/03/2030',Ansible Deployment Container
Medium,Date stored as text,T&R on ACHE Site 2 Years 2-5,683,End Date is text '15/03/2030',Kubernetes Deployment Boxes
Medium,Date stored as text,T&R on ACHE Site 2 Years 2-5,684,End Date is text '15/03/2030',PostgreSQL
Medium,Date stored as text,T&R on ACHE Site 2 Years 2-5,685,End Date is text '15/03/2030',Root CA
Medium,Date stored as text,T&R on ACHE Site 2 Years 2-5,686,End Date is text '15/03/2030',Issuing CA
Medium,Date stored as text,T&R on ACHE Site 2 Years 2-5,687,End Date is text '15/03/2030',Vault Issuing CA
Medium,Date stored as text,T&R on ACHE Site 2 Years 2-5,688,End Date is text '01/04/2029',BPS Gateway
Medium,Date stored as text,T&R on ACHE Site 2 Years 2-5,690,End Date is text '15/03/2030',Windows VMs
Medium,Date stored as text,T&R on ACHE Site 2 Years 2-5,691,End Date is text '15/03/2030',Linux VMs
Medium,Date stored as text,T&R on ACHE Site 2 Years 2-5,692,End Date is text '15/03/2030',Active Directory
Medium,Date stored as text,T&R on ACHE Site 2 Years 2-5,693,End Date is text '15/03/2030',ADFS
Medium,Date stored as text,T&R on ACHE Site 2 Years 2-5,694,End Date is text '15/03/2030',Beyond Trust
Medium,Date stored as text,T&R on ACHE Site 2 Years 2-5,695,End Date is text '15/03/2030',Tenable
Medium,Date stored as text,T&R on ACHE Site 2 Years 2-5,696,End Date is text '15/03/2030',Elastic Stack
Medium,Date stored as text,T&R on ACHE Site 2 Years 2-5,697,End Date is text '15/03/2030',Impex EUD
Medium,Date stored as text,T&R on ACHE Site 2 Years 2-5,698,End Date is text '15/03/2030',Vault
Medium,Date stored as text,T&R on ACHE Site 2 Years 2-5,699,End Date is text '15/03/2030',Keycloak
Medium,Date stored as text,T&R on ACHE Site 2 Years 2-5,700,End Date is text '15/03/2030',WAF
Medium,Date stored as text,T&R on ACHE Site 2 Years 2-5,701,End Date is text '15/03/2030',GitLab
Medium,Date stored as text,T&R on ACHE Site 2 Years 2-5,702,End Date is text '15/03/2030',Ansible Deployment Container
Medium,Date stored as text,T&R on ACHE Site 2 Years 2-5,703,End Date is text '15/03/2030',Kubernetes Deployment Boxes
Medium,Date stored as text,T&R on ACHE Site 2 Years 2-5,704,End Date is text '15/03/2030',PostgreSQL
Medium,Date stored as text,T&R on ACHE Site 2 Years 2-5,705,End Date is text '15/03/2030',Root CA
Medium,Date stored as text,T&R on ACHE Site 2 Years 2-5,706,End Date is text '15/03/2030',Issuing CA
Medium,Date stored as text,T&R on ACHE Site 2 Years 2-5,707,End Date is text '15/03/2030',Vault Issuing CA
Medium,Date stored as text,T&R on ACHE Site 2 Years 2-5,708,End Date is text '01/04/2029',BPS Gateway
Medium,Date stored as text,T&R on ACHE Site 2 Years 2-5,710,End Date is text '15/03/2030',Windows VMs
Medium,Date stored as text,T&R on ACHE Site 2 Years 2-5,711,End Date is text '15/03/2030',Linux VMs
Medium,Date stored as text,T&R on ACHE Site 2 Years 2-5,712,End Date is text '15/03/2030',Active Directory
Medium,Date stored as text,T&R on ACHE Site 2 Years 2-5,713,End Date is text '15/03/2030',ADFS
Medium,Date stored as text,T&R on ACHE Site 2 Years 2-5,714,End Date is text '15/03/2030',Beyond Trust
Medium,Date stored as text,T&R on ACHE Site 2 Years 2-5,715,End Date is text '15/03/2030',Tenable
Medium,Date stored as text,T&R on ACHE Site 2 Years 2-5,716,End Date is text '15/03/2030',Elastic Stack
Medium,Date stored as text,T&R on ACHE Site 2 Years 2-5,717,End Date is text '15/03/2030',Impex EUD
Medium,Date stored as text,T&R on ACHE Site 2 Years 2-5,718,End Date is text '15/03/2030',Vault
Medium,Date stored as text,T&R on ACHE Site 2 Years 2-5,719,End Date is text '15/03/2030',Keycloak
Medium,Date stored as text,T&R on ACHE Site 2 Years 2-5,720,End Date is text '15/03/2030',WAF
Medium,Date stored as text,T&R on ACHE Site 2 Years 2-5,721,End Date is text '15/03/2030',GitLab
Medium,Date stored as text,T&R on ACHE Site 2 Years 2-5,722,End Date is text '15/03/2030',Ansible Deployment Container
Medium,Date stored as text,T&R on ACHE Site 2 Years 2-5,723,End Date is text '15/03/2030',Kubernetes Deployment Boxes
Medium,Date stored as text,T&R on ACHE Site 2 Years 2-5,724,End Date is text '15/03/2030',PostgreSQL
Medium,Date stored as text,T&R on ACHE Site 2 Years 2-5,725,End Date is text '15/03/2030',Root CA
Medium,Date stored as text,T&R on ACHE Site 2 Years 2-5,726,End Date is text '15/03/2030',Issuing CA
Medium,Date stored as text,T&R on ACHE Site 2 Years 2-5,727,End Date is text '15/03/2030',Vault Issuing CA
Medium,Date stored as text,T&R on ACHE Site 2 Years 2-5,729,End Date is text '15/03/2030',Windows VMs
Medium,Date stored as text,T&R on ACHE Site 2 Years 2-5,730,End Date is text '15/03/2030',Linux VMs
Medium,Date stored as text,T&R on ACHE Site 2 Years 2-5,731,End Date is text '15/03/2030',Active Directory
Medium,Date stored as text,T&R on ACHE Site 2 Years 2-5,732,End Date is text '15/03/2030',ADFS
Medium,Date stored as text,T&R on ACHE Site 2 Years 2-5,733,End Date is text '15/03/2030',Beyond Trust
Medium,Date stored as text,T&R on ACHE Site 2 Years 2-5,734,End Date is text '15/03/2030',Tenable
Medium,Date stored as text,T&R on ACHE Site 2 Years 2-5,735,End Date is text '15/03/2030',Elastic Stack
Medium,Date stored as text,T&R on ACHE Site 2 Years 2-5,736,End Date is text '15/03/2030',Impex EUD
Medium,Date stored as text,T&R on ACHE Site 2 Years 2-5,737,End Date is text '15/03/2030',Vault
Medium,Date stored as text,T&R on ACHE Site 2 Years 2-5,738,End Date is text '15/03/2030',Keycloak
Medium,Date stored as text,T&R on ACHE Site 2 Years 2-5,739,End Date is text '15/03/2030',WAF
Medium,Date stored as text,T&R on ACHE Site 2 Years 2-5,740,End Date is text '15/03/2030',GitLab
Medium,Date stored as text,T&R on ACHE Site 2 Years 2-5,741,End Date is text '15/03/2030',Ansible Deployment Container
Medium,Date stored as text,T&R on ACHE Site 2 Years 2-5,742,End Date is text '15/03/2030',Kubernetes Deployment Boxes
Medium,Date stored as text,T&R on ACHE Site 2 Years 2-5,743,End Date is text '15/03/2030',PostgreSQL
Medium,Date stored as text,T&R on ACHE Site 2 Years 2-5,744,End Date is text '15/03/2030',Root CA
Medium,Date stored as text,T&R on ACHE Site 2 Years 2-5,745,End Date is text '15/03/2030',Issuing CA
Medium,Date stored as text,T&R on ACHE Site 2 Years 2-5,746,End Date is text '15/03/2030',Vault Issuing CA
Medium,Date stored as text,T&R on ACHE Site 2 Years 2-5,748,End Date is text '15/03/2030',Windows VMs
Medium,Date stored as text,T&R on ACHE Site 2 Years 2-5,749,End Date is text '15/03/2030',Linux VMs
Medium,Date stored as text,T&R on ACHE Site 2 Years 2-5,750,End Date is text '15/03/2030',Active Directory
Medium,Date stored as text,T&R on ACHE Site 2 Years 2-5,751,End Date is text '15/03/2030',ADFS
Medium,Date stored as text,T&R on ACHE Site 2 Years 2-5,752,End Date is text '15/03/2030',Beyond Trust
Medium,Date stored as text,T&R on ACHE Site 2 Years 2-5,753,End Date is text '15/03/2030',Tenable
Medium,Date stored as text,T&R on ACHE Site 2 Years 2-5,754,End Date is text '15/03/2030',Elastic Stack
Medium,Date stored as text,T&R on ACHE Site 2 Years 2-5,755,End Date is text '15/03/2030',Impex EUD
Medium,Date stored as text,T&R on ACHE Site 2 Years 2-5,756,End Date is text '15/03/2030',Vault
Medium,Date stored as text,T&R on ACHE Site 2 Years 2-5,757,End Date is text '15/03/2030',Keycloak
Medium,Date stored as text,T&R on ACHE Site 2 Years 2-5,758,End Date is text '15/03/2030',WAF
Medium,Date stored as text,T&R on ACHE Site 2 Years 2-5,759,End Date is text '15/03/2030',GitLab
Medium,Date stored as text,T&R on ACHE Site 2 Years 2-5,760,End Date is text '15/03/2030',Ansible Deployment Container
Medium,Date stored as text,T&R on ACHE Site 2 Years 2-5,761,End Date is text '15/03/2030',Kubernetes Deployment Boxes
Medium,Date stored as text,T&R on ACHE Site 2 Years 2-5,762,End Date is text '15/03/2030',PostgreSQL
Medium,Date stored as text,T&R on ACHE Site 2 Years 2-5,763,End Date is text '15/03/2030',Root CA
Medium,Date stored as text,T&R on ACHE Site 2 Years 2-5,764,End Date is text '15/03/2030',Issuing CA
Medium,Date stored as text,T&R on ACHE Site 2 Years 2-5,765,End Date is text '15/03/2030',Vault Issuing CA
Medium,Date stored as text,T&R on ACHE Site 2 Years 2-5,767,End Date is text '15/03/2030',Windows VMs
Medium,Date stored as text,T&R on ACHE Site 2 Years 2-5,768,End Date is text '15/03/2030',Linux VMs
Medium,Date stored as text,T&R on ACHE Site 2 Years 2-5,769,End Date is text '15/03/2030',Active Directory
Medium,Date stored as text,T&R on ACHE Site 2 Years 2-5,770,End Date is text '15/03/2030',ADFS
Medium,Date stored as text,T&R on ACHE Site 2 Years 2-5,771,End Date is text '15/03/2030',Beyond Trust
Medium,Date stored as text,T&R on ACHE Site 2 Years 2-5,772,End Date is text '15/03/2030',Tenable
Medium,Date stored as text,T&R on ACHE Site 2 Years 2-5,773,End Date is text '15/03/2030',Elastic Stack
Medium,Date stored as text,T&R on ACHE Site 2 Years 2-5,774,End Date is text '15/03/2030',Impex EUD
Medium,Date stored as text,T&R on ACHE Site 2 Years 2-5,775,End Date is text '15/03/2030',Vault
Medium,Date stored as text,T&R on ACHE Site 2 Years 2-5,776,End Date is text '15/03/2030',Keycloak
Medium,Date stored as text,T&R on ACHE Site 2 Years 2-5,777,End Date is text '15/03/2030',WAF
Medium,Date stored as text,T&R on ACHE Site 2 Years 2-5,778,End Date is text '15/03/2030',GitLab
Medium,Date stored as text,T&R on ACHE Site 2 Years 2-5,779,End Date is text '15/03/2030',Ansible Deployment Container
Medium,Date stored as text,T&R on ACHE Site 2 Years 2-5,780,End Date is text '15/03/2030',Kubernetes Deployment Boxes
Medium,Date stored as text,T&R on ACHE Site 2 Years 2-5,781,End Date is text '15/03/2030',PostgreSQL
Medium,Date stored as text,T&R on ACHE Site 2 Years 2-5,782,End Date is text '15/03/2030',Root CA
Medium,Date stored as text,T&R on ACHE Site 2 Years 2-5,783,End Date is text '15/03/2030',Issuing CA
Medium,Date stored as text,T&R on ACHE Site 2 Years 2-5,784,End Date is text '15/03/2030',Vault Issuing CA
Medium,Date stored as text,T&R on ACHE Site 2 Years 2-5,787,End Date is text '15/03/2031',Change Control - Beyond Trust
Medium,Date stored as text,T&R on ACHE Site 2 Years 2-5,788,End Date is text '15/03/2031',Change Control - Tenable
Medium,Date stored as text,T&R on ACHE Site 2 Years 2-5,789,End Date is text '15/03/2031',Change Control - Elastic Stack
Medium,Date stored as text,T&R on ACHE Site 2 Years 2-5,790,End Date is text '15/03/2031',Change Control - Vault
Medium,Date stored as text,T&R on ACHE Site 2 Years 2-5,791,End Date is text '15/03/2031',Change Control - Keycloak
Medium,Date stored as text,T&R on ACHE Site 2 Years 2-5,792,End Date is text '15/03/2031',Change Control - WAF
Medium,Date stored as text,T&R on ACHE Site 2 Years 2-5,793,End Date is text '15/03/2031',Change Control - GitLab
Medium,Date stored as text,T&R on ACHE Site 2 Years 2-5,794,End Date is text '15/03/2031',Change Control - Ansible Deployment Container
Medium,Date stored as text,T&R on ACHE Site 2 Years 2-5,795,End Date is text '15/03/2031',Change Control - Kubernetes Deployment Boxes
Medium,Date stored as text,T&R on ACHE Site 2 Years 2-5,796,End Date is text '15/03/2031',Change Control - PostgreSQL 
Medium,Date stored as text,T&R on ACHE Site 2 Years 2-5,797,End Date is text '15/03/2031',Impex - Beyond Trust
Medium,Date stored as text,T&R on ACHE Site 2 Years 2-5,798,End Date is text '15/03/2031',Impex - Tenable
Medium,Date stored as text,T&R on ACHE Site 2 Years 2-5,799,End Date is text '15/03/2031',Impex - Elastic Stack
Medium,Date stored as text,T&R on ACHE Site 2 Years 2-5,800,End Date is text '15/03/2031',Impex - Vault
Medium,Date stored as text,T&R on ACHE Site 2 Years 2-5,801,End Date is text '15/03/2031',Impex - Keycloak
Medium,Date stored as text,T&R on ACHE Site 2 Years 2-5,802,End Date is text '15/03/2031',Impex - WAF
Medium,Date stored as text,T&R on ACHE Site 2 Years 2-5,803,End Date is text '15/03/2031',Impex - GitLab
Medium,Date stored as text,T&R on ACHE Site 2 Years 2-5,804,End Date is text '15/03/2031',Impex - Ansible Deployment Container
Medium,Date stored as text,T&R on ACHE Site 2 Years 2-5,805,End Date is text '15/03/2031',Impex - Kubernetes Deployment Boxes
Medium,Date stored as text,T&R on ACHE Site 2 Years 2-5,806,End Date is text '15/03/2031',Impex Security Review - Beyond Trust
Medium,Date stored as text,T&R on ACHE Site 2 Years 2-5,807,End Date is text '15/03/2031',Impex Security Review - Tenable
Medium,Date stored as text,T&R on ACHE Site 2 Years 2-5,808,End Date is text '15/03/2031',Impex Security Review - Elastic Stack
Medium,Date stored as text,T&R on ACHE Site 2 Years 2-5,809,End Date is text '15/03/2031',Impex Security Review - Vault
Medium,Date stored as text,T&R on ACHE Site 2 Years 2-5,810,End Date is text '15/03/2031',Impex Security Review - Keycloak
Medium,Date stored as text,T&R on ACHE Site 2 Years 2-5,811,End Date is text '15/03/2031',Impex Security Review - WAF
Medium,Date stored as text,T&R on ACHE Site 2 Years 2-5,812,End Date is text '15/03/2031',Impex Security Review - GitLab
Medium,Date stored as text,T&R on ACHE Site 2 Years 2-5,813,End Date is text '15/03/2031',Impex Security Review - Ansible Deployment Container
Medium,Date stored as text,T&R on ACHE Site 2 Years 2-5,814,End Date is text '15/03/2031',Impex Security Review - Kubernetes Deployment Boxes
Medium,Date stored as text,T&R on ACHE Site 2 Years 2-5,815,End Date is text '15/03/2031',Deployment - Beyond Trust
Medium,Date stored as text,T&R on ACHE Site 2 Years 2-5,816,End Date is text '15/03/2031',Deployment - Tenable
Medium,Date stored as text,T&R on ACHE Site 2 Years 2-5,817,End Date is text '15/03/2031',Deployment - Elastic Stack
Medium,Date stored as text,T&R on ACHE Site 2 Years 2-5,818,End Date is text '15/03/2031',Deployment - Vault
Medium,Date stored as text,T&R on ACHE Site 2 Years 2-5,819,End Date is text '15/03/2031',Deployment - Keycloak
Medium,Date stored as text,T&R on ACHE Site 2 Years 2-5,820,End Date is text '15/03/2031',Deployment - WAF
Medium,Date stored as text,T&R on ACHE Site 2 Years 2-5,821,End Date is text '15/03/2031',Deployment - GitLab
Medium,Date stored as text,T&R on ACHE Site 2 Years 2-5,822,End Date is text '15/03/2031',Deployment - Ansible Deployment Container
Medium,Date stored as text,T&R on ACHE Site 2 Years 2-5,823,End Date is text '15/03/2031',Deployment - Kubernetes Deployment Boxes
Medium,Date stored as text,T&R on ACHE Site 2 Years 2-5,824,End Date is text '15/03/2031',Deployment - PostgreSQL
Medium,Date stored as text,T&R on ACHE Site 2 Years 2-5,825,End Date is text '01/03/2031',Deployment - Root CA
Medium,Date stored as text,T&R on ACHE Site 2 Years 2-5,826,End Date is text '15/03/2031',Post-Deployment Testing - Beyond Trust
Medium,Date stored as text,T&R on ACHE Site 2 Years 2-5,827,End Date is text '15/03/2031',Post-Deployment Testing - Tenable
Medium,Date stored as text,T&R on ACHE Site 2 Years 2-5,828,End Date is text '15/03/2031',Post-Deployment Testing - Elastic Stack
Medium,Date stored as text,T&R on ACHE Site 2 Years 2-5,829,End Date is text '15/03/2031',Post-Deployment Testing - Keycloak
Medium,Date stored as text,T&R on ACHE Site 2 Years 2-5,831,End Date is text '15/03/2031',Change Control - Beyond Trust
Medium,Date stored as text,T&R on ACHE Site 2 Years 2-5,832,End Date is text '15/03/2031',Change Control - Tenable
Medium,Date stored as text,T&R on ACHE Site 2 Years 2-5,833,End Date is text '15/03/2031',Change Control - Elastic Stack
Medium,Date stored as text,T&R on ACHE Site 2 Years 2-5,834,End Date is text '15/03/2031',Change Control - Vault
Medium,Date stored as text,T&R on ACHE Site 2 Years 2-5,835,End Date is text '15/03/2031',Change Control - Keycloak
Medium,Date stored as text,T&R on ACHE Site 2 Years 2-5,836,End Date is text '15/03/2031',Change Control - WAF
Medium,Date stored as text,T&R on ACHE Site 2 Years 2-5,837,End Date is text '15/03/2031',Change Control - GitLab
Medium,Date stored as text,T&R on ACHE Site 2 Years 2-5,838,End Date is text '15/03/2031',Change Control - Ansible Deployment Container
Medium,Date stored as text,T&R on ACHE Site 2 Years 2-5,839,End Date is text '15/03/2031',Change Control - Kubernetes Deployment Boxes
Medium,Date stored as text,T&R on ACHE Site 2 Years 2-5,840,End Date is text '15/03/2031',Change Control - PostgreSQL 
Medium,Date stored as text,T&R on ACHE Site 2 Years 2-5,841,End Date is text '15/03/2031',Impex - Beyond Trust
Medium,Date stored as text,T&R on ACHE Site 2 Years 2-5,842,End Date is text '15/03/2031',Impex - Tenable
Medium,Date stored as text,T&R on ACHE Site 2 Years 2-5,843,End Date is text '15/03/2031',Impex - Elastic Stack
Medium,Date stored as text,T&R on ACHE Site 2 Years 2-5,844,End Date is text '15/03/2031',Impex - Vault
Medium,Date stored as text,T&R on ACHE Site 2 Years 2-5,845,End Date is text '15/03/2031',Impex - Keycloak
Medium,Date stored as text,T&R on ACHE Site 2 Years 2-5,846,End Date is text '15/03/2031',Impex - WAF
Medium,Date stored as text,T&R on ACHE Site 2 Years 2-5,847,End Date is text '15/03/2031',Impex - GitLab
Medium,Date stored as text,T&R on ACHE Site 2 Years 2-5,848,End Date is text '15/03/2031',Impex - Ansible Deployment Container
Medium,Date stored as text,T&R on ACHE Site 2 Years 2-5,849,End Date is text '15/03/2031',Impex - Kubernetes Deployment Boxes
Medium,Date stored as text,T&R on ACHE Site 2 Years 2-5,850,End Date is text '15/03/2031',Impex Security Review - Beyond Trust
Medium,Date stored as text,T&R on ACHE Site 2 Years 2-5,851,End Date is text '15/03/2031',Impex Security Review - Tenable
Medium,Date stored as text,T&R on ACHE Site 2 Years 2-5,852,End Date is text '15/03/2031',Impex Security Review - Elastic Stack
Medium,Date stored as text,T&R on ACHE Site 2 Years 2-5,853,End Date is text '15/03/2031',Impex Security Review - Vault
Medium,Date stored as text,T&R on ACHE Site 2 Years 2-5,854,End Date is text '15/03/2031',Impex Security Review - Keycloak
Medium,Date stored as text,T&R on ACHE Site 2 Years 2-5,855,End Date is text '15/03/2031',Impex Security Review - WAF
Medium,Date stored as text,T&R on ACHE Site 2 Years 2-5,856,End Date is text '15/03/2031',Impex Security Review - GitLab
Medium,Date stored as text,T&R on ACHE Site 2 Years 2-5,857,End Date is text '15/03/2031',Impex Security Review - Ansible Deployment Container
Medium,Date stored as text,T&R on ACHE Site 2 Years 2-5,858,End Date is text '15/03/2031',Impex Security Review - Kubernetes Deployment Boxes
Medium,Date stored as text,T&R on ACHE Site 2 Years 2-5,859,End Date is text '15/03/2031',Deployment - Beyond Trust
Medium,Date stored as text,T&R on ACHE Site 2 Years 2-5,860,End Date is text '15/03/2031',Deployment - Tenable
Medium,Date stored as text,T&R on ACHE Site 2 Years 2-5,861,End Date is text '15/03/2031',Deployment - Elastic Stack
Medium,Date stored as text,T&R on ACHE Site 2 Years 2-5,862,End Date is text '15/03/2031',Deployment - Vault
Medium,Date stored as text,T&R on ACHE Site 2 Years 2-5,863,End Date is text '15/03/2031',Deployment - Keycloak
Medium,Date stored as text,T&R on ACHE Site 2 Years 2-5,864,End Date is text '15/03/2031',Deployment - WAF
Medium,Date stored as text,T&R on ACHE Site 2 Years 2-5,865,End Date is text '15/03/2031',Deployment - GitLab
Medium,Date stored as text,T&R on ACHE Site 2 Years 2-5,866,End Date is text '15/03/2031',Deployment - Ansible Deployment Container
Medium,Date stored as text,T&R on ACHE Site 2 Years 2-5,867,End Date is text '15/03/2031',Deployment - Kubernetes Deployment Boxes
Medium,Date stored as text,T&R on ACHE Site 2 Years 2-5,868,End Date is text '15/03/2031',Deployment - PostgreSQL
Medium,Date stored as text,T&R on ACHE Site 2 Years 2-5,869,End Date is text '01/03/2031',Deployment - Root CA
Medium,Date stored as text,T&R on ACHE Site 2 Years 2-5,870,End Date is text '15/03/2031',Post-Deployment Testing - Beyond Trust
Medium,Date stored as text,T&R on ACHE Site 2 Years 2-5,871,End Date is text '15/03/2031',Post-Deployment Testing - Tenable
Medium,Date stored as text,T&R on ACHE Site 2 Years 2-5,872,End Date is text '15/03/2031',Post-Deployment Testing - Elastic Stack
Medium,Date stored as text,T&R on ACHE Site 2 Years 2-5,873,End Date is text '15/03/2031',Post-Deployment Testing - Keycloak
Medium,Date stored as text,T&R on ACHE Site 2 Years 2-5,875,End Date is text '01/10/2030',Windows
Medium,Date stored as text,T&R on ACHE Site 2 Years 2-5,876,End Date is text '01/10/2030',Beyond Trust
Medium,Date stored as text,T&R on ACHE Site 2 Years 2-5,877,End Date is text '01/10/2030',Tenable
Medium,Date stored as text,T&R on ACHE Site 2 Years 2-5,878,End Date is text '01/10/2030',Elastic Stack
Medium,Date stored as text,T&R on ACHE Site 2 Years 2-5,879,End Date is text '01/10/2030',Vault
Medium,Date stored as text,T&R on ACHE Site 2 Years 2-5,880,End Date is text '01/10/2030',WAF
Medium,Date stored as text,T&R on ACHE Site 2 Years 2-5,881,End Date is text '01/10/2030',GitLab
Medium,Date stored as text,T&R on ACHE Site 2 Years 2-5,883,End Date is text '01/10/2030',Windows
Medium,Date stored as text,T&R on ACHE Site 2 Years 2-5,884,End Date is text '01/10/2030',Beyond Trust
Medium,Date stored as text,T&R on ACHE Site 2 Years 2-5,885,End Date is text '01/10/2030',Tenable
Medium,Date stored as text,T&R on ACHE Site 2 Years 2-5,886,End Date is text '01/10/2030',Elastic Stack
Medium,Date stored as text,T&R on ACHE Site 2 Years 2-5,887,End Date is text '01/10/2030',Vault
Medium,Date stored as text,T&R on ACHE Site 2 Years 2-5,888,End Date is text '01/10/2030',WAF
Medium,Date stored as text,T&R on ACHE Site 2 Years 2-5,889,End Date is text '01/10/2030',GitLab
Medium,Date stored as text,T&R on ACHE Site 2 Years 2-5,891,End Date is text '01/10/2030',Windows VMs
Medium,Date stored as text,T&R on ACHE Site 2 Years 2-5,892,End Date is text '01/10/2030',Linux VMs
Medium,Date stored as text,T&R on ACHE Site 2 Years 2-5,893,End Date is text '01/10/2030',Active Directory
Medium,Date stored as text,T&R on ACHE Site 2 Years 2-5,894,End Date is text '01/10/2030',ADFS
Medium,Date stored as text,T&R on ACHE Site 2 Years 2-5,895,End Date is text '01/10/2030',Beyond Trust
Medium,Date stored as text,T&R on ACHE Site 2 Years 2-5,896,End Date is text '01/10/2030',Tenable
Medium,Date stored as text,T&R on ACHE Site 2 Years 2-5,897,End Date is text '01/10/2030',Elastic Stack
Medium,Date stored as text,T&R on ACHE Site 2 Years 2-5,898,End Date is text '01/10/2030',Impex EUD
Medium,Date stored as text,T&R on ACHE Site 2 Years 2-5,899,End Date is text '01/10/2030',Vault
Medium,Date stored as text,T&R on ACHE Site 2 Years 2-5,900,End Date is text '01/10/2030',Keycloak
Medium,Date stored as text,T&R on ACHE Site 2 Years 2-5,901,End Date is text '01/10/2030',WAF
Medium,Date stored as text,T&R on ACHE Site 2 Years 2-5,902,End Date is text '01/10/2030',GitLab
Medium,Date stored as text,T&R on ACHE Site 2 Years 2-5,903,End Date is text '01/10/2030',Ansible Deployment Container
Medium,Date stored as text,T&R on ACHE Site 2 Years 2-5,904,End Date is text '01/10/2030',Kubernetes Deployment Boxes
Medium,Date stored as text,T&R on ACHE Site 2 Years 2-5,905,End Date is text '01/10/2030',PostgreSQL
Medium,Date stored as text,T&R on ACHE Site 2 Years 2-5,906,End Date is text '01/04/2030',Root CA
Medium,Date stored as text,T&R on ACHE Site 2 Years 2-5,907,End Date is text '01/04/2030',Issuing CA
Medium,Date stored as text,T&R on ACHE Site 2 Years 2-5,908,End Date is text '01/04/2030',Vault Issuing CA
Medium,Date stored as text,T&R on ACHE Site 2 Years 2-5,909,End Date is text '01/10/2030',BPS Gateway
Medium,Date stored as text,T&R on ACHE Site 2 Years 2-5,911,End Date is text '01/10/2030',Windows VMs
Medium,Date stored as text,T&R on ACHE Site 2 Years 2-5,912,End Date is text '01/10/2030',Linux VMs
Medium,Date stored as text,T&R on ACHE Site 2 Years 2-5,913,End Date is text '01/10/2030',Active Directory
Medium,Date stored as text,T&R on ACHE Site 2 Years 2-5,914,End Date is text '01/10/2030',ADFS
Medium,Date stored as text,T&R on ACHE Site 2 Years 2-5,915,End Date is text '01/10/2030',Beyond Trust
Medium,Date stored as text,T&R on ACHE Site 2 Years 2-5,916,End Date is text '01/10/2030',Tenable
Medium,Date stored as text,T&R on ACHE Site 2 Years 2-5,917,End Date is text '01/10/2030',Elastic Stack
Medium,Date stored as text,T&R on ACHE Site 2 Years 2-5,918,End Date is text '01/10/2030',Impex EUD
Medium,Date stored as text,T&R on ACHE Site 2 Years 2-5,919,End Date is text '01/10/2030',Vault
Medium,Date stored as text,T&R on ACHE Site 2 Years 2-5,920,End Date is text '01/10/2030',Keycloak
Medium,Date stored as text,T&R on ACHE Site 2 Years 2-5,921,End Date is text '01/10/2030',WAF
Medium,Date stored as text,T&R on ACHE Site 2 Years 2-5,922,End Date is text '01/10/2030',GitLab
Medium,Date stored as text,T&R on ACHE Site 2 Years 2-5,923,End Date is text '01/10/2030',Ansible Deployment Container
Medium,Date stored as text,T&R on ACHE Site 2 Years 2-5,924,End Date is text '01/10/2030',Kubernetes Deployment Boxes
Medium,Date stored as text,T&R on ACHE Site 2 Years 2-5,925,End Date is text '01/10/2030',PostgreSQL
Medium,Date stored as text,T&R on ACHE Site 2 Years 2-5,926,End Date is text '01/04/2030',Root CA
Medium,Date stored as text,T&R on ACHE Site 2 Years 2-5,927,End Date is text '01/04/2030',Issuing CA
Medium,Date stored as text,T&R on ACHE Site 2 Years 2-5,928,End Date is text '01/04/2030',Vault Issuing CA
Medium,Date stored as text,T&R on ACHE Site 2 Years 2-5,929,End Date is text '01/04/2030',BPS Gateway
Medium,Date stored as text,T&R on ACHE Site 2 Years 2-5,931,End Date is text '15/03/2031',Windows VMs
Medium,Date stored as text,T&R on ACHE Site 2 Years 2-5,932,End Date is text '15/03/2031',Linux VMs
Medium,Date stored as text,T&R on ACHE Site 2 Years 2-5,933,End Date is text '15/03/2031',Active Directory
Medium,Date stored as text,T&R on ACHE Site 2 Years 2-5,934,End Date is text '15/03/2031',ADFS
Medium,Date stored as text,T&R on ACHE Site 2 Years 2-5,935,End Date is text '15/03/2031',Beyond Trust
Medium,Date stored as text,T&R on ACHE Site 2 Years 2-5,936,End Date is text '15/03/2031',Tenable
Medium,Date stored as text,T&R on ACHE Site 2 Years 2-5,937,End Date is text '15/03/2031',Elastic Stack
Medium,Date stored as text,T&R on ACHE Site 2 Years 2-5,938,End Date is text '15/03/2031',Impex EUD
Medium,Date stored as text,T&R on ACHE Site 2 Years 2-5,939,End Date is text '15/03/2031',Vault
Medium,Date stored as text,T&R on ACHE Site 2 Years 2-5,940,End Date is text '15/03/2031',Keycloak
Medium,Date stored as text,T&R on ACHE Site 2 Years 2-5,941,End Date is text '15/03/2031',WAF
Medium,Date stored as text,T&R on ACHE Site 2 Years 2-5,942,End Date is text '15/03/2031',GitLab
Medium,Date stored as text,T&R on ACHE Site 2 Years 2-5,943,End Date is text '15/03/2031',Ansible Deployment Container
Medium,Date stored as text,T&R on ACHE Site 2 Years 2-5,944,End Date is text '15/03/2031',Kubernetes Deployment Boxes
Medium,Date stored as text,T&R on ACHE Site 2 Years 2-5,945,End Date is text '15/03/2031',PostgreSQL
Medium,Date stored as text,T&R on ACHE Site 2 Years 2-5,946,End Date is text '15/03/2031',Root CA
Medium,Date stored as text,T&R on ACHE Site 2 Years 2-5,947,End Date is text '15/03/2031',Issuing CA
Medium,Date stored as text,T&R on ACHE Site 2 Years 2-5,948,End Date is text '15/03/2031',Vault Issuing CA
Medium,Date stored as text,T&R on ACHE Site 2 Years 2-5,949,End Date is text '01/04/2030',BPS Gateway
Medium,Date stored as text,T&R on ACHE Site 2 Years 2-5,951,End Date is text '15/03/2031',Windows VMs
Medium,Date stored as text,T&R on ACHE Site 2 Years 2-5,952,End Date is text '15/03/2031',Linux VMs
Medium,Date stored as text,T&R on ACHE Site 2 Years 2-5,953,End Date is text '15/03/2031',Active Directory
Medium,Date stored as text,T&R on ACHE Site 2 Years 2-5,954,End Date is text '15/03/2031',ADFS
Medium,Date stored as text,T&R on ACHE Site 2 Years 2-5,955,End Date is text '15/03/2031',Beyond Trust
Medium,Date stored as text,T&R on ACHE Site 2 Years 2-5,956,End Date is text '15/03/2031',Tenable
Medium,Date stored as text,T&R on ACHE Site 2 Years 2-5,957,End Date is text '15/03/2031',Elastic Stack
Medium,Date stored as text,T&R on ACHE Site 2 Years 2-5,958,End Date is text '15/03/2031',Impex EUD
Medium,Date stored as text,T&R on ACHE Site 2 Years 2-5,959,End Date is text '15/03/2031',Vault
Medium,Date stored as text,T&R on ACHE Site 2 Years 2-5,960,End Date is text '15/03/2031',Keycloak
Medium,Date stored as text,T&R on ACHE Site 2 Years 2-5,961,End Date is text '15/03/2031',WAF
Medium,Date stored as text,T&R on ACHE Site 2 Years 2-5,962,End Date is text '15/03/2031',GitLab
Medium,Date stored as text,T&R on ACHE Site 2 Years 2-5,963,End Date is text '15/03/2031',Ansible Deployment Container
Medium,Date stored as text,T&R on ACHE Site 2 Years 2-5,964,End Date is text '15/03/2031',Kubernetes Deployment Boxes
Medium,Date stored as text,T&R on ACHE Site 2 Years 2-5,965,End Date is text '15/03/2031',PostgreSQL
Medium,Date stored as text,T&R on ACHE Site 2 Years 2-5,966,End Date is text '15/03/2031',Root CA
Medium,Date stored as text,T&R on ACHE Site 2 Years 2-5,967,End Date is text '15/03/2031',Issuing CA
Medium,Date stored as text,T&R on ACHE Site 2 Years 2-5,968,End Date is text '15/03/2031',Vault Issuing CA
Medium,Date stored as text,T&R on ACHE Site 2 Years 2-5,969,End Date is text '01/04/2030',BPS Gateway
Medium,Date stored as text,T&R on ACHE Site 2 Years 2-5,971,End Date is text '15/03/2031',Windows VMs
Medium,Date stored as text,T&R on ACHE Site 2 Years 2-5,972,End Date is text '15/03/2031',Linux VMs
Medium,Date stored as text,T&R on ACHE Site 2 Years 2-5,973,End Date is text '15/03/2031',Active Directory
Medium,Date stored as text,T&R on ACHE Site 2 Years 2-5,974,End Date is text '15/03/2031',ADFS
Medium,Date stored as text,T&R on ACHE Site 2 Years 2-5,975,End Date is text '15/03/2031',Beyond Trust
Medium,Date stored as text,T&R on ACHE Site 2 Years 2-5,976,End Date is text '15/03/2031',Tenable
Medium,Date stored as text,T&R on ACHE Site 2 Years 2-5,977,End Date is text '15/03/2031',Elastic Stack
Medium,Date stored as text,T&R on ACHE Site 2 Years 2-5,978,End Date is text '15/03/2031',Impex EUD
Medium,Date stored as text,T&R on ACHE Site 2 Years 2-5,979,End Date is text '15/03/2031',Vault
Medium,Date stored as text,T&R on ACHE Site 2 Years 2-5,980,End Date is text '15/03/2031',Keycloak
Medium,Date stored as text,T&R on ACHE Site 2 Years 2-5,981,End Date is text '15/03/2031',WAF
Medium,Date stored as text,T&R on ACHE Site 2 Years 2-5,982,End Date is text '15/03/2031',GitLab
Medium,Date stored as text,T&R on ACHE Site 2 Years 2-5,983,End Date is text '15/03/2031',Ansible Deployment Container
Medium,Date stored as text,T&R on ACHE Site 2 Years 2-5,984,End Date is text '15/03/2031',Kubernetes Deployment Boxes
Medium,Date stored as text,T&R on ACHE Site 2 Years 2-5,985,End Date is text '15/03/2031',PostgreSQL
Medium,Date stored as text,T&R on ACHE Site 2 Years 2-5,986,End Date is text '15/03/2031',Root CA
Medium,Date stored as text,T&R on ACHE Site 2 Years 2-5,987,End Date is text '15/03/2031',Issuing CA
Medium,Date stored as text,T&R on ACHE Site 2 Years 2-5,988,End Date is text '15/03/2031',Vault Issuing CA
Medium,Date stored as text,T&R on ACHE Site 2 Years 2-5,990,End Date is text '15/03/2031',Windows VMs
Medium,Date stored as text,T&R on ACHE Site 2 Years 2-5,991,End Date is text '15/03/2031',Linux VMs
Medium,Date stored as text,T&R on ACHE Site 2 Years 2-5,992,End Date is text '15/03/2031',Active Directory
Medium,Date stored as text,T&R on ACHE Site 2 Years 2-5,993,End Date is text '15/03/2031',ADFS
Medium,Date stored as text,T&R on ACHE Site 2 Years 2-5,994,End Date is text '15/03/2031',Beyond Trust
Medium,Date stored as text,T&R on ACHE Site 2 Years 2-5,995,End Date is text '15/03/2031',Tenable
Medium,Date stored as text,T&R on ACHE Site 2 Years 2-5,996,End Date is text '15/03/2031',Elastic Stack
Medium,Date stored as text,T&R on ACHE Site 2 Years 2-5,997,End Date is text '15/03/2031',Impex EUD
Medium,Date stored as text,T&R on ACHE Site 2 Years 2-5,998,End Date is text '15/03/2031',Vault
Medium,Date stored as text,T&R on ACHE Site 2 Years 2-5,999,End Date is text '15/03/2031',Keycloak
Medium,Date stored as text,T&R on ACHE Site 2 Years 2-5,1000,End Date is text '15/03/2031',WAF
Medium,Date stored as text,T&R on ACHE Site 2 Years 2-5,1001,End Date is text '15/03/2031',GitLab
Medium,Date stored as text,T&R on ACHE Site 2 Years 2-5,1002,End Date is text '15/03/2031',Ansible Deployment Container
Medium,Date stored as text,T&R on ACHE Site 2 Years 2-5,1003,End Date is text '15/03/2031',Kubernetes Deployment Boxes
Medium,Date stored as text,T&R on ACHE Site 2 Years 2-5,1004,End Date is text '15/03/2031',PostgreSQL
Medium,Date stored as text,T&R on ACHE Site 2 Years 2-5,1005,End Date is text '15/03/2031',Root CA
Medium,Date stored as text,T&R on ACHE Site 2 Years 2-5,1006,End Date is text '15/03/2031',Issuing CA
Medium,Date stored as text,T&R on ACHE Site 2 Years 2-5,1007,End Date is text '15/03/2031',Vault Issuing CA
Medium,Date stored as text,T&R on ACHE Site 2 Years 2-5,1009,End Date is text '15/03/2031',Windows VMs
Medium,Date stored as text,T&R on ACHE Site 2 Years 2-5,1010,End Date is text '15/03/2031',Linux VMs
Medium,Date stored as text,T&R on ACHE Site 2 Years 2-5,1011,End Date is text '15/03/2031',Active Directory
Medium,Date stored as text,T&R on ACHE Site 2 Years 2-5,1012,End Date is text '15/03/2031',ADFS
Medium,Date stored as text,T&R on ACHE Site 2 Years 2-5,1013,End Date is text '15/03/2031',Beyond Trust
Medium,Date stored as text,T&R on ACHE Site 2 Years 2-5,1014,End Date is text '15/03/2031',Tenable
Medium,Date stored as text,T&R on ACHE Site 2 Years 2-5,1015,End Date is text '15/03/2031',Elastic Stack
Medium,Date stored as text,T&R on ACHE Site 2 Years 2-5,1016,End Date is text '15/03/2031',Impex EUD
Medium,Date stored as text,T&R on ACHE Site 2 Years 2-5,1017,End Date is text '15/03/2031',Vault
Medium,Date stored as text,T&R on ACHE Site 2 Years 2-5,1018,End Date is text '15/03/2031',Keycloak
Medium,Date stored as text,T&R on ACHE Site 2 Years 2-5,1019,End Date is text '15/03/2031',WAF
Medium,Date stored as text,T&R on ACHE Site 2 Years 2-5,1020,End Date is text '15/03/2031',GitLab
Medium,Date stored as text,T&R on ACHE Site 2 Years 2-5,1021,End Date is text '15/03/2031',Ansible Deployment Container
Medium,Date stored as text,T&R on ACHE Site 2 Years 2-5,1022,End Date is text '15/03/2031',Kubernetes Deployment Boxes
Medium,Date stored as text,T&R on ACHE Site 2 Years 2-5,1023,End Date is text '15/03/2031',PostgreSQL
Medium,Date stored as text,T&R on ACHE Site 2 Years 2-5,1024,End Date is text '15/03/2031',Root CA
Medium,Date stored as text,T&R on ACHE Site 2 Years 2-5,1025,End Date is text '15/03/2031',Issuing CA
Medium,Date stored as text,T&R on ACHE Site 2 Years 2-5,1026,End Date is text '15/03/2031',Vault Issuing CA
Medium,Date stored as text,T&R on ACHE Site 2 Years 2-5,1028,End Date is text '15/03/2031',Windows VMs
Medium,Date stored as text,T&R on ACHE Site 2 Years 2-5,1029,End Date is text '15/03/2031',Linux VMs
Medium,Date stored as text,T&R on ACHE Site 2 Years 2-5,1030,End Date is text '15/03/2031',Active Directory
Medium,Date stored as text,T&R on ACHE Site 2 Years 2-5,1031,End Date is text '15/03/2031',ADFS
Medium,Date stored as text,T&R on ACHE Site 2 Years 2-5,1032,End Date is text '15/03/2031',Beyond Trust
Medium,Date stored as text,T&R on ACHE Site 2 Years 2-5,1033,End Date is text '15/03/2031',Tenable
Medium,Date stored as text,T&R on ACHE Site 2 Years 2-5,1034,End Date is text '15/03/2031',Elastic Stack
Medium,Date stored as text,T&R on ACHE Site 2 Years 2-5,1035,End Date is text '15/03/2031',Impex EUD
Medium,Date stored as text,T&R on ACHE Site 2 Years 2-5,1036,End Date is text '15/03/2031',Vault
Medium,Date stored as text,T&R on ACHE Site 2 Years 2-5,1037,End Date is text '15/03/2031',Keycloak
Medium,Date stored as text,T&R on ACHE Site 2 Years 2-5,1038,End Date is text '15/03/2031',WAF
Medium,Date stored as text,T&R on ACHE Site 2 Years 2-5,1039,End Date is text '15/03/2031',GitLab
Medium,Date stored as text,T&R on ACHE Site 2 Years 2-5,1040,End Date is text '15/03/2031',Ansible Deployment Container
Medium,Date stored as text,T&R on ACHE Site 2 Years 2-5,1041,End Date is text '15/03/2031',Kubernetes Deployment Boxes
Medium,Date stored as text,T&R on ACHE Site 2 Years 2-5,1042,End Date is text '15/03/2031',PostgreSQL
Medium,Date stored as text,T&R on ACHE Site 2 Years 2-5,1043,End Date is text '15/03/2031',Root CA
Medium,Date stored as text,T&R on ACHE Site 2 Years 2-5,1044,End Date is text '15/03/2031',Issuing CA
Medium,Date stored as text,T&R on ACHE Site 2 Years 2-5,1045,End Date is text '15/03/2031',Vault Issuing CA
Medium,Rollup not reflected,Roles & SFIA,15,Role 'Software Lead' ~0.83 FTE in WBS but 0 in summary tab,
Medium,Rollup not reflected,Roles & SFIA,27,Role 'Security Architect' ~19.83 FTE in WBS but 0 in summary tab,
Medium,Rollup not reflected,Roles & SFIA,32,Role 'Business Analyst' ~1.32 FTE in WBS but 0 in summary tab,
Medium,Rollup not reflected,Roles & SFIA,41,Role 'Service Management Controller' ~12.83 FTE in WBS but 0 in summary tab,
Medium,Single-resource over 1 FTE,Security Years 1-5,7,Needs 1.63 FTE but 1 resource (Security Architect) named,Security Assurance (SbD & 453)
Medium,Single-resource over 1 FTE,Security Years 1-5,25,Needs 1.63 FTE but 1 resource (Security Architect) named,Security Assurance (SbD & 453)
Medium,Single-resource over 1 FTE,Security Years 1-5,44,Needs 1.63 FTE but 1 resource (Security Architect) named,Security Assurance (SbD & 453)
Medium,Single-resource over 1 FTE,Security Years 1-5,64,Needs 1.63 FTE but 1 resource (Security Architect) named,Security Assurance (SbD & 453)
Medium,Single-resource over 1 FTE,Security Years 1-5,84,Needs 1.63 FTE but 1 resource (Security Architect) named,Security Assurance (SbD & 453)
Medium,Total FTE vs role-count mismatch,AIP on ACHE Build Years 2-4,4,Total FTE implies 3 resources but 1 role(s) named,Active Directory
Medium,Total FTE vs role-count mismatch,AIP on ACHE Build Years 2-4,5,Total FTE implies 3 resources but 1 role(s) named,ADFS
Medium,Total FTE vs role-count mismatch,AIP on ACHE Build Years 2-4,6,Total FTE implies 3 resources but 1 role(s) named,Beyond Trust
Medium,Total FTE vs role-count mismatch,AIP on ACHE Build Years 2-4,7,Total FTE implies 3 resources but 1 role(s) named,Tenable
Medium,Total FTE vs role-count mismatch,AIP on ACHE Build Years 2-4,8,Total FTE implies 3 resources but 2 role(s) named,Elastic Stack
Medium,Total FTE vs role-count mismatch,AIP on ACHE Build Years 2-4,9,Total FTE implies 3 resources but 2 role(s) named,Vault
Medium,Total FTE vs role-count mismatch,AIP on ACHE Build Years 2-4,10,Total FTE implies 3 resources but 2 role(s) named,Keycloak
Medium,Total FTE vs role-count mismatch,AIP on ACHE Build Years 2-4,11,Total FTE implies 3 resources but 1 role(s) named,WAF
Medium,Total FTE vs role-count mismatch,AIP on ACHE Build Years 2-4,12,Total FTE implies 3 resources but 2 role(s) named,GitLab
Medium,Total FTE vs role-count mismatch,AIP on ACHE Build Years 2-4,13,Total FTE implies 3 resources but 1 role(s) named,Ansible Deployment Container
Medium,Total FTE vs role-count mismatch,AIP on ACHE Build Years 2-4,14,Total FTE implies 3 resources but 1 role(s) named,Kubernetes Deployment Boxes
Medium,Total FTE vs role-count mismatch,AIP on ACHE Build Years 2-4,15,Total FTE implies 3 resources but 1 role(s) named,PostgreSQL
Medium,Total FTE vs role-count mismatch,AIP on ACHE Build Years 2-4,16,Total FTE implies 3 resources but 1 role(s) named,Root CA
Medium,Total FTE vs role-count mismatch,AIP on ACHE Build Years 2-4,17,Total FTE implies 3 resources but 1 role(s) named,Issuing CA
Medium,Total FTE vs role-count mismatch,AIP on ACHE Build Years 2-4,18,Total FTE implies 3 resources but 1 role(s) named,Vault Issuing CA
Medium,Total FTE vs role-count mismatch,AIP on ACHE Build Years 2-4,19,Total FTE implies 3 resources but 2 role(s) named,BPS Gateway
Medium,Total FTE vs role-count mismatch,AIP on ACHE Build Years 2-4,20,Total FTE implies 3 resources but 1 role(s) named,WSUS
Medium,Total FTE vs role-count mismatch,AIP on ACHE Build Years 2-4,21,Total FTE implies 3 resources but 1 role(s) named,Linux Repo
Medium,Total FTE vs role-count mismatch,AIP on ACHE Build Years 2-4,22,Total FTE implies 3 resources but 2 role(s) named,Monitoring Tooling
Medium,Total FTE vs role-count mismatch,AIP on ACHE Build Years 2-4,23,Total FTE implies 3 resources but 2 role(s) named,SIEM
Medium,Total FTE vs role-count mismatch,AIP on ACHE Build Years 2-4,25,Total FTE implies 3 resources but 1 role(s) named,Active Directory
Medium,Total FTE vs role-count mismatch,AIP on ACHE Build Years 2-4,26,Total FTE implies 3 resources but 1 role(s) named,ADFS
Medium,Total FTE vs role-count mismatch,AIP on ACHE Build Years 2-4,27,Total FTE implies 3 resources but 1 role(s) named,Beyond Trust
Medium,Total FTE vs role-count mismatch,AIP on ACHE Build Years 2-4,28,Total FTE implies 3 resources but 1 role(s) named,Tenable
Medium,Total FTE vs role-count mismatch,AIP on ACHE Build Years 2-4,29,Total FTE implies 3 resources but 2 role(s) named,Elastic Stack
Medium,Total FTE vs role-count mismatch,AIP on ACHE Build Years 2-4,30,Total FTE implies 3 resources but 2 role(s) named,Vault
Medium,Total FTE vs role-count mismatch,AIP on ACHE Build Years 2-4,31,Total FTE implies 3 resources but 2 role(s) named,Keycloak
Medium,Total FTE vs role-count mismatch,AIP on ACHE Build Years 2-4,32,Total FTE implies 3 resources but 1 role(s) named,WAF
Medium,Total FTE vs role-count mismatch,AIP on ACHE Build Years 2-4,33,Total FTE implies 3 resources but 2 role(s) named,GitLab
Medium,Total FTE vs role-count mismatch,AIP on ACHE Build Years 2-4,34,Total FTE implies 3 resources but 1 role(s) named,Ansible Deployment Container
Medium,Total FTE vs role-count mismatch,AIP on ACHE Build Years 2-4,35,Total FTE implies 3 resources but 1 role(s) named,Kubernetes Deployment Boxes
Medium,Total FTE vs role-count mismatch,AIP on ACHE Build Years 2-4,36,Total FTE implies 3 resources but 1 role(s) named,PostgreSQL
Medium,Total FTE vs role-count mismatch,AIP on ACHE Build Years 2-4,37,Total FTE implies 3 resources but 1 role(s) named,Root CA
Medium,Total FTE vs role-count mismatch,AIP on ACHE Build Years 2-4,38,Total FTE implies 3 resources but 1 role(s) named,Issuing CA
Medium,Total FTE vs role-count mismatch,AIP on ACHE Build Years 2-4,39,Total FTE implies 3 resources but 1 role(s) named,Vault Issuing CA
Medium,Total FTE vs role-count mismatch,AIP on ACHE Build Years 2-4,40,Total FTE implies 3 resources but 2 role(s) named,BPS Gateway
Medium,Total FTE vs role-count mismatch,AIP on ACHE Build Years 2-4,41,Total FTE implies 3 resources but 1 role(s) named,WSUS
Medium,Total FTE vs role-count mismatch,AIP on ACHE Build Years 2-4,42,Total FTE implies 3 resources but 1 role(s) named,Linux Repo
Medium,Total FTE vs role-count mismatch,AIP on ACHE Build Years 2-4,43,Total FTE implies 3 resources but 2 role(s) named,Monitoring Tooling
Medium,Total FTE vs role-count mismatch,AIP on ACHE Build Years 2-4,44,Total FTE implies 3 resources but 2 role(s) named,SIEM
Medium,Total FTE vs role-count mismatch,AIP on ACHE Build Years 2-4,46,Total FTE implies 3 resources but 2 role(s) named,Nexus Low
Medium,Total FTE vs role-count mismatch,AIP on ACHE Build Years 2-4,47,Total FTE implies 3 resources but 2 role(s) named,Nexus High
Medium,Total FTE vs role-count mismatch,AIP on ACHE Build Years 2-4,49,Total FTE implies 3 resources but 2 role(s) named,CDS Low Tenancy
Medium,Total FTE vs role-count mismatch,AIP on ACHE Build Years 2-4,50,Total FTE implies 3 resources but 2 role(s) named,CDS High Tenancy
Medium,Total FTE vs role-count mismatch,AIP on ACHE Build Years 2-4,51,Total FTE implies 3 resources but 2 role(s) named,Black Knight Low
Medium,Total FTE vs role-count mismatch,AIP on ACHE Build Years 2-4,52,Total FTE implies 3 resources but 2 role(s) named,Black Knight High
Medium,Total FTE vs role-count mismatch,AIP on ACHE Build Years 2-4,53,Total FTE implies 3 resources but 2 role(s) named,CMG
Medium,Total FTE vs role-count mismatch,AIP on ACHE Build Years 2-4,54,Total FTE implies 3 resources but 1 role(s) named,Project Management
Medium,Total FTE vs role-count mismatch,AIP on ACHE Build Years 2-4,55,Total FTE implies 4 resources but 3 role(s) named,Design Assurance
Medium,Total FTE vs role-count mismatch,AIP on ACHE Build Years 2-4,56,Total FTE implies 3 resources but 1 role(s) named,Security Assurance
Medium,Total FTE vs role-count mismatch,AIP on ACHE Build Years 2-4,57,Total FTE implies 3 resources but 2 role(s) named,QA & Testing
Medium,Total FTE vs role-count mismatch,AIP on ACHE Build Years 2-4,60,Total FTE implies 3 resources but 1 role(s) named,Active Directory
Medium,Total FTE vs role-count mismatch,AIP on ACHE Build Years 2-4,61,Total FTE implies 3 resources but 1 role(s) named,ADFS
Medium,Total FTE vs role-count mismatch,AIP on ACHE Build Years 2-4,62,Total FTE implies 3 resources but 1 role(s) named,Beyond Trust
Medium,Total FTE vs role-count mismatch,AIP on ACHE Build Years 2-4,63,Total FTE implies 3 resources but 1 role(s) named,Tenable
Medium,Total FTE vs role-count mismatch,AIP on ACHE Build Years 2-4,64,Total FTE implies 3 resources but 2 role(s) named,Elastic Stack
Medium,Total FTE vs role-count mismatch,AIP on ACHE Build Years 2-4,65,Total FTE implies 3 resources but 2 role(s) named,Vault
Medium,Total FTE vs role-count mismatch,AIP on ACHE Build Years 2-4,66,Total FTE implies 3 resources but 2 role(s) named,Keycloak
Medium,Total FTE vs role-count mismatch,AIP on ACHE Build Years 2-4,67,Total FTE implies 3 resources but 1 role(s) named,WAF
Medium,Total FTE vs role-count mismatch,AIP on ACHE Build Years 2-4,68,Total FTE implies 3 resources but 2 role(s) named,GitLab
Medium,Total FTE vs role-count mismatch,AIP on ACHE Build Years 2-4,69,Total FTE implies 3 resources but 1 role(s) named,Ansible Deployment Container
Medium,Total FTE vs role-count mismatch,AIP on ACHE Build Years 2-4,70,Total FTE implies 3 resources but 1 role(s) named,Kubernetes Deployment Boxes
Medium,Total FTE vs role-count mismatch,AIP on ACHE Build Years 2-4,71,Total FTE implies 3 resources but 1 role(s) named,PostgreSQL
Medium,Total FTE vs role-count mismatch,AIP on ACHE Build Years 2-4,72,Total FTE implies 3 resources but 1 role(s) named,Root CA
Medium,Total FTE vs role-count mismatch,AIP on ACHE Build Years 2-4,73,Total FTE implies 3 resources but 1 role(s) named,Issuing CA
Medium,Total FTE vs role-count mismatch,AIP on ACHE Build Years 2-4,74,Total FTE implies 3 resources but 1 role(s) named,Vault Issuing CA
Medium,Total FTE vs role-count mismatch,AIP on ACHE Build Years 2-4,75,Total FTE implies 3 resources but 2 role(s) named,BPS Gateway
Medium,Total FTE vs role-count mismatch,AIP on ACHE Build Years 2-4,76,Total FTE implies 3 resources but 1 role(s) named,WSUS
Medium,Total FTE vs role-count mismatch,AIP on ACHE Build Years 2-4,77,Total FTE implies 3 resources but 1 role(s) named,Linux Repo
Medium,Total FTE vs role-count mismatch,AIP on ACHE Build Years 2-4,78,Total FTE implies 3 resources but 2 role(s) named,Monitoring Tooling
Medium,Total FTE vs role-count mismatch,AIP on ACHE Build Years 2-4,79,Total FTE implies 3 resources but 2 role(s) named,SIEM
Medium,Total FTE vs role-count mismatch,AIP on ACHE Build Years 2-4,81,Total FTE implies 3 resources but 1 role(s) named,Active Directory
Medium,Total FTE vs role-count mismatch,AIP on ACHE Build Years 2-4,82,Total FTE implies 3 resources but 1 role(s) named,ADFS
Medium,Total FTE vs role-count mismatch,AIP on ACHE Build Years 2-4,83,Total FTE implies 3 resources but 1 role(s) named,Beyond Trust
Medium,Total FTE vs role-count mismatch,AIP on ACHE Build Years 2-4,84,Total FTE implies 3 resources but 1 role(s) named,Tenable
Medium,Total FTE vs role-count mismatch,AIP on ACHE Build Years 2-4,85,Total FTE implies 3 resources but 2 role(s) named,Elastic Stack
Medium,Total FTE vs role-count mismatch,AIP on ACHE Build Years 2-4,86,Total FTE implies 3 resources but 2 role(s) named,Vault
Medium,Total FTE vs role-count mismatch,AIP on ACHE Build Years 2-4,87,Total FTE implies 3 resources but 2 role(s) named,Keycloak
Medium,Total FTE vs role-count mismatch,AIP on ACHE Build Years 2-4,88,Total FTE implies 3 resources but 1 role(s) named,WAF
Medium,Total FTE vs role-count mismatch,AIP on ACHE Build Years 2-4,89,Total FTE implies 3 resources but 2 role(s) named,GitLab
Medium,Total FTE vs role-count mismatch,AIP on ACHE Build Years 2-4,90,Total FTE implies 3 resources but 1 role(s) named,Ansible Deployment Container
Medium,Total FTE vs role-count mismatch,AIP on ACHE Build Years 2-4,91,Total FTE implies 3 resources but 1 role(s) named,Kubernetes Deployment Boxes
Medium,Total FTE vs role-count mismatch,AIP on ACHE Build Years 2-4,92,Total FTE implies 3 resources but 1 role(s) named,PostgreSQL
Medium,Total FTE vs role-count mismatch,AIP on ACHE Build Years 2-4,93,Total FTE implies 3 resources but 1 role(s) named,Root CA
Medium,Total FTE vs role-count mismatch,AIP on ACHE Build Years 2-4,94,Total FTE implies 3 resources but 1 role(s) named,Issuing CA
Medium,Total FTE vs role-count mismatch,AIP on ACHE Build Years 2-4,95,Total FTE implies 3 resources but 1 role(s) named,Vault Issuing CA
Medium,Total FTE vs role-count mismatch,AIP on ACHE Build Years 2-4,96,Total FTE implies 3 resources but 2 role(s) named,BPS Gateway
Medium,Total FTE vs role-count mismatch,AIP on ACHE Build Years 2-4,97,Total FTE implies 3 resources but 1 role(s) named,WSUS
Medium,Total FTE vs role-count mismatch,AIP on ACHE Build Years 2-4,98,Total FTE implies 3 resources but 1 role(s) named,Linux Repo
Medium,Total FTE vs role-count mismatch,AIP on ACHE Build Years 2-4,99,Total FTE implies 3 resources but 2 role(s) named,Monitoring Tooling
Medium,Total FTE vs role-count mismatch,AIP on ACHE Build Years 2-4,100,Total FTE implies 3 resources but 2 role(s) named,SIEM
Medium,Total FTE vs role-count mismatch,AIP on ACHE Build Years 2-4,102,Total FTE implies 3 resources but 2 role(s) named,Nexus Low
Medium,Total FTE vs role-count mismatch,AIP on ACHE Build Years 2-4,103,Total FTE implies 3 resources but 2 role(s) named,Nexus High
Medium,Total FTE vs role-count mismatch,AIP on ACHE Build Years 2-4,105,Total FTE implies 3 resources but 2 role(s) named,CDS Low Tenancy
Medium,Total FTE vs role-count mismatch,AIP on ACHE Build Years 2-4,106,Total FTE implies 3 resources but 2 role(s) named,CDS High Tenancy
Medium,Total FTE vs role-count mismatch,AIP on ACHE Build Years 2-4,107,Total FTE implies 3 resources but 2 role(s) named,Black Knight Low
Medium,Total FTE vs role-count mismatch,AIP on ACHE Build Years 2-4,108,Total FTE implies 3 resources but 2 role(s) named,Black Knight High
Medium,Total FTE vs role-count mismatch,AIP on ACHE Build Years 2-4,109,Total FTE implies 3 resources but 2 role(s) named,CMG
Medium,Total FTE vs role-count mismatch,AIP on ACHE Build Years 2-4,110,Total FTE implies 3 resources but 1 role(s) named,Project Management
Medium,Total FTE vs role-count mismatch,AIP on ACHE Build Years 2-4,111,Total FTE implies 4 resources but 3 role(s) named,Design Assurance
Medium,Total FTE vs role-count mismatch,AIP on ACHE Build Years 2-4,112,Total FTE implies 3 resources but 1 role(s) named,Security Assurance
Medium,Total FTE vs role-count mismatch,AIP on ACHE Build Years 2-4,113,Total FTE implies 3 resources but 2 role(s) named,QA & Testing
Medium,Total FTE vs role-count mismatch,AIP on ACHE Build Years 2-4,116,Total FTE implies 3 resources but 1 role(s) named,Active Directory
Medium,Total FTE vs role-count mismatch,AIP on ACHE Build Years 2-4,117,Total FTE implies 3 resources but 1 role(s) named,ADFS
Medium,Total FTE vs role-count mismatch,AIP on ACHE Build Years 2-4,118,Total FTE implies 3 resources but 1 role(s) named,Beyond Trust
Medium,Total FTE vs role-count mismatch,AIP on ACHE Build Years 2-4,119,Total FTE implies 3 resources but 1 role(s) named,Tenable
Medium,Total FTE vs role-count mismatch,AIP on ACHE Build Years 2-4,120,Total FTE implies 3 resources but 2 role(s) named,Elastic Stack
Medium,Total FTE vs role-count mismatch,AIP on ACHE Build Years 2-4,121,Total FTE implies 3 resources but 2 role(s) named,Vault
Medium,Total FTE vs role-count mismatch,AIP on ACHE Build Years 2-4,122,Total FTE implies 3 resources but 2 role(s) named,Keycloak
Medium,Total FTE vs role-count mismatch,AIP on ACHE Build Years 2-4,123,Total FTE implies 3 resources but 1 role(s) named,WAF
Medium,Total FTE vs role-count mismatch,AIP on ACHE Build Years 2-4,124,Total FTE implies 3 resources but 2 role(s) named,GitLab
Medium,Total FTE vs role-count mismatch,AIP on ACHE Build Years 2-4,125,Total FTE implies 3 resources but 1 role(s) named,Ansible Deployment Container
Medium,Total FTE vs role-count mismatch,AIP on ACHE Build Years 2-4,126,Total FTE implies 3 resources but 1 role(s) named,Kubernetes Deployment Boxes
Medium,Total FTE vs role-count mismatch,AIP on ACHE Build Years 2-4,127,Total FTE implies 3 resources but 1 role(s) named,PostgreSQL
Medium,Total FTE vs role-count mismatch,AIP on ACHE Build Years 2-4,128,Total FTE implies 3 resources but 1 role(s) named,Root CA
Medium,Total FTE vs role-count mismatch,AIP on ACHE Build Years 2-4,129,Total FTE implies 3 resources but 1 role(s) named,Issuing CA
Medium,Total FTE vs role-count mismatch,AIP on ACHE Build Years 2-4,130,Total FTE implies 3 resources but 1 role(s) named,Vault Issuing CA
Medium,Total FTE vs role-count mismatch,AIP on ACHE Build Years 2-4,131,Total FTE implies 3 resources but 2 role(s) named,BPS Gateway
Medium,Total FTE vs role-count mismatch,AIP on ACHE Build Years 2-4,132,Total FTE implies 3 resources but 1 role(s) named,WSUS
Medium,Total FTE vs role-count mismatch,AIP on ACHE Build Years 2-4,133,Total FTE implies 3 resources but 1 role(s) named,Linux Repo
Medium,Total FTE vs role-count mismatch,AIP on ACHE Build Years 2-4,134,Total FTE implies 3 resources but 2 role(s) named,Monitoring Tooling
Medium,Total FTE vs role-count mismatch,AIP on ACHE Build Years 2-4,135,Total FTE implies 3 resources but 2 role(s) named,SIEM
Medium,Total FTE vs role-count mismatch,AIP on ACHE Build Years 2-4,137,Total FTE implies 3 resources but 1 role(s) named,Active Directory
Medium,Total FTE vs role-count mismatch,AIP on ACHE Build Years 2-4,138,Total FTE implies 3 resources but 1 role(s) named,ADFS
Medium,Total FTE vs role-count mismatch,AIP on ACHE Build Years 2-4,139,Total FTE implies 3 resources but 1 role(s) named,Beyond Trust
Medium,Total FTE vs role-count mismatch,AIP on ACHE Build Years 2-4,140,Total FTE implies 3 resources but 1 role(s) named,Tenable
Medium,Total FTE vs role-count mismatch,AIP on ACHE Build Years 2-4,141,Total FTE implies 3 resources but 2 role(s) named,Elastic Stack
Medium,Total FTE vs role-count mismatch,AIP on ACHE Build Years 2-4,142,Total FTE implies 3 resources but 2 role(s) named,Vault
Medium,Total FTE vs role-count mismatch,AIP on ACHE Build Years 2-4,143,Total FTE implies 3 resources but 2 role(s) named,Keycloak
Medium,Total FTE vs role-count mismatch,AIP on ACHE Build Years 2-4,144,Total FTE implies 3 resources but 1 role(s) named,WAF
Medium,Total FTE vs role-count mismatch,AIP on ACHE Build Years 2-4,145,Total FTE implies 3 resources but 2 role(s) named,GitLab
Medium,Total FTE vs role-count mismatch,AIP on ACHE Build Years 2-4,146,Total FTE implies 3 resources but 1 role(s) named,Ansible Deployment Container
Medium,Total FTE vs role-count mismatch,AIP on ACHE Build Years 2-4,147,Total FTE implies 3 resources but 1 role(s) named,Kubernetes Deployment Boxes
Medium,Total FTE vs role-count mismatch,AIP on ACHE Build Years 2-4,148,Total FTE implies 3 resources but 1 role(s) named,PostgreSQL
Medium,Total FTE vs role-count mismatch,AIP on ACHE Build Years 2-4,149,Total FTE implies 3 resources but 1 role(s) named,Root CA
Medium,Total FTE vs role-count mismatch,AIP on ACHE Build Years 2-4,150,Total FTE implies 3 resources but 1 role(s) named,Issuing CA
Medium,Total FTE vs role-count mismatch,AIP on ACHE Build Years 2-4,151,Total FTE implies 3 resources but 1 role(s) named,Vault Issuing CA
Medium,Total FTE vs role-count mismatch,AIP on ACHE Build Years 2-4,152,Total FTE implies 3 resources but 2 role(s) named,BPS Gateway
Medium,Total FTE vs role-count mismatch,AIP on ACHE Build Years 2-4,153,Total FTE implies 3 resources but 1 role(s) named,WSUS
Medium,Total FTE vs role-count mismatch,AIP on ACHE Build Years 2-4,154,Total FTE implies 3 resources but 1 role(s) named,Linux Repo
Medium,Total FTE vs role-count mismatch,AIP on ACHE Build Years 2-4,155,Total FTE implies 3 resources but 2 role(s) named,Monitoring Tooling
Medium,Total FTE vs role-count mismatch,AIP on ACHE Build Years 2-4,156,Total FTE implies 3 resources but 2 role(s) named,SIEM
Medium,Total FTE vs role-count mismatch,AIP on ACHE Build Years 2-4,158,Total FTE implies 3 resources but 2 role(s) named,Nexus Low
Medium,Total FTE vs role-count mismatch,AIP on ACHE Build Years 2-4,159,Total FTE implies 3 resources but 2 role(s) named,Nexus High
Medium,Total FTE vs role-count mismatch,AIP on ACHE Build Years 2-4,161,Total FTE implies 3 resources but 2 role(s) named,CDS Low Tenancy
Medium,Total FTE vs role-count mismatch,AIP on ACHE Build Years 2-4,162,Total FTE implies 3 resources but 2 role(s) named,CDS High Tenancy
Medium,Total FTE vs role-count mismatch,AIP on ACHE Build Years 2-4,163,Total FTE implies 3 resources but 2 role(s) named,Black Knight Low
Medium,Total FTE vs role-count mismatch,AIP on ACHE Build Years 2-4,164,Total FTE implies 3 resources but 2 role(s) named,Black Knight High
Medium,Total FTE vs role-count mismatch,AIP on ACHE Build Years 2-4,165,Total FTE implies 3 resources but 2 role(s) named,CMG
Medium,Total FTE vs role-count mismatch,AIP on ACHE Build Years 2-4,166,Total FTE implies 3 resources but 1 role(s) named,Project Management
Medium,Total FTE vs role-count mismatch,AIP on ACHE Build Years 2-4,167,Total FTE implies 4 resources but 3 role(s) named,Design Assurance
Medium,Total FTE vs role-count mismatch,AIP on ACHE Build Years 2-4,168,Total FTE implies 3 resources but 1 role(s) named,Security Assurance
Medium,Total FTE vs role-count mismatch,AIP on ACHE Build Years 2-4,169,Total FTE implies 3 resources but 2 role(s) named,QA & Testing
Medium,Total FTE vs role-count mismatch,AIP on ACHE Site 1 Years 4-5,108,Total FTE implies 5 resources but 1 role(s) named,Windows VMs
Medium,Total FTE vs role-count mismatch,AIP on ACHE Site 1 Years 4-5,109,Total FTE implies 5 resources but 2 role(s) named,Linux VMs
Medium,Total FTE vs role-count mismatch,AIP on ACHE Site 1 Years 4-5,128,Total FTE implies 5 resources but 1 role(s) named,Windows VMs
Medium,Total FTE vs role-count mismatch,AIP on ACHE Site 1 Years 4-5,129,Total FTE implies 5 resources but 2 role(s) named,Linux VMs
Medium,Total FTE vs role-count mismatch,AIP on ACHE Site 1 Years 4-5,369,Total FTE implies 5 resources but 1 role(s) named,Windows VMs
Medium,Total FTE vs role-count mismatch,AIP on ACHE Site 1 Years 4-5,370,Total FTE implies 5 resources but 2 role(s) named,Linux VMs
Medium,Total FTE vs role-count mismatch,AIP on ACHE Site 1 Years 4-5,389,Total FTE implies 5 resources but 1 role(s) named,Windows VMs
Medium,Total FTE vs role-count mismatch,AIP on ACHE Site 1 Years 4-5,390,Total FTE implies 5 resources but 2 role(s) named,Linux VMs
Medium,Total FTE vs role-count mismatch,AIP on ACHE Site 2 Years 2-5,108,Total FTE implies 5 resources but 1 role(s) named,Windows VMs
Medium,Total FTE vs role-count mismatch,AIP on ACHE Site 2 Years 2-5,109,Total FTE implies 5 resources but 2 role(s) named,Linux VMs
Medium,Total FTE vs role-count mismatch,AIP on ACHE Site 2 Years 2-5,128,Total FTE implies 5 resources but 1 role(s) named,Windows VMs
Medium,Total FTE vs role-count mismatch,AIP on ACHE Site 2 Years 2-5,129,Total FTE implies 5 resources but 2 role(s) named,Linux VMs
Medium,Total FTE vs role-count mismatch,AIP on ACHE Site 2 Years 2-5,369,Total FTE implies 5 resources but 1 role(s) named,Windows VMs
Medium,Total FTE vs role-count mismatch,AIP on ACHE Site 2 Years 2-5,370,Total FTE implies 5 resources but 2 role(s) named,Linux VMs
Medium,Total FTE vs role-count mismatch,AIP on ACHE Site 2 Years 2-5,389,Total FTE implies 5 resources but 1 role(s) named,Windows VMs
Medium,Total FTE vs role-count mismatch,AIP on ACHE Site 2 Years 2-5,390,Total FTE implies 5 resources but 2 role(s) named,Linux VMs
Medium,Total FTE vs role-count mismatch,AIP on ACHE Site 2 Years 2-5,630,Total FTE implies 5 resources but 1 role(s) named,Windows VMs
Medium,Total FTE vs role-count mismatch,AIP on ACHE Site 2 Years 2-5,631,Total FTE implies 5 resources but 2 role(s) named,Linux VMs
Medium,Total FTE vs role-count mismatch,AIP on ACHE Site 2 Years 2-5,650,Total FTE implies 5 resources but 1 role(s) named,Windows VMs
Medium,Total FTE vs role-count mismatch,AIP on ACHE Site 2 Years 2-5,651,Total FTE implies 5 resources but 2 role(s) named,Linux VMs
Medium,Total FTE vs role-count mismatch,AIP on ACHE Site 2 Years 2-5,891,Total FTE implies 5 resources but 1 role(s) named,Windows VMs
Medium,Total FTE vs role-count mismatch,AIP on ACHE Site 2 Years 2-5,892,Total FTE implies 5 resources but 2 role(s) named,Linux VMs
Medium,Total FTE vs role-count mismatch,AIP on ACHE Site 2 Years 2-5,911,Total FTE implies 5 resources but 1 role(s) named,Windows VMs
Medium,Total FTE vs role-count mismatch,AIP on ACHE Site 2 Years 2-5,912,Total FTE implies 5 resources but 2 role(s) named,Linux VMs
Medium,Total FTE vs role-count mismatch,AIP on ACHE Site 3 Years 3-5,108,Total FTE implies 5 resources but 1 role(s) named,Windows VMs
Medium,Total FTE vs role-count mismatch,AIP on ACHE Site 3 Years 3-5,109,Total FTE implies 5 resources but 2 role(s) named,Linux VMs
Medium,Total FTE vs role-count mismatch,AIP on ACHE Site 3 Years 3-5,128,Total FTE implies 5 resources but 1 role(s) named,Windows VMs
Medium,Total FTE vs role-count mismatch,AIP on ACHE Site 3 Years 3-5,129,Total FTE implies 5 resources but 2 role(s) named,Linux VMs
Medium,Total FTE vs role-count mismatch,AIP on ACHE Site 3 Years 3-5,369,Total FTE implies 5 resources but 1 role(s) named,Windows VMs
Medium,Total FTE vs role-count mismatch,AIP on ACHE Site 3 Years 3-5,370,Total FTE implies 5 resources but 2 role(s) named,Linux VMs
Medium,Total FTE vs role-count mismatch,AIP on ACHE Site 3 Years 3-5,389,Total FTE implies 5 resources but 1 role(s) named,Windows VMs
Medium,Total FTE vs role-count mismatch,AIP on ACHE Site 3 Years 3-5,390,Total FTE implies 5 resources but 2 role(s) named,Linux VMs
Medium,Total FTE vs role-count mismatch,AIP on ACHE Site 3 Years 3-5,630,Total FTE implies 5 resources but 1 role(s) named,Windows VMs
Medium,Total FTE vs role-count mismatch,AIP on ACHE Site 3 Years 3-5,631,Total FTE implies 5 resources but 2 role(s) named,Linux VMs
Medium,Total FTE vs role-count mismatch,AIP on ACHE Site 3 Years 3-5,650,Total FTE implies 5 resources but 1 role(s) named,Windows VMs
Medium,Total FTE vs role-count mismatch,AIP on ACHE Site 3 Years 3-5,651,Total FTE implies 5 resources but 2 role(s) named,Linux VMs
Medium,Total FTE vs role-count mismatch,BLACK KNIGHT Years 1-5,28,Total FTE implies 2 resources but 1 role(s) named,Configuration Management
Medium,Total FTE vs role-count mismatch,BLACK KNIGHT Years 1-5,29,Total FTE implies 2 resources but 1 role(s) named,Asset Management
Medium,Total FTE vs role-count mismatch,BLACK KNIGHT Years 1-5,57,Total FTE implies 2 resources but 1 role(s) named,Configuration Management
Medium,Total FTE vs role-count mismatch,BLACK KNIGHT Years 1-5,58,Total FTE implies 2 resources but 1 role(s) named,Asset Management
Medium,Total FTE vs role-count mismatch,BLACK KNIGHT Years 1-5,79,Total FTE implies 2 resources but 1 role(s) named,Configuration Management
Medium,Total FTE vs role-count mismatch,BLACK KNIGHT Years 1-5,80,Total FTE implies 2 resources but 1 role(s) named,Asset Management
Medium,Total FTE vs role-count mismatch,BLACK KNIGHT Years 1-5,108,Total FTE implies 2 resources but 1 role(s) named,Configuration Management
Medium,Total FTE vs role-count mismatch,BLACK KNIGHT Years 1-5,109,Total FTE implies 2 resources but 1 role(s) named,Asset Management
Medium,Total FTE vs role-count mismatch,BLACK KNIGHT Years 1-5,130,Total FTE implies 2 resources but 1 role(s) named,Configuration Management
Medium,Total FTE vs role-count mismatch,BLACK KNIGHT Years 1-5,131,Total FTE implies 2 resources but 1 role(s) named,Asset Management
Medium,Total FTE vs role-count mismatch,BLACK KNIGHT Years 1-5,159,Total FTE implies 2 resources but 1 role(s) named,Configuration Management
Medium,Total FTE vs role-count mismatch,BLACK KNIGHT Years 1-5,160,Total FTE implies 2 resources but 1 role(s) named,Asset Management
Medium,Total FTE vs role-count mismatch,BLACK KNIGHT Years 1-5,181,Total FTE implies 2 resources but 1 role(s) named,Configuration Management
Medium,Total FTE vs role-count mismatch,BLACK KNIGHT Years 1-5,182,Total FTE implies 2 resources but 1 role(s) named,Asset Management
Medium,Total FTE vs role-count mismatch,BLACK KNIGHT Years 1-5,203,Total FTE implies 2 resources but 1 role(s) named,Configuration Management
Medium,Total FTE vs role-count mismatch,BLACK KNIGHT Years 1-5,204,Total FTE implies 2 resources but 1 role(s) named,Asset Management
Medium,Total FTE vs role-count mismatch,BLACK KNIGHT Years 1-5,232,Total FTE implies 2 resources but 1 role(s) named,Configuration Management
Medium,Total FTE vs role-count mismatch,BLACK KNIGHT Years 1-5,233,Total FTE implies 2 resources but 1 role(s) named,Asset Management
Medium,Total FTE vs role-count mismatch,BLACK KNIGHT Years 1-5,254,Total FTE implies 2 resources but 1 role(s) named,Configuration Management
Medium,Total FTE vs role-count mismatch,BLACK KNIGHT Years 1-5,255,Total FTE implies 2 resources but 1 role(s) named,Asset Management
Medium,Total FTE vs role-count mismatch,DARKSTAR OCD Years 1-2,126,Total FTE implies 5 resources but 1 role(s) named,Windows VMs
Medium,Total FTE vs role-count mismatch,DARKSTAR OCD Years 1-2,127,Total FTE implies 5 resources but 2 role(s) named,Linux VMs
Medium,Total FTE vs role-count mismatch,DARKSTAR OCD Years 1-2,148,Total FTE implies 5 resources but 1 role(s) named,Windows VMs
Medium,Total FTE vs role-count mismatch,DARKSTAR OCD Years 1-2,149,Total FTE implies 5 resources but 2 role(s) named,Linux VMs
Medium,Total FTE vs role-count mismatch,DARKSTAR OCD Years 1-2,421,Total FTE implies 5 resources but 1 role(s) named,Windows VMs
Medium,Total FTE vs role-count mismatch,DARKSTAR OCD Years 1-2,422,Total FTE implies 5 resources but 2 role(s) named,Linux VMs
Medium,Total FTE vs role-count mismatch,DARKSTAR OCD Years 1-2,443,Total FTE implies 5 resources but 1 role(s) named,Windows VMs
Medium,Total FTE vs role-count mismatch,DARKSTAR OCD Years 1-2,444,Total FTE implies 5 resources but 2 role(s) named,Linux VMs
Medium,Total FTE vs role-count mismatch,DLZ Years 1-5,25,Total FTE implies 2 resources but 1 role(s) named,Configuration Management
Medium,Total FTE vs role-count mismatch,DLZ Years 1-5,26,Total FTE implies 2 resources but 1 role(s) named,Asset Management
Medium,Total FTE vs role-count mismatch,DLZ Years 1-5,38,Total FTE implies 2 resources but 1 role(s) named,Configuration Management
Medium,Total FTE vs role-count mismatch,DLZ Years 1-5,39,Total FTE implies 2 resources but 1 role(s) named,Asset Management
Medium,Total FTE vs role-count mismatch,DLZ Years 1-5,51,Total FTE implies 2 resources but 1 role(s) named,Configuration Management
Medium,Total FTE vs role-count mismatch,DLZ Years 1-5,52,Total FTE implies 2 resources but 1 role(s) named,Asset Management
Medium,Total FTE vs role-count mismatch,DLZ Years 1-5,64,Total FTE implies 2 resources but 1 role(s) named,Configuration Management
Medium,Total FTE vs role-count mismatch,DLZ Years 1-5,65,Total FTE implies 2 resources but 1 role(s) named,Asset Management
Medium,Total FTE vs role-count mismatch,Data Feeds Years 1-5,18,Total FTE implies 2 resources but 1 role(s) named,OSINT
Medium,Total FTE vs role-count mismatch,Data Feeds Years 1-5,35,Total FTE implies 2 resources but 1 role(s) named,OSINT
Medium,Total FTE vs role-count mismatch,Data Feeds Years 1-5,52,Total FTE implies 2 resources but 1 role(s) named,OSINT
Medium,Total FTE vs role-count mismatch,Data Feeds Years 1-5,69,Total FTE implies 2 resources but 1 role(s) named,OSINT
Medium,Total FTE vs role-count mismatch,Data Feeds Years 1-5,86,Total FTE implies 2 resources but 1 role(s) named,OSINT
Medium,Total FTE vs role-count mismatch,Governance Years 1-5,6,Total FTE implies 3 resources but 2 role(s) named,Policy Compliance
Medium,Total FTE vs role-count mismatch,Governance Years 1-5,7,Total FTE implies 4 resources but 3 role(s) named,RAIDO Escalation and Management
Medium,Total FTE vs role-count mismatch,Governance Years 1-5,47,Total FTE implies 3 resources but 2 role(s) named,AIP & Containerisation Compliance Report
Medium,Total FTE vs role-count mismatch,Governance Years 1-5,119,Total FTE implies 3 resources but 2 role(s) named,Policy Compliance
Medium,Total FTE vs role-count mismatch,Governance Years 1-5,120,Total FTE implies 4 resources but 3 role(s) named,RAIDO Escalation and Management
Medium,Total FTE vs role-count mismatch,Governance Years 1-5,199,Total FTE implies 3 resources but 2 role(s) named,Policy Compliance
Medium,Total FTE vs role-count mismatch,Governance Years 1-5,200,Total FTE implies 4 resources but 3 role(s) named,RAIDO Escalation and Management
Medium,Total FTE vs role-count mismatch,Governance Years 1-5,279,Total FTE implies 3 resources but 2 role(s) named,Policy Compliance
Medium,Total FTE vs role-count mismatch,Governance Years 1-5,280,Total FTE implies 4 resources but 3 role(s) named,RAIDO Escalation and Management
Medium,Total FTE vs role-count mismatch,Governance Years 1-5,359,Total FTE implies 3 resources but 2 role(s) named,Policy Compliance
Medium,Total FTE vs role-count mismatch,Governance Years 1-5,360,Total FTE implies 4 resources but 3 role(s) named,RAIDO Escalation and Management
Medium,Total FTE vs role-count mismatch,Local Site Years 1-2,4,Total FTE implies 3 resources but 1 role(s) named,Switch Maintenance
Medium,Total FTE vs role-count mismatch,Local Site Years 1-2,5,Total FTE implies 3 resources but 1 role(s) named,Firewall Maintenance
Medium,Total FTE vs role-count mismatch,Local Site Years 1-2,6,Total FTE implies 3 resources but 1 role(s) named,Black EUD Maintenance
Medium,Total FTE vs role-count mismatch,Local Site Years 1-2,7,Total FTE implies 3 resources but 1 role(s) named,Red EUD Maintenance
Medium,Total FTE vs role-count mismatch,Local Site Years 1-2,9,Total FTE implies 3 resources but 1 role(s) named,Switch Maintenance
Medium,Total FTE vs role-count mismatch,Local Site Years 1-2,10,Total FTE implies 3 resources but 1 role(s) named,Firewall Maintenance
Medium,Total FTE vs role-count mismatch,Local Site Years 1-2,11,Total FTE implies 3 resources but 1 role(s) named,Crypto Management
Medium,Total FTE vs role-count mismatch,Local Site Years 1-2,14,Total FTE implies 3 resources but 1 role(s) named,Switch Maintenance
Medium,Total FTE vs role-count mismatch,Local Site Years 1-2,15,Total FTE implies 3 resources but 1 role(s) named,Firewall Maintenance
Medium,Total FTE vs role-count mismatch,Local Site Years 1-2,16,Total FTE implies 3 resources but 1 role(s) named,Black EUD Maintenance
Medium,Total FTE vs role-count mismatch,Local Site Years 1-2,17,Total FTE implies 3 resources but 1 role(s) named,Red EUD Maintenance
Medium,Total FTE vs role-count mismatch,Local Site Years 1-2,19,Total FTE implies 3 resources but 1 role(s) named,Switch Maintenance
Medium,Total FTE vs role-count mismatch,Local Site Years 1-2,20,Total FTE implies 3 resources but 1 role(s) named,Firewall Maintenance
Medium,Total FTE vs role-count mismatch,Local Site Years 1-2,21,Total FTE implies 3 resources but 1 role(s) named,Crypto Management
Medium,Total FTE vs role-count mismatch,NEXUS Years 1-5,22,Total FTE implies 2 resources but 1 role(s) named,Configuration Management
Medium,Total FTE vs role-count mismatch,NEXUS Years 1-5,23,Total FTE implies 2 resources but 1 role(s) named,Asset Management
Medium,Total FTE vs role-count mismatch,NEXUS Years 1-5,45,Total FTE implies 2 resources but 1 role(s) named,Configuration Management
Medium,Total FTE vs role-count mismatch,NEXUS Years 1-5,46,Total FTE implies 2 resources but 1 role(s) named,Asset Management
Medium,Total FTE vs role-count mismatch,NEXUS Years 1-5,61,Total FTE implies 2 resources but 1 role(s) named,Configuration Management
Medium,Total FTE vs role-count mismatch,NEXUS Years 1-5,62,Total FTE implies 2 resources but 1 role(s) named,Asset Management
Medium,Total FTE vs role-count mismatch,NEXUS Years 1-5,84,Total FTE implies 2 resources but 1 role(s) named,Configuration Management
Medium,Total FTE vs role-count mismatch,NEXUS Years 1-5,85,Total FTE implies 2 resources but 1 role(s) named,Asset Management
Medium,Total FTE vs role-count mismatch,NEXUS Years 1-5,100,Total FTE implies 2 resources but 1 role(s) named,Configuration Management
Medium,Total FTE vs role-count mismatch,NEXUS Years 1-5,101,Total FTE implies 2 resources but 1 role(s) named,Asset Management
Medium,Total FTE vs role-count mismatch,NEXUS Years 1-5,123,Total FTE implies 2 resources but 1 role(s) named,Configuration Management
Medium,Total FTE vs role-count mismatch,NEXUS Years 1-5,124,Total FTE implies 2 resources but 1 role(s) named,Asset Management
Medium,Total FTE vs role-count mismatch,NEXUS Years 1-5,139,Total FTE implies 2 resources but 1 role(s) named,Configuration Management
Medium,Total FTE vs role-count mismatch,NEXUS Years 1-5,140,Total FTE implies 2 resources but 1 role(s) named,Asset Management
Medium,Total FTE vs role-count mismatch,NEXUS Years 1-5,155,Total FTE implies 2 resources but 1 role(s) named,Configuration Management
Medium,Total FTE vs role-count mismatch,NEXUS Years 1-5,156,Total FTE implies 2 resources but 1 role(s) named,Asset Management
Medium,Total FTE vs role-count mismatch,NEXUS Years 1-5,178,Total FTE implies 2 resources but 1 role(s) named,Configuration Management
Medium,Total FTE vs role-count mismatch,NEXUS Years 1-5,179,Total FTE implies 2 resources but 1 role(s) named,Asset Management
Medium,Total FTE vs role-count mismatch,NEXUS Years 1-5,194,Total FTE implies 2 resources but 1 role(s) named,Configuration Management
Medium,Total FTE vs role-count mismatch,NEXUS Years 1-5,195,Total FTE implies 2 resources but 1 role(s) named,Asset Management
Medium,Total FTE vs role-count mismatch,NEXUS Years 1-5,210,Total FTE implies 2 resources but 1 role(s) named,Configuration Management
Medium,Total FTE vs role-count mismatch,NEXUS Years 1-5,211,Total FTE implies 2 resources but 1 role(s) named,Asset Management
Medium,Total FTE vs role-count mismatch,STRATA Years 1-5,11,Total FTE implies 2 resources but 1 role(s) named,Configuration Management
Medium,Total FTE vs role-count mismatch,STRATA Years 1-5,12,Total FTE implies 2 resources but 1 role(s) named,Asset Management
Medium,Total FTE vs role-count mismatch,STRATA Years 1-5,22,Total FTE implies 2 resources but 1 role(s) named,Configuration Management
Medium,Total FTE vs role-count mismatch,STRATA Years 1-5,23,Total FTE implies 2 resources but 1 role(s) named,Asset Management
Medium,Total FTE vs role-count mismatch,STRATA Years 1-5,33,Total FTE implies 2 resources but 1 role(s) named,Configuration Management
Medium,Total FTE vs role-count mismatch,STRATA Years 1-5,34,Total FTE implies 2 resources but 1 role(s) named,Asset Management
Medium,Total FTE vs role-count mismatch,STRATA Years 1-5,44,Total FTE implies 2 resources but 1 role(s) named,Configuration Management
Medium,Total FTE vs role-count mismatch,STRATA Years 1-5,45,Total FTE implies 2 resources but 1 role(s) named,Asset Management
Medium,Total FTE vs role-count mismatch,STRATA Years 1-5,55,Total FTE implies 2 resources but 1 role(s) named,Configuration Management
Medium,Total FTE vs role-count mismatch,STRATA Years 1-5,56,Total FTE implies 2 resources but 1 role(s) named,Asset Management
Medium,Total FTE vs role-count mismatch,Service Management Years 1-5,25,Total FTE implies 5 resources but 2 role(s) named,Data Reporting
Medium,Total FTE vs role-count mismatch,Service Management Years 1-5,114,Total FTE implies 5 resources but 2 role(s) named,Data Reporting
Medium,Total FTE vs role-count mismatch,Service Management Years 1-5,203,Total FTE implies 5 resources but 2 role(s) named,Data Reporting
Medium,Total FTE vs role-count mismatch,Service Management Years 1-5,293,Total FTE implies 5 resources but 2 role(s) named,Data Reporting
Medium,Total FTE vs role-count mismatch,Service Management Years 1-5,383,Total FTE implies 5 resources but 2 role(s) named,Data Reporting
Medium,Total FTE vs role-count mismatch,T&R on ACHE Site 2 Years 2-5,108,Total FTE implies 5 resources but 1 role(s) named,Windows VMs
Medium,Total FTE vs role-count mismatch,T&R on ACHE Site 2 Years 2-5,109,Total FTE implies 5 resources but 2 role(s) named,Linux VMs
Medium,Total FTE vs role-count mismatch,T&R on ACHE Site 2 Years 2-5,128,Total FTE implies 5 resources but 1 role(s) named,Windows VMs
Medium,Total FTE vs role-count mismatch,T&R on ACHE Site 2 Years 2-5,129,Total FTE implies 5 resources but 2 role(s) named,Linux VMs
Medium,Total FTE vs role-count mismatch,T&R on ACHE Site 2 Years 2-5,369,Total FTE implies 5 resources but 1 role(s) named,Windows VMs
Medium,Total FTE vs role-count mismatch,T&R on ACHE Site 2 Years 2-5,370,Total FTE implies 5 resources but 2 role(s) named,Linux VMs
Medium,Total FTE vs role-count mismatch,T&R on ACHE Site 2 Years 2-5,389,Total FTE implies 5 resources but 1 role(s) named,Windows VMs
Medium,Total FTE vs role-count mismatch,T&R on ACHE Site 2 Years 2-5,390,Total FTE implies 5 resources but 2 role(s) named,Linux VMs
Medium,Total FTE vs role-count mismatch,T&R on ACHE Site 2 Years 2-5,630,Total FTE implies 5 resources but 1 role(s) named,Windows VMs
Medium,Total FTE vs role-count mismatch,T&R on ACHE Site 2 Years 2-5,631,Total FTE implies 5 resources but 2 role(s) named,Linux VMs
Medium,Total FTE vs role-count mismatch,T&R on ACHE Site 2 Years 2-5,650,Total FTE implies 5 resources but 1 role(s) named,Windows VMs
Medium,Total FTE vs role-count mismatch,T&R on ACHE Site 2 Years 2-5,651,Total FTE implies 5 resources but 2 role(s) named,Linux VMs
Medium,Total FTE vs role-count mismatch,T&R on ACHE Site 2 Years 2-5,891,Total FTE implies 5 resources but 1 role(s) named,Windows VMs
Medium,Total FTE vs role-count mismatch,T&R on ACHE Site 2 Years 2-5,892,Total FTE implies 5 resources but 2 role(s) named,Linux VMs
Medium,Total FTE vs role-count mismatch,T&R on ACHE Site 2 Years 2-5,911,Total FTE implies 5 resources but 1 role(s) named,Windows VMs
Medium,Total FTE vs role-count mismatch,T&R on ACHE Site 2 Years 2-5,912,Total FTE implies 5 resources but 2 role(s) named,Linux VMs
Low,Exact duplicate row,Security Years 1-5,81,Identical to row 61 (task 'ITHC - AIP on Site 2'),"rows [61, 81]"
Low,Exact duplicate row,Security Years 1-5,82,Identical to row 62 (task 'ITHC - AIP on Site 3'),"rows [62, 82]"
Low,Exact duplicate row,Security Years 1-5,83,Identical to row 63 (task 'ITHC - AIP on Site 1'),"rows [63, 83]"
Low,Missing Contract Year,AIP on ACHE Site 1 Years 4-5,228,Leaf row has no Contract Year,Active Directory
Low,Missing Contract Year,Service Management Years 1-5,24,Leaf row has no Contract Year,Data Feeds
Low,Missing Contract Year,Service Management Years 1-5,52,Leaf row has no Contract Year,Problem Reporting
Low,Missing Contract Year,Service Management Years 1-5,140,Leaf row has no Contract Year,Problem Analysis & Prioritisation
Low,SFIA level inconsistency,Roles & SFIA,0,"Role 'Software Dev' appears at multiple SFIA levels: ['SFIA 3', 'SFIA 4', 'SFIA 5']",
Low,SFIA level inconsistency,Roles & SFIA,0,"Role 'QA Engineer' appears at multiple SFIA levels: ['SFIA 4', 'SFIA 6']",
Low,SFIA level inconsistency,Roles & SFIA,0,"Role 'Platform Engineer' appears at multiple SFIA levels: ['SFIA 3', 'SFIA 4', 'SFIA 5', 'SFIA 6']",
Low,SFIA level inconsistency,Roles & SFIA,0,"Role 'Software Engineer' appears at multiple SFIA levels: ['SFIA 3', 'SFIA 4', 'SFIA 5']",
Low,SFIA level inconsistency,Roles & SFIA,0,"Role 'Infrastructure Engineer' appears at multiple SFIA levels: ['SFIA 3', 'SFIA 4', 'SFIA 5']",
Low,SFIA level inconsistency,Roles & SFIA,0,"Role 'Service Desk Analyst' appears at multiple SFIA levels: ['SFIA 2', 'SFIA 3', 'SFIA 4']",
Low,SFIA level inconsistency,Roles & SFIA,0,"Role 'Security Engineer' appears at multiple SFIA levels: ['SFIA 3', 'SFIA 4', 'SFIA 5']",
Low,SFIA level inconsistency,Roles & SFIA,0,"Role 'Project Lead' appears at multiple SFIA levels: ['SFIA 4', 'SFIA 5']",
Low,SFIA level inconsistency,Roles & SFIA,0,"Role 'Security Architect' appears at multiple SFIA levels: ['SFIA 4', 'SFIA 5', 'SFIA 6']",
Low,SFIA level inconsistency,Roles & SFIA,0,"Role 'Service Management Controller' appears at multiple SFIA levels: ['SFIA 2', 'SFIA 3']",
Low,SFIA level inconsistency,Roles & SFIA,0,"Role 'SDM' appears at multiple SFIA levels: ['SFIA 4', 'SFIA 5']",
Low,SFIA level inconsistency,Roles & SFIA,0,"Role 'Quality Mgmt' appears at multiple SFIA levels: ['SFIA 5', 'SFIA 6']",
Low,SFIA level inconsistency,Roles & SFIA,0,"Role 'NOC Engineer' appears at multiple SFIA levels: ['SFIA 1', 'SFIA 2', 'SFIA 3']",
Low,SFIA level inconsistency,Roles & SFIA,0,"Role 'Finance Mgmt' appears at multiple SFIA levels: ['SFIA 2', 'SFIA 5']",
